,DateTime,Hourly Demand Met (in MW),dynamic_price
0,2020-01-01 00:00:00,4338.24,9.545069222666594
1,2020-01-01 01:00:00,4105.58,9.349793737856132
2,2020-01-01 02:00:00,4055.95,9.308138436940018
3,2020-01-01 03:00:00,4224.37,9.449496199992446
4,2020-01-01 04:00:00,4525.93,9.702600623612504
5,2020-01-01 05:00:00,5014.02,10.112262840500401
6,2020-01-01 06:00:00,5819.99,10.788727133858465
7,2020-01-01 07:00:00,5511.95,10.530183936312628
8,2020-01-01 08:00:00,5820.17,10.78887821091196
9,2020-01-01 09:00:00,6262.7,11.160301146926631
10,2020-01-01 10:00:00,6362.93,11.2444258862138
11,2020-01-01 11:00:00,6267.25,11.16412003911217
12,2020-01-01 12:00:00,6031.08,10.96589855175858
13,2020-01-01 13:00:00,5525.07,10.541195774878403
14,2020-01-01 14:00:00,5490.25,10.511970758196979
15,2020-01-01 15:00:00,5612.34,10.614442966314014
16,2020-01-01 16:00:00,5643.75,10.640805912148693
17,2020-01-01 17:00:00,5380.03,10.419461242440901
18,2020-01-01 18:00:00,6445.43,11.313669535731822
19,2020-01-01 19:00:00,6044.58,10.97722933077062
20,2020-01-01 20:00:00,5486.13,10.508512772305897
21,2020-01-01 21:00:00,4849.91,9.974522533562187
22,2020-01-01 22:00:00,4612.46,9.77522672049486
23,2020-01-01 23:00:00,4443.9,9.633751453067493
24,2020-01-02 00:00:00,4068.84,9.318957232604106
25,2020-01-02 01:00:00,3826.74,9.115758595654857
26,2020-01-02 02:00:00,3802.21,9.095170150531498
27,2020-01-02 03:00:00,3945.0,9.215016219800326
28,2020-01-02 04:00:00,4378.49,9.57885173046175
29,2020-01-02 05:00:00,5033.93,10.12897364125075
30,2020-01-02 06:00:00,5755.29,10.734423326297058
31,2020-01-02 07:00:00,5366.97,10.408499762892959
32,2020-01-02 08:00:00,5814.9,10.784455010512445
33,2020-01-02 09:00:00,6496.93,11.356894359370344
34,2020-01-02 10:00:00,6455.81,11.322381645816634
35,2020-01-02 11:00:00,6152.31,11.067648947286699
36,2020-01-02 12:00:00,5764.47,10.742128256025246
37,2020-01-02 13:00:00,5385.42,10.423985160876079
38,2020-01-02 14:00:00,5140.03,10.218025171115746
39,2020-01-02 15:00:00,5159.87,10.234677219678625
40,2020-01-02 16:00:00,5314.4,10.36437687010311
41,2020-01-02 17:00:00,5697.11,10.685591865339987
42,2020-01-02 18:00:00,6619.5,11.45976943963003
43,2020-01-02 19:00:00,6437.55,11.307055718056645
44,2020-01-02 20:00:00,5753.24,10.732702726521158
45,2020-01-02 21:00:00,5179.77,10.251379627259336
46,2020-01-02 22:00:00,5057.81,10.149016530347604
47,2020-01-02 23:00:00,4727.96,9.872167829820093
48,2020-01-03 00:00:00,4404.12,9.600363424245348
49,2020-01-03 01:00:00,4197.79,9.427187155093185
50,2020-01-03 02:00:00,4152.93,9.389535396094658
51,2020-01-03 03:00:00,4276.38,9.493149075282535
52,2020-01-03 04:00:00,4694.52,9.844101070548788
53,2020-01-03 05:00:00,5365.36,10.407148462581151
54,2020-01-03 06:00:00,6305.18,11.195955331551183
55,2020-01-03 07:00:00,5972.93,10.917092270310421
56,2020-01-03 08:00:00,6296.73,11.18886310320661
57,2020-01-03 09:00:00,6840.54,11.645292061320497
58,2020-01-03 10:00:00,6759.74,11.57747525064103
59,2020-01-03 11:00:00,6405.75,11.280365438606061
60,2020-01-03 12:00:00,5699.42,10.687530687526491
61,2020-01-03 13:00:00,5474.79,10.498994917935784
62,2020-01-03 14:00:00,5308.93,10.359785806310825
63,2020-01-03 15:00:00,5264.56,10.322545312624587
64,2020-01-03 16:00:00,5693.91,10.682906051055651
65,2020-01-03 17:00:00,5633.86,10.632505067376169
66,2020-01-03 18:00:00,6650.83,11.4860652401076
67,2020-01-03 19:00:00,6416.5,11.289388095967501
68,2020-01-03 20:00:00,5729.53,10.71280252130816
69,2020-01-03 21:00:00,5082.42,10.16967212082807
70,2020-01-03 22:00:00,4915.48,10.029556546882148
71,2020-01-03 23:00:00,4729.7,9.8736282413372
72,2020-01-04 00:00:00,4332.35,9.54012564574949
73,2020-01-04 01:00:00,4068.7,9.318839728229166
74,2020-01-04 02:00:00,4084.02,9.331698064115423
75,2020-01-04 03:00:00,4322.66,9.531992664369735
76,2020-01-04 04:00:00,4709.78,9.856909047417211
77,2020-01-04 05:00:00,5523.41,10.539802508718404
78,2020-01-04 06:00:00,6407.05,11.281456550659072
79,2020-01-04 07:00:00,6202.33,11.109631581818716
80,2020-01-04 08:00:00,6307.5,11.197902546907326
81,2020-01-04 09:00:00,6794.0,11.606230249822694
82,2020-01-04 10:00:00,6689.0,11.518101968617938
83,2020-01-04 11:00:00,6117.77,11.038658939355154
84,2020-01-04 12:00:00,5726.38,10.710158672872016
85,2020-01-04 13:00:00,5242.39,10.303937655535925
86,2020-01-04 14:00:00,5287.78,10.342034252525295
87,2020-01-04 15:00:00,5310.53,10.361128713452992
88,2020-01-04 16:00:00,5518.86,10.535983616532866
89,2020-01-04 17:00:00,5910.46,10.864660139578412
90,2020-01-04 18:00:00,6622.44,11.462237031503761
91,2020-01-04 19:00:00,6332.59,11.218961009530444
92,2020-01-04 20:00:00,5646.33,10.642971349915438
93,2020-01-04 21:00:00,5121.65,10.202598525320095
94,2020-01-04 22:00:00,4781.36,9.916987355689939
95,2020-01-04 23:00:00,4798.62,9.931473966486074
96,2020-01-05 00:00:00,4421.83,9.615227727675219
97,2020-01-05 01:00:00,4174.7,9.407807326397776
98,2020-01-05 02:00:00,4147.9,9.385313631766468
99,2020-01-05 03:00:00,4339.74,9.546328198112375
100,2020-01-05 04:00:00,4727.56,9.871832103034551
101,2020-01-05 05:00:00,5479.77,10.503174716415781
102,2020-01-05 06:00:00,6291.07,11.184112569191193
103,2020-01-05 07:00:00,5895.91,10.852448077754323
104,2020-01-05 08:00:00,5893.83,10.850702298469505
105,2020-01-05 09:00:00,6121.11,11.041462258014427
106,2020-01-05 10:00:00,6075.69,11.003340481516142
107,2020-01-05 11:00:00,5577.43,10.585142411105842
108,2020-01-05 12:00:00,5101.24,10.185468066087818
109,2020-01-05 13:00:00,4801.97,9.934285678314987
110,2020-01-05 14:00:00,4494.83,9.67649786603662
111,2020-01-05 15:00:00,4427.78,9.620221663610154
112,2020-01-05 16:00:00,4822.53,9.951542035091842
113,2020-01-05 17:00:00,5130.51,10.210034873619849
114,2020-01-05 18:00:00,5826.47,10.794165907784246
115,2020-01-05 19:00:00,5593.98,10.59903310685764
116,2020-01-05 20:00:00,5043.97,10.137400383567853
117,2020-01-05 21:00:00,4453.79,9.642052297840017
118,2020-01-05 22:00:00,4291.61,9.505931872642044
119,2020-01-05 23:00:00,4144.89,9.382787287705266
120,2020-01-06 00:00:00,3877.8,9.158614119829283
121,2020-01-06 01:00:00,3718.54,9.024944500165764
122,2020-01-06 02:00:00,3706.73,9.015032166822639
123,2020-01-06 03:00:00,3943.31,9.213597774131411
124,2020-01-06 04:00:00,4396.44,9.593917469962944
125,2020-01-06 05:00:00,5053.74,10.145600510304714
126,2020-01-06 06:00:00,5974.0,10.917990339461745
127,2020-01-06 07:00:00,5760.05,10.738418475045009
128,2020-01-06 08:00:00,6019.72,10.956363911049188
129,2020-01-06 09:00:00,6319.62,11.208075068509247
130,2020-01-06 10:00:00,6312.67,11.202241815610456
131,2020-01-06 11:00:00,5964.53,10.910042007814042
132,2020-01-06 12:00:00,5640.32,10.63792705496267
133,2020-01-06 13:00:00,5572.26,10.580803142402713
134,2020-01-06 14:00:00,5296.6,10.349437028146495
135,2020-01-06 15:00:00,5067.75,10.15735934096832
136,2020-01-06 16:00:00,5242.98,10.304432852544599
137,2020-01-06 17:00:00,5637.93,10.635921087419058
138,2020-01-06 18:00:00,6551.72,11.40288053581995
139,2020-01-06 19:00:00,6128.04,11.047278724573943
140,2020-01-06 20:00:00,5444.35,10.473446109556043
141,2020-01-06 21:00:00,4890.35,10.008464511580476
142,2020-01-06 22:00:00,4577.22,9.745649190688617
143,2020-01-06 23:00:00,4424.26,9.617267267897386
144,2020-01-07 00:00:00,4042.36,9.29673211940123
145,2020-01-07 01:00:00,3836.38,9.123849611186417
146,2020-01-07 02:00:00,3742.05,9.044676841985993
147,2020-01-07 03:00:00,3936.4,9.207798093911176
148,2020-01-07 04:00:00,4369.17,9.571029296358624
149,2020-01-07 05:00:00,5183.81,10.25477046779331
150,2020-01-07 06:00:00,5854.38,10.817591244245433
151,2020-01-07 07:00:00,5665.51,10.659069449282175
152,2020-01-07 08:00:00,5643.52,10.640612869247008
153,2020-01-07 09:00:00,5973.96,10.917956766783192
154,2020-01-07 10:00:00,5963.66,10.909311802055488
155,2020-01-07 11:00:00,5768.89,10.745838037005486
156,2020-01-07 12:00:00,5723.31,10.707581969792983
157,2020-01-07 13:00:00,5538.86,10.55276995580996
158,2020-01-07 14:00:00,5372.94,10.413510485167171
159,2020-01-07 15:00:00,5008.8,10.107881605949078
160,2020-01-07 16:00:00,5085.45,10.17221525122855
161,2020-01-07 17:00:00,5455.15,10.482510732765675
162,2020-01-07 18:00:00,6525.36,11.380756140652736
163,2020-01-07 19:00:00,6294.71,11.187167682939624
164,2020-01-07 20:00:00,5580.73,10.587912157086564
165,2020-01-07 21:00:00,4859.45,9.982529617397361
166,2020-01-07 22:00:00,4616.27,9.77842451812715
167,2020-01-07 23:00:00,4269.54,9.487408147249768
168,2020-01-08 00:00:00,3887.11,9.166428160762772
169,2020-01-08 01:00:00,3577.84,8.906852603351393
170,2020-01-08 02:00:00,3554.87,8.887573492691647
171,2020-01-08 03:00:00,3741.26,9.044013781584546
172,2020-01-08 04:00:00,4042.33,9.296706939892315
173,2020-01-08 05:00:00,4742.23,9.8841448828943
174,2020-01-08 06:00:00,5355.11,10.39854546370164
175,2020-01-08 07:00:00,5045.55,10.138726504370743
176,2020-01-08 08:00:00,5286.31,10.340800456588429
177,2020-01-08 09:00:00,5372.32,10.41299010864958
178,2020-01-08 10:00:00,5475.76,10.499809055390724
179,2020-01-08 11:00:00,5554.38,10.56579615508899
180,2020-01-08 12:00:00,5491.23,10.512793288821557
181,2020-01-08 13:00:00,5585.59,10.591991237530898
182,2020-01-08 14:00:00,5420.75,10.45363822920907
183,2020-01-08 15:00:00,4915.68,10.029724410274918
184,2020-01-08 16:00:00,5090.35,10.176327904351439
185,2020-01-08 17:00:00,5427.29,10.45912736215268
186,2020-01-08 18:00:00,6515.18,11.372211893960696
187,2020-01-08 19:00:00,6216.87,11.121835250473165
188,2020-01-08 20:00:00,5577.22,10.584966154543434
189,2020-01-08 21:00:00,4977.96,10.081997070783796
190,2020-01-08 22:00:00,4594.92,9.760505100948848
191,2020-01-08 23:00:00,4312.76,9.523683426427574
192,2020-01-09 00:00:00,3958.93,9.226707905106824
193,2020-01-09 01:00:00,3732.7,9.03682922837395
194,2020-01-09 02:00:00,3710.65,9.01832228932095
195,2020-01-09 03:00:00,3905.69,9.182022669951195
196,2020-01-09 04:00:00,4333.38,9.54099014222226
197,2020-01-09 05:00:00,5119.47,10.200768814338891
198,2020-01-09 06:00:00,5789.23,10.762909744050292
199,2020-01-09 07:00:00,5400.54,10.436675633369564
200,2020-01-09 08:00:00,5602.99,10.606595352701971
201,2020-01-09 09:00:00,6060.3,10.990423393442416
202,2020-01-09 10:00:00,6075.31,11.003021541069877
203,2020-01-09 11:00:00,5792.66,10.765788601236313
204,2020-01-09 12:00:00,5902.85,10.858272937483477
205,2020-01-09 13:00:00,5593.26,10.598428798643663
206,2020-01-09 14:00:00,5342.17,10.387684702189357
207,2020-01-09 15:00:00,5092.26,10.177930999752402
208,2020-01-09 16:00:00,5254.43,10.314043031780738
209,2020-01-09 17:00:00,5518.94,10.536050761889975
210,2020-01-09 18:00:00,6548.17,11.399900960598266
211,2020-01-09 19:00:00,6602.8,11.445752846333654
212,2020-01-09 20:00:00,5920.7,10.873254745288284
213,2020-01-09 21:00:00,5307.36,10.358468078677571
214,2020-01-09 22:00:00,4916.08,10.03006013706046
215,2020-01-09 23:00:00,4597.58,9.762737684072702
216,2020-01-10 00:00:00,4222.88,9.448245617716303
217,2020-01-10 01:00:00,3978.74,9.243334774160788
218,2020-01-10 02:00:00,3956.05,9.224290672250923
219,2020-01-10 03:00:00,4144.62,9.382560672125024
220,2020-01-10 04:00:00,4545.37,9.718916945389841
221,2020-01-10 05:00:00,5420.46,10.453394827289552
222,2020-01-10 06:00:00,6171.21,11.083512037903553
223,2020-01-10 07:00:00,5799.2,10.771277734179925
224,2020-01-10 08:00:00,5709.17,10.695714027924076
225,2020-01-10 09:00:00,6349.5,11.23315385938923
226,2020-01-10 10:00:00,6339.11,11.224433356134778
227,2020-01-10 11:00:00,6058.11,10.988585289291574
228,2020-01-10 12:00:00,6053.89,10.985043371704108
229,2020-01-10 13:00:00,5710.32,10.69667924243251
230,2020-01-10 14:00:00,5333.27,10.38021478121105
231,2020-01-10 15:00:00,4965.11,10.071211847798262
232,2020-01-10 16:00:00,5071.68,10.16065785663627
233,2020-01-10 17:00:00,5522.88,10.539357670727561
234,2020-01-10 18:00:00,6700.25,11.527544284461305
235,2020-01-10 19:00:00,6591.95,11.436646257275829
236,2020-01-10 20:00:00,5904.75,10.8598676397148
237,2020-01-10 21:00:00,5249.55,10.309947164997126
238,2020-01-10 22:00:00,4919.65,10.033056498621422
239,2020-01-10 23:00:00,4679.97,9.8318890087247
240,2020-01-11 00:00:00,4322.95,9.532236066289254
241,2020-01-11 01:00:00,4061.12,9.312477705643147
242,2020-01-11 02:00:00,4075.05,9.324169390949645
243,2020-01-11 03:00:00,4287.32,9.502331202867106
244,2020-01-11 04:00:00,4670.13,9.823630129800367
245,2020-01-11 05:00:00,5465.65,10.491323560886151
246,2020-01-11 06:00:00,6200.71,11.10827188833727
247,2020-01-11 07:00:00,5764.05,10.741775742900428
248,2020-01-11 08:00:00,6143.65,11.060380462379715
249,2020-01-11 09:00:00,6302.62,11.193806680123714
250,2020-01-11 10:00:00,6238.0,11.139570017919418
251,2020-01-11 11:00:00,6073.53,11.001527556874215
252,2020-01-11 12:00:00,5846.91,10.811321546525438
253,2020-01-11 13:00:00,5549.19,10.561440100046582
254,2020-01-11 14:00:00,5090.79,10.176697203815536
255,2020-01-11 15:00:00,5135.17,10.213946090671412
256,2020-01-11 16:00:00,5174.25,10.246746597618857
257,2020-01-11 17:00:00,5395.61,10.432537800737759
258,2020-01-11 18:00:00,6453.76,11.320661046040733
259,2020-01-11 19:00:00,6307.96,11.1982886327107
260,2020-01-11 20:00:00,5587.66,10.593728623646076
261,2020-01-11 21:00:00,5037.16,10.131684635044001
262,2020-01-11 22:00:00,4809.26,9.94040429898149
263,2020-01-11 23:00:00,4587.22,9.754042360327166
264,2020-01-12 00:00:00,4225.94,9.450813927625697
265,2020-01-12 01:00:00,3982.54,9.246524178623435
266,2020-01-12 02:00:00,3968.23,9.234513552870673
267,2020-01-12 03:00:00,4196.28,9.425919786477763
268,2020-01-12 04:00:00,4536.9,9.71180793070599
269,2020-01-12 05:00:00,5269.42,10.32662439306892
270,2020-01-12 06:00:00,5765.3,10.742824889105247
271,2020-01-12 07:00:00,5325.81,10.373953476660693
272,2020-01-12 08:00:00,5266.53,10.32419876704338
273,2020-01-12 09:00:00,5580.15,10.587425353247527
274,2020-01-12 10:00:00,5362.25,10.404538186823563
275,2020-01-12 11:00:00,5019.51,10.116870690631963
276,2020-01-12 12:00:00,4904.71,10.020517103181431
277,2020-01-12 13:00:00,4626.32,9.786859653613888
278,2020-01-12 14:00:00,4311.38,9.522525169017454
279,2020-01-12 15:00:00,4046.76,9.300425114042193
280,2020-01-12 16:00:00,4201.93,9.430661927323545
281,2020-01-12 17:00:00,4776.07,9.912547368951147
282,2020-01-12 18:00:00,5460.54,10.487034651200853
283,2020-01-12 19:00:00,5399.11,10.435475410111252
284,2020-01-12 20:00:00,4837.74,9.964308046112073
285,2020-01-12 21:00:00,4418.7,9.612600665578352
286,2020-01-12 22:00:00,4239.54,9.462228638334123
287,2020-01-12 23:00:00,4067.39,9.317740223006517
288,2020-01-13 00:00:00,3740.98,9.043778772834667
289,2020-01-13 01:00:00,3578.19,8.907146364288742
290,2020-01-13 02:00:00,3566.89,8.897662082597183
291,2020-01-13 03:00:00,3811.11,9.102640071509805
292,2020-01-13 04:00:00,4232.62,9.45642056494425
293,2020-01-13 05:00:00,4998.77,10.099463256801615
294,2020-01-13 06:00:00,5757.76,10.736496439197781
295,2020-01-13 07:00:00,5600.11,10.604178119846068
296,2020-01-13 08:00:00,5803.35,10.774760899579922
297,2020-01-13 09:00:00,6288.77,11.182182140174326
298,2020-01-13 10:00:00,6290.12,11.183315218075531
299,2020-01-13 11:00:00,5726.78,10.71049439965756
300,2020-01-13 12:00:00,5681.13,10.672179580257586
301,2020-01-13 13:00:00,5334.84,10.381532508844302
302,2020-01-13 14:00:00,4977.23,10.081384369400181
303,2020-01-13 15:00:00,4575.82,9.74447414693922
304,2020-01-13 16:00:00,4706.97,9.854550566748781
305,2020-01-13 17:00:00,5067.49,10.157141118557718
306,2020-01-13 18:00:00,6039.25,10.972755771353272
307,2020-01-13 19:00:00,5822.4,10.790749887741356
308,2020-01-13 20:00:00,5182.68,10.253822039624154
309,2020-01-13 21:00:00,4684.0,9.835271456089036
310,2020-01-13 22:00:00,4500.01,9.680845527909387
311,2020-01-13 23:00:00,4246.38,9.467969566366891
312,2020-01-14 00:00:00,3906.79,9.182945918611434
313,2020-01-14 01:00:00,3667.96,8.98249184813399
314,2020-01-14 02:00:00,3675.33,8.988677614157599
315,2020-01-14 03:00:00,3913.72,9.188762385170948
316,2020-01-14 04:00:00,4432.63,9.62429235088485
317,2020-01-14 05:00:00,5163.78,10.237958949007297
318,2020-01-14 06:00:00,5867.21,10.82835968089169
319,2020-01-14 07:00:00,5562.01,10.572200143523201
320,2020-01-14 08:00:00,5549.01,10.561289022993089
321,2020-01-14 09:00:00,5933.9,10.884333729211168
322,2020-01-14 10:00:00,5858.41,10.820973691609767
323,2020-01-14 11:00:00,5631.78,10.630759288091351
324,2020-01-14 12:00:00,5575.88,10.583841469811867
325,2020-01-14 13:00:00,5359.83,10.402507039771034
326,2020-01-14 14:00:00,5175.66,10.247930034537893
327,2020-01-14 15:00:00,4770.49,9.907863980292838
328,2020-01-14 16:00:00,4924.61,10.037219510762142
329,2020-01-14 17:00:00,5328.72,10.376395889025511
330,2020-01-14 18:00:00,6328.35,11.2154023056037
331,2020-01-14 19:00:00,6328.92,11.215880716273098
332,2020-01-14 20:00:00,5627.63,10.627276122691354
333,2020-01-14 21:00:00,5031.72,10.127118750760632
334,2020-01-14 22:00:00,4742.86,9.88467365258153
335,2020-01-14 23:00:00,4469.74,9.655439403413501
336,2020-01-15 00:00:00,4128.18,9.36876230123925
337,2020-01-15 01:00:00,3886.65,9.166042074959398
338,2020-01-15 02:00:00,3915.28,9.190071719634561
339,2020-01-15 03:00:00,4099.19,9.3444305024571
340,2020-01-15 04:00:00,4551.12,9.723743017932007
341,2020-01-15 05:00:00,5290.3,10.34414933127421
342,2020-01-15 06:00:00,6020.21,10.956775176361477
343,2020-01-15 07:00:00,5801.25,10.772998333955826
344,2020-01-15 08:00:00,5798.95,10.77106790493896
345,2020-01-15 09:00:00,6080.82,11.007646177540718
346,2020-01-15 10:00:00,6164.95,11.078257913709823
347,2020-01-15 11:00:00,5991.06,10.932309086865109
348,2020-01-15 12:00:00,5769.1,10.746014293567894
349,2020-01-15 13:00:00,5633.88,10.632521853715446
350,2020-01-15 14:00:00,5291.65,10.345282409175413
351,2020-01-15 15:00:00,5036.71,10.131306942410266
352,2020-01-15 16:00:00,5087.89,10.174263184620356
353,2020-01-15 17:00:00,5337.1,10.383429365182614
354,2020-01-15 18:00:00,6566.45,11.415243674697532
355,2020-01-15 19:00:00,6413.63,11.286979256281239
356,2020-01-15 20:00:00,5764.61,10.742245760400186
357,2020-01-15 21:00:00,5109.34,10.192266533495042
358,2020-01-15 22:00:00,4855.8,9.979466110479292
359,2020-01-15 23:00:00,4565.99,9.736223661184528
360,2020-01-16 00:00:00,4163.03,9.39801249742959
361,2020-01-16 01:00:00,4031.74,9.287818573245094
362,2020-01-16 02:00:00,4010.97,9.270385959905829
363,2020-01-16 03:00:00,4168.55,9.40264552707007
364,2020-01-16 04:00:00,4523.25,9.700351254149373
365,2020-01-16 05:00:00,5236.01,10.298582813306531
366,2020-01-16 06:00:00,5915.29,10.86871404051383
367,2020-01-16 07:00:00,5709.83,10.69626797712022
368,2020-01-16 08:00:00,5730.77,10.71384327434334
369,2020-01-16 09:00:00,5977.01,10.92051668352295
370,2020-01-16 10:00:00,5956.65,10.903428190138865
371,2020-01-16 11:00:00,5659.33,10.653882470445552
372,2020-01-16 12:00:00,5707.12,10.693993428148172
373,2020-01-16 13:00:00,5384.79,10.42345639118885
374,2020-01-16 14:00:00,5067.26,10.15694807565603
375,2020-01-16 15:00:00,4769.45,9.906991090650429
376,2020-01-16 16:00:00,4920.47,10.033744738531784
377,2020-01-16 17:00:00,5408.55,10.44339856225004
378,2020-01-16 18:00:00,6462.03,11.32760219733181
379,2020-01-16 19:00:00,6361.11,11.242898329339583
380,2020-01-16 20:00:00,5719.16,10.704098804392984
381,2020-01-16 21:00:00,5074.13,10.162714183197714
382,2020-01-16 22:00:00,4680.22,9.832098837965663
383,2020-01-16 23:00:00,4386.8,9.585826454431384
384,2020-01-17 00:00:00,3971.25,9.237048290101516
385,2020-01-17 01:00:00,3707.05,9.015300748251073
386,2020-01-17 02:00:00,3681.96,8.994242285627955
387,2020-01-17 03:00:00,3877.59,9.158437863266872
388,2020-01-17 04:00:00,4321.45,9.530977090843471
389,2020-01-17 05:00:00,5046.01,10.139112590174117
390,2020-01-17 06:00:00,5836.47,10.802559077422794
391,2020-01-17 07:00:00,5404.75,10.440209157787393
392,2020-01-17 08:00:00,5577.94,10.585570462757408
393,2020-01-17 09:00:00,5995.8,10.936287449273781
394,2020-01-17 10:00:00,5985.05,10.927264791912343
395,2020-01-17 11:00:00,5647.55,10.643995316611342
396,2020-01-17 12:00:00,5732.0,10.71487563420888
397,2020-01-17 13:00:00,5554.45,10.565854907276458
398,2020-01-17 14:00:00,5364.01,10.406015384679947
399,2020-01-17 15:00:00,5016.0,10.113924688088833
400,2020-01-17 16:00:00,5250.43,10.310685763925317
401,2020-01-17 17:00:00,5840.92,10.806294037911947
402,2020-01-17 18:00:00,6581.49,11.427867001833906
403,2020-01-17 19:00:00,6382.89,11.26117865281234
404,2020-01-17 20:00:00,5784.5,10.758939774811259
405,2020-01-17 21:00:00,5123.07,10.203790355408767
406,2020-01-17 22:00:00,4775.89,9.912396291897654
407,2020-01-17 23:00:00,4527.19,9.703658162986962
408,2020-01-18 00:00:00,4126.56,9.367402607757807
409,2020-01-18 01:00:00,3935.35,9.206916811099127
410,2020-01-18 02:00:00,3910.04,9.185673698743962
411,2020-01-18 03:00:00,4116.21,9.358715677181909
412,2020-01-18 04:00:00,4527.19,9.703658162986962
413,2020-01-18 05:00:00,5250.26,10.310543080041462
414,2020-01-18 06:00:00,6057.68,10.988224382997117
415,2020-01-18 07:00:00,5796.37,10.768902467172214
416,2020-01-18 08:00:00,5815.61,10.785050925556781
417,2020-01-18 09:00:00,6031.62,10.96635178291906
418,2020-01-18 10:00:00,6016.29,10.953485053863165
419,2020-01-18 11:00:00,5670.17,10.662980666333738
420,2020-01-18 12:00:00,5651.81,10.647570806877363
421,2020-01-18 13:00:00,5384.17,10.422936014671262
422,2020-01-18 14:00:00,5203.89,10.271623952427515
423,2020-01-18 15:00:00,4745.65,9.887015346910683
424,2020-01-18 16:00:00,4978.21,10.08220690002476
425,2020-01-18 17:00:00,5483.51,10.506313761860598
426,2020-01-18 18:00:00,6370.36,11.25066201125524
427,2020-01-18 19:00:00,6341.68,11.226590400731885
428,2020-01-18 20:00:00,5658.56,10.653236196383384
429,2020-01-18 21:00:00,5031.18,10.126665519600149
430,2020-01-18 22:00:00,4808.23,9.939539802508719
431,2020-01-18 23:00:00,4502.16,9.682650059381675
432,2020-01-19 00:00:00,4152.01,9.388763224487912
433,2020-01-19 01:00:00,3889.45,9.168392162458192
434,2020-01-19 02:00:00,3843.01,9.129414282656775
435,2020-01-19 03:00:00,4007.8,9.267725325130408
436,2020-01-19 04:00:00,4341.52,9.547822182308039
437,2020-01-19 05:00:00,5007.93,10.107151400190524
438,2020-01-19 06:00:00,5651.54,10.647344191297123
439,2020-01-19 07:00:00,5064.5,10.154631560835792
440,2020-01-19 08:00:00,5066.46,10.156276622084947
441,2020-01-19 09:00:00,5407.67,10.442659963321848
442,2020-01-19 10:00:00,5465.2,10.490945868252416
443,2020-01-19 11:00:00,5188.28,10.25852221462174
444,2020-01-19 12:00:00,5044.9,10.138180948344237
445,2020-01-19 13:00:00,5051.49,10.14371204713604
446,2020-01-19 14:00:00,4818.3,9.947991724334736
447,2020-01-19 15:00:00,4440.34,9.630763484676171
448,2020-01-19 16:00:00,4241.25,9.463663870342316
449,2020-01-19 17:00:00,4738.01,9.880602965306833
450,2020-01-19 18:00:00,5756.48,10.735422113484047
451,2020-01-19 19:00:00,5711.98,10.698072508592507
452,2020-01-19 20:00:00,5154.61,10.230262412448749
453,2020-01-19 21:00:00,4520.3,9.697875269106001
454,2020-01-19 22:00:00,4310.67,9.521929253973116
455,2020-01-19 23:00:00,4051.67,9.30454616033472
456,2020-01-20 00:00:00,3718.33,9.024768243603356
457,2020-01-20 01:00:00,3546.4,8.880464478007797
458,2020-01-20 02:00:00,3546.15,8.880254648766833
459,2020-01-20 03:00:00,3723.42,9.029040366949376
460,2020-01-20 04:00:00,4196.9,9.426440162995354
461,2020-01-20 05:00:00,4999.34,10.099941667471011
462,2020-01-20 06:00:00,5739.43,10.721111759250322
463,2020-01-20 07:00:00,4816.12,9.946162013353533
464,2020-01-20 08:00:00,5308.8,10.359676695105524
465,2020-01-20 09:00:00,5965.52,10.910872931608257
466,2020-01-20 10:00:00,6228.65,11.131722404307375
467,2020-01-20 11:00:00,6001.78,10.941306564717632
468,2020-01-20 12:00:00,5852.21,10.815769926433868
469,2020-01-20 13:00:00,5503.64,10.523209212342996
470,2020-01-20 14:00:00,5334.85,10.381540902013942
471,2020-01-20 15:00:00,5012.53,10.111012258224257
472,2020-01-20 16:00:00,5117.84,10.199400727687808
473,2020-01-20 17:00:00,5722.07,10.706541216757802
474,2020-01-20 18:00:00,6617.8,11.458342600791475
475,2020-01-20 19:00:00,6528.69,11.383551066142374
476,2020-01-20 20:00:00,5879.12,10.838355945931202
477,2020-01-20 21:00:00,5220.61,10.285657332063167
478,2020-01-20 22:00:00,4871.29,9.992467130249402
479,2020-01-20 23:00:00,4612.94,9.775629592637511
480,2020-01-21 00:00:00,4176.3,9.409150233539945
481,2020-01-21 01:00:00,3969.31,9.235420015191638
482,2020-01-21 02:00:00,3893.93,9.172152302456261
483,2020-01-21 03:00:00,4117.67,9.359941079949138
484,2020-01-21 04:00:00,4631.68,9.79135839254015
485,2020-01-21 05:00:00,5420.57,10.453487152155576
486,2020-01-21 06:00:00,6312.37,11.2019900205213
487,2020-01-21 07:00:00,5964.16,10.909731460537415
488,2020-01-21 08:00:00,5992.76,10.933735925703662
489,2020-01-21 09:00:00,6167.17,11.08012119736958
490,2020-01-21 10:00:00,6173.88,11.085753014197046
491,2020-01-21 11:00:00,5899.9,10.855796952440103
492,2020-01-21 12:00:00,5835.37,10.801635828762553
493,2020-01-21 13:00:00,5436.72,10.467042121121832
494,2020-01-21 14:00:00,5211.45,10.277969188674257
495,2020-01-21 15:00:00,4891.26,10.009228290017584
496,2020-01-21 16:00:00,5176.15,10.248341299850182
497,2020-01-21 17:00:00,5762.82,10.740743383034886
498,2020-01-21 18:00:00,6611.16,11.452769536151479
499,2020-01-21 19:00:00,6519.01,11.375426477932258
500,2020-01-21 20:00:00,5869.79,10.830525118658436
501,2020-01-21 21:00:00,5251.09,10.311239713121463
502,2020-01-21 22:00:00,4909.69,10.024696901661427
503,2020-01-21 23:00:00,4683.68,9.835002874660601
504,2020-01-22 00:00:00,4257.23,9.477076155424715
505,2020-01-22 01:00:00,4056.91,9.308944181225318
506,2020-01-22 02:00:00,4014.14,9.273046594681249
507,2020-01-22 03:00:00,4226.37,9.451174833920156
508,2020-01-22 04:00:00,4613.41,9.776024071610523
509,2020-01-22 05:00:00,5450.59,10.478683447410496
510,2020-01-22 06:00:00,6308.15,11.198448102933831
511,2020-01-22 07:00:00,6087.61,11.013345139725292
512,2020-01-22 08:00:00,6087.69,11.0134122850824
513,2020-01-22 09:00:00,6265.87,11.162961781702052
514,2020-01-22 10:00:00,6298.63,11.190457805437934
515,2020-01-22 11:00:00,5898.19,10.854361720431912
516,2020-01-22 12:00:00,5770.07,10.746828431022834
517,2020-01-22 13:00:00,5420.05,10.453050707334372
518,2020-01-22 14:00:00,5178.44,10.250263335697408
519,2020-01-22 15:00:00,4830.21,9.957987989374248
520,2020-01-22 16:00:00,5092.51,10.178140828993365
521,2020-01-22 17:00:00,5553.08,10.564705043035977
522,2020-01-22 18:00:00,6564.34,11.413472715903797
523,2020-01-22 19:00:00,6599.76,11.443201322763535
524,2020-01-22 20:00:00,5953.19,10.900524153443927
525,2020-01-22 21:00:00,5335.88,10.38240539848671
526,2020-01-22 22:00:00,4998.4,10.099152709524988
527,2020-01-22 23:00:00,4733.42,9.87675050044274
528,2020-01-23 00:00:00,4344.92,9.550675859985144
529,2020-01-23 01:00:00,4105.69,9.349886062722156
530,2020-01-23 02:00:00,4115.95,9.358497454771307
531,2020-01-23 03:00:00,4301.26,9.514031281343243
532,2020-01-23 04:00:00,4718.75,9.86443772058299
533,2020-01-23 05:00:00,5484.66,10.507278976369031
534,2020-01-23 06:00:00,6365.97,11.246977409783918
535,2020-01-23 07:00:00,6307.19,11.197642358648531
536,2020-01-23 08:00:00,6225.68,11.129229632924726
537,2020-01-23 09:00:00,6405.79,11.280399011284617
538,2020-01-23 10:00:00,6139.34,11.056763006265502
539,2020-01-23 11:00:00,5735.52,10.71783002992165
540,2020-01-23 12:00:00,5558.9,10.569589867765611
541,2020-01-23 13:00:00,5253.78,10.31349747575423
542,2020-01-23 14:00:00,5090.6,10.176537733592403
543,2020-01-23 15:00:00,4659.43,9.814649438287121
544,2020-01-23 16:00:00,4984.6,10.087570135423793
545,2020-01-23 17:00:00,5445.2,10.47415952897532
546,2020-01-23 18:00:00,6573.67,11.421303543176563
547,2020-01-23 19:00:00,6519.41,11.375762204717802
548,2020-01-23 20:00:00,5834.03,10.800511144030988
549,2020-01-23 21:00:00,5118.26,10.199753240812626
550,2020-01-23 22:00:00,4978.9,10.082786028729819
551,2020-01-23 23:00:00,4776.28,9.912723625513557
552,2020-01-24 00:00:00,4324.9,9.53387273436877
553,2020-01-24 01:00:00,4128.17,9.368753908069612
554,2020-01-24 02:00:00,4149.78,9.386891547658514
555,2020-01-24 03:00:00,4358.87,9.562384331630918
556,2020-01-24 04:00:00,4827.64,9.95583094477714
557,2020-01-24 05:00:00,5714.65,10.700313484886
558,2020-01-24 06:00:00,6680.03,11.510573295452161
559,2020-01-24 07:00:00,6462.44,11.32794631728699
560,2020-01-24 08:00:00,6333.42,11.219657642610443
561,2020-01-24 09:00:00,6531.01,11.385498281498517
562,2020-01-24 10:00:00,6253.41,11.152503892332419
563,2020-01-24 11:00:00,5781.09,10.756077703964515
564,2020-01-24 12:00:00,5601.06,10.604975470961731
565,2020-01-24 13:00:00,5318.93,10.368178975949373
566,2020-01-24 14:00:00,5149.96,10.226359588566824
567,2020-01-24 15:00:00,4757.83,9.897238227530435
568,2020-01-24 16:00:00,5114.05,10.196219716394797
569,2020-01-24 17:00:00,5643.23,10.640369467327488
570,2020-01-24 18:00:00,6660.59,11.494256973674823
571,2020-01-24 19:00:00,6507.48,11.365749153339014
572,2020-01-24 20:00:00,5805.89,10.776892764668114
573,2020-01-24 21:00:00,5206.54,10.27384814238173
574,2020-01-24 22:00:00,4946.14,10.055290004993935
575,2020-01-24 23:00:00,4692.62,9.842506368317462
576,2020-01-25 00:00:00,4351.21,9.555955163687791
577,2020-01-25 01:00:00,4142.26,9.380579884090327
578,2020-01-25 02:00:00,4101.87,9.34667987192023
579,2020-01-25 03:00:00,4336.05,9.543231118515752
580,2020-01-25 04:00:00,4776.63,9.913017386450907
581,2020-01-25 05:00:00,5669.95,10.662796016601689
582,2020-01-25 06:00:00,6475.23,11.338681181254694
583,2020-01-25 07:00:00,6197.37,11.105468569677996
584,2020-01-25 08:00:00,6220.81,11.125142159310753
585,2020-01-25 09:00:00,6623.68,11.463277784538942
586,2020-01-25 10:00:00,6276.97,11.17227820000084
587,2020-01-25 11:00:00,6032.93,10.96745128814171
588,2020-01-25 12:00:00,5705.02,10.692230862524077
589,2020-01-25 13:00:00,5345.86,10.390781781785982
590,2020-01-25 14:00:00,5168.04,10.24153443927332
591,2020-01-25 15:00:00,5035.84,10.130576736651713
592,2020-01-25 16:00:00,5219.16,10.284440322465578
593,2020-01-25 17:00:00,5643.44,10.640545723889899
594,2020-01-25 18:00:00,6493.5,11.354015502184321
595,2020-01-25 19:00:00,6385.86,11.263671424194989
596,2020-01-25 20:00:00,5733.06,10.715765310190568
597,2020-01-25 21:00:00,5077.91,10.165886801321085
598,2020-01-25 22:00:00,4826.59,9.954949661965093
599,2020-01-25 23:00:00,4655.4,9.811266990922787
600,2020-01-26 00:00:00,4301.37,9.514123606209267
601,2020-01-26 01:00:00,4077.28,9.326041067779041
602,2020-01-26 02:00:00,4101.52,9.346386110982882
603,2020-01-26 03:00:00,4306.11,9.518101968617938
604,2020-01-26 04:00:00,4680.01,9.831922581403255
605,2020-01-26 05:00:00,5403.2,10.438908216493417
606,2020-01-26 06:00:00,6120.7,11.041118138059247
607,2020-01-26 07:00:00,5820.12,10.788836245063766
608,2020-01-26 08:00:00,5916.56,10.869779973057925
609,2020-01-26 09:00:00,6267.79,11.164573270272651
610,2020-01-26 10:00:00,6096.94,11.021175966998056
611,2020-01-26 11:00:00,5737.18,10.71922329608165
612,2020-01-26 12:00:00,4910.12,10.025057807955886
613,2020-01-26 13:00:00,4565.57,9.735871148059708
614,2020-01-26 14:00:00,4205.18,9.433389707456072
615,2020-01-26 15:00:00,3875.87,9.156994238089043
616,2020-01-26 16:00:00,4049.37,9.302615731317854
617,2020-01-26 17:00:00,4279.77,9.495994359790004
618,2020-01-26 18:00:00,5315.05,10.364922426129617
619,2020-01-26 19:00:00,5334.64,10.381364645451532
620,2020-01-26 20:00:00,4783.24,9.918565271581986
621,2020-01-26 21:00:00,4221.19,9.446827172047387
622,2020-01-26 22:00:00,4126.63,9.367461359945276
623,2020-01-26 23:00:00,3960.84,9.228311000507787
624,2020-01-27 00:00:00,3665.8,8.980678923492063
625,2020-01-27 01:00:00,3507.77,8.848041663694087
626,2020-01-27 02:00:00,3507.4,8.84773111641746
627,2020-01-27 03:00:00,3692.46,9.003055113748431
628,2020-01-27 04:00:00,4168.11,9.402276227605974
629,2020-01-27 05:00:00,5004.16,10.103987175236792
630,2020-01-27 06:00:00,6018.61,10.955432269219308
631,2020-01-27 07:00:00,5886.33,10.844407421240595
632,2020-01-27 08:00:00,6052.18,10.983608139695916
633,2020-01-27 09:00:00,6420.15,11.29245160288557
634,2020-01-27 10:00:00,6368.44,11.24905052268464
635,2020-01-27 11:00:00,5955.17,10.90218600103236
636,2020-01-27 12:00:00,5689.96,10.679590749048424
637,2020-01-27 13:00:00,5218.6,10.28397030496582
638,2020-01-27 14:00:00,5043.15,10.13671214365749
639,2020-01-27 15:00:00,4761.7,9.900486384180553
640,2020-01-27 16:00:00,5067.74,10.157350947798681
641,2020-01-27 17:00:00,5530.06,10.545383966528039
642,2020-01-27 18:00:00,6401.46,11.276764768831125
643,2020-01-27 19:00:00,6281.08,11.175727792722283
644,2020-01-27 20:00:00,5596.71,10.601324442168963
645,2020-01-27 21:00:00,4816.05,9.946103261166062
646,2020-01-27 22:00:00,4419.9,9.613607845934977
647,2020-01-27 23:00:00,4013.3,9.27234156843161
648,2020-01-28 00:00:00,3638.63,8.957874681584126
649,2020-01-28 01:00:00,3372.02,8.734104385850795
650,2020-01-28 02:00:00,3296.53,8.670744348249395
651,2020-01-28 03:00:00,3488.76,8.832086248211205
652,2020-01-28 04:00:00,3708.21,9.016274355929145
653,2020-01-28 05:00:00,4350.29,9.555182992081043
654,2020-01-28 06:00:00,5186.5,10.25702823042608
655,2020-01-28 07:00:00,5067.45,10.157107545879164
656,2020-01-28 08:00:00,5145.64,10.222733739282972
657,2020-01-28 09:00:00,5500.86,10.520875911183479
658,2020-01-28 10:00:00,5562.9,10.572947135621032
659,2020-01-28 11:00:00,5401.07,10.437120471360407
660,2020-01-28 12:00:00,5323.58,10.372081799831298
661,2020-01-28 13:00:00,5245.55,10.306589897141706
662,2020-01-28 14:00:00,5243.97,10.305263776338816
663,2020-01-28 15:00:00,4626.79,9.7872541325869
664,2020-01-28 16:00:00,4890.55,10.008632374973246
665,2020-01-28 17:00:00,5389.75,10.42761940332957
666,2020-01-28 18:00:00,6188.31,11.097864357985472
667,2020-01-28 19:00:00,5951.08,10.898753194650194
668,2020-01-28 20:00:00,5296.27,10.349160053548422
669,2020-01-28 21:00:00,4828.22,9.956317748616176
670,2020-01-28 22:00:00,4617.16,9.779171510224979
671,2020-01-28 23:00:00,4369.46,9.571272698278142
672,2020-01-29 00:00:00,4072.39,9.321936807825791
673,2020-01-29 01:00:00,3882.06,9.162189610095304
674,2020-01-29 02:00:00,3852.11,9.137052067027852
675,2020-01-29 03:00:00,4042.14,9.296547469669184
676,2020-01-29 04:00:00,4474.64,9.659552056536391
677,2020-01-29 05:00:00,5139.21,10.217336931205384
678,2020-01-29 06:00:00,5846.68,10.81112850362375
679,2020-01-29 07:00:00,5712.2,10.698257158324555
680,2020-01-29 08:00:00,5869.58,10.830348862096026
681,2020-01-29 09:00:00,6193.61,11.102312737893902
682,2020-01-29 10:00:00,5789.09,10.762792239675353
683,2020-01-29 11:00:00,5373.31,10.413821032443797
684,2020-01-29 12:00:00,5338.64,10.38472191330695
685,2020-01-29 13:00:00,5126.49,10.206660819425151
686,2020-01-29 14:00:00,5046.74,10.139725291557731
687,2020-01-29 15:00:00,4580.68,9.748553227383555
688,2020-01-29 16:00:00,4639.78,9.798156859947374
689,2020-01-29 17:00:00,5137.52,10.21591848553647
690,2020-01-29 18:00:00,6043.77,10.976549484029897
691,2020-01-29 19:00:00,6151.69,11.067128570769107
692,2020-01-29 20:00:00,5721.54,10.70609637876696
693,2020-01-29 21:00:00,5119.46,10.200760421169253
694,2020-01-29 22:00:00,4753.51,9.893612378246583
695,2020-01-29 23:00:00,4408.43,9.603980880359563
696,2020-01-30 00:00:00,4078.58,9.327132179832052
697,2020-01-30 01:00:00,3860.06,9.143724636890498
698,2020-01-30 02:00:00,3887.41,9.166679955851928
699,2020-01-30 03:00:00,4099.92,9.345043203840714
700,2020-01-30 04:00:00,4542.94,9.716877405167674
701,2020-01-30 05:00:00,5328.84,10.376496607061174
702,2020-01-30 06:00:00,6153.62,11.068748452509347
703,2020-01-30 07:00:00,5919.46,10.872213992253105
704,2020-01-30 08:00:00,5766.64,10.743949573836812
705,2020-01-30 09:00:00,6215.95,11.121063078866419
706,2020-01-30 10:00:00,5872.72,10.83298431736253
707,2020-01-30 11:00:00,5471.42,10.496166419767594
708,2020-01-30 12:00:00,5382.34,10.421400064627406
709,2020-01-30 13:00:00,5003.11,10.103105892424745
710,2020-01-30 14:00:00,4893.36,10.010990855641678
711,2020-01-30 15:00:00,4665.88,9.820063032703985
712,2020-01-30 16:00:00,4826.71,9.955050380000756
713,2020-01-30 17:00:00,5193.78,10.263138457922942
714,2020-01-30 18:00:00,6290.96,11.184020244325168
715,2020-01-30 19:00:00,6262.84,11.16041865130157
716,2020-01-30 20:00:00,5571.96,10.580551347313556
717,2020-01-30 21:00:00,5068.17,10.157711854093138
718,2020-01-30 22:00:00,4715.56,9.861760299468294
719,2020-01-30 23:00:00,4465.15,9.651586938549407
720,2020-01-31 00:00:00,4137.7,9.376752598735148
721,2020-01-31 01:00:00,3917.19,9.191674815035524
722,2020-01-31 02:00:00,3909.59,9.185296006110228
723,2020-01-31 03:00:00,4111.99,9.355173759594441
724,2020-01-31 04:00:00,4546.59,9.719940912085745
725,2020-01-31 05:00:00,5320.67,10.36963938746648
726,2020-01-31 06:00:00,6233.1,11.13545736479653
727,2020-01-31 07:00:00,6131.79,11.050426163188398
728,2020-01-31 08:00:00,5851.04,10.814787925586158
729,2020-01-31 09:00:00,6089.7,11.015099312179748
730,2020-01-31 10:00:00,5996.01,10.936463705836191
731,2020-01-31 11:00:00,5629.9,10.629181372199303
732,2020-01-31 12:00:00,5617.48,10.618757055508226
733,2020-01-31 13:00:00,5152.38,10.228390735619353
734,2020-01-31 14:00:00,4955.46,10.063112439097063
735,2020-01-31 15:00:00,4888.34,10.006777484483127
736,2020-01-31 16:00:00,5010.64,10.10942594916257
737,2020-01-31 17:00:00,5259.68,10.318449445840976
738,2020-01-31 18:00:00,6309.45,11.199539214986842
739,2020-01-31 19:00:00,6347.62,11.231575943497182
740,2020-01-31 20:00:00,5681.19,10.672229939275418
741,2020-01-31 21:00:00,5048.86,10.141504643521102
742,2020-01-31 22:00:00,4684.55,9.835733080419155
743,2020-01-31 23:00:00,4344.46,9.55028977418177
744,2020-02-01 00:00:00,4178.7,9.411164594253197
745,2020-02-01 01:00:00,3993.6,9.255807024243671
746,2020-02-01 02:00:00,3946.11,9.215947861630205
747,2020-02-01 03:00:00,4141.3,9.379774139805026
748,2020-02-01 04:00:00,4551.01,9.723650693065983
749,2020-02-01 05:00:00,5291.75,10.345366340871799
750,2020-02-01 06:00:00,6089.91,11.015275568742158
751,2020-02-01 07:00:00,5864.76,10.826303354330246
752,2020-02-01 08:00:00,5677.41,10.669057321152046
753,2020-02-01 09:00:00,5989.47,10.93097457289258
754,2020-02-01 10:00:00,5842.76,10.80783838112544
755,2020-02-01 11:00:00,5568.3,10.577479447225848
756,2020-02-01 12:00:00,5383.1,10.422037945519936
757,2020-02-01 13:00:00,5306.67,10.357888949972512
758,2020-02-01 14:00:00,4964.99,10.071111129762599
759,2020-02-01 15:00:00,4748.34,9.889273109543453
760,2020-02-01 16:00:00,4919.57,10.032989353264313
761,2020-02-01 17:00:00,5171.25,10.244228646727294
762,2020-02-01 18:00:00,6199.17,11.106979340212934
763,2020-02-01 19:00:00,6232.25,11.134743945377252
764,2020-02-01 20:00:00,5658.61,10.653278162231576
765,2020-02-01 21:00:00,5045.94,10.139053837986646
766,2020-02-01 22:00:00,4787.98,9.922543633990658
767,2020-02-01 23:00:00,4556.43,9.728199791010077
768,2020-02-02 00:00:00,4179.53,9.411861227333196
769,2020-02-02 01:00:00,3985.05,9.248630864202712
770,2020-02-02 02:00:00,3990.15,9.252911380718372
771,2020-02-02 03:00:00,4172.22,9.405725820327417
772,2020-02-02 04:00:00,4610.03,9.773187180272693
773,2020-02-02 05:00:00,5263.81,10.321915824901694
774,2020-02-02 06:00:00,5900.68,10.856451619671912
775,2020-02-02 07:00:00,5656.28,10.651322553705795
776,2020-02-02 08:00:00,5401.55,10.437523343503058
777,2020-02-02 09:00:00,5580.48,10.587702327845598
778,2020-02-02 10:00:00,5536.66,10.550923458489482
779,2020-02-02 11:00:00,5176.18,10.248366479359097
780,2020-02-02 12:00:00,5019.02,10.116459425319675
781,2020-02-02 13:00:00,4899.46,10.016110689121193
782,2020-02-02 14:00:00,4617.59,9.779532416519437
783,2020-02-02 15:00:00,4189.54,9.420262790141383
784,2020-02-02 16:00:00,4185.17,9.416594975009337
785,2020-02-02 17:00:00,4666.71,9.820759665783985
786,2020-02-02 18:00:00,5363.37,10.405478221823081
787,2020-02-02 19:00:00,5623.73,10.62400278653232
788,2020-02-02 20:00:00,5040.04,10.134101867899902
789,2020-02-02 21:00:00,4482.81,9.666409276131084
790,2020-02-02 22:00:00,4243.33,9.465409649627134
791,2020-02-02 23:00:00,4041.1,9.295674580026775
792,2020-02-03 00:00:00,3715.29,9.022216720033237
793,2020-02-03 01:00:00,3562.6,8.894061412822246
794,2020-02-03 02:00:00,3543.37,8.877921347607316
795,2020-02-03 03:00:00,3802.21,9.095170150531498
796,2020-02-03 04:00:00,4257.01,9.476891505692667
797,2020-02-03 05:00:00,5059.85,10.150728736953868
798,2020-02-03 06:00:00,6046.26,10.978639383269895
799,2020-02-03 07:00:00,5812.91,10.782784769754373
800,2020-02-03 08:00:00,5878.73,10.838028612315298
801,2020-02-03 09:00:00,6309.62,11.199681898870699
802,2020-02-03 10:00:00,5983.16,10.925678482850657
803,2020-02-03 11:00:00,5588.88,10.59475259034198
804,2020-02-03 12:00:00,5447.11,10.475762624376282
805,2020-02-03 13:00:00,5241.67,10.30333334732195
806,2020-02-03 14:00:00,4931.86,10.043304558750089
807,2020-02-03 15:00:00,4601.75,9.766237635811976
808,2020-02-03 16:00:00,4951.92,10.060141257045016
809,2020-02-03 17:00:00,5320.2,10.369244908493467
810,2020-02-03 18:00:00,6230.17,11.132998166092435
811,2020-02-03 19:00:00,6346.37,11.230526797292363
812,2020-02-03 20:00:00,5716.48,10.701849434929853
813,2020-02-03 21:00:00,5057.52,10.148773128428086
814,2020-02-03 22:00:00,4831.25,9.958860879016656
815,2020-02-03 23:00:00,4639.68,9.798072928250988
816,2020-02-04 00:00:00,4245.43,9.467172215251228
817,2020-02-04 01:00:00,4062.14,9.313333808946279
818,2020-02-04 02:00:00,4080.0,9.328324009920726
819,2020-02-04 03:00:00,4280.98,9.497009933316267
820,2020-02-04 04:00:00,4712.15,9.858898228621548
821,2020-02-04 05:00:00,5513.84,10.531770245374314
822,2020-02-04 06:00:00,6455.84,11.322406825325551
823,2020-02-04 07:00:00,6202.87,11.110084812979197
824,2020-02-04 08:00:00,6118.83,11.03954861533684
825,2020-02-04 09:00:00,6319.65,11.208100248018162
826,2020-02-04 10:00:00,6182.7,11.093155789818246
827,2020-02-04 11:00:00,5759.0,10.73753719223296
828,2020-02-04 12:00:00,5330.42,10.377822727864064
829,2020-02-04 13:00:00,5283.47,10.338416796411082
830,2020-02-04 14:00:00,5048.55,10.141244455262308
831,2020-02-04 15:00:00,4936.55,10.047240955310569
832,2020-02-04 16:00:00,5118.57,10.200013429071422
833,2020-02-04 17:00:00,5477.03,10.500874987934818
834,2020-02-04 18:00:00,6288.12,11.181636584147821
835,2020-02-04 19:00:00,6263.62,11.161073318533377
836,2020-02-04 20:00:00,5666.52,10.659917159415668
837,2020-02-04 21:00:00,5066.17,10.15603322016543
838,2020-02-04 22:00:00,4834.73,9.961781702050871
839,2020-02-04 23:00:00,4688.37,9.83893927122108
840,2020-02-05 00:00:00,4339.62,9.546227480076713
841,2020-02-05 01:00:00,4149.88,9.386975479354902
842,2020-02-05 02:00:00,4232.47,9.456294667399671
843,2020-02-05 03:00:00,4468.74,9.654600086449648
844,2020-02-05 04:00:00,4826.26,9.95467268736702
845,2020-02-05 05:00:00,5689.63,10.679313774450353
846,2020-02-05 06:00:00,6629.17,11.467885634670505
847,2020-02-05 07:00:00,6486.48,11.348123497098062
848,2020-02-05 08:00:00,6150.95,11.066507476215856
849,2020-02-05 09:00:00,6345.62,11.229897309569473
850,2020-02-05 10:00:00,6366.13,11.247111700498134
851,2020-02-05 11:00:00,5975.42,10.919182169550421
852,2020-02-05 12:00:00,5513.7,10.531652740999375
853,2020-02-05 13:00:00,5176.54,10.248668633466085
854,2020-02-05 14:00:00,5043.15,10.13671214365749
855,2020-02-05 15:00:00,4988.77,10.091070087163068
856,2020-02-05 16:00:00,5276.12,10.332247816726747
857,2020-02-05 17:00:00,5563.01,10.573039460487056
858,2020-02-05 18:00:00,6284.93,11.178959163033124
859,2020-02-05 19:00:00,6339.84,11.22504605751839
860,2020-02-05 20:00:00,5759.98,10.738359722857538
861,2020-02-05 21:00:00,5154.87,10.23048063485935
862,2020-02-05 22:00:00,4950.51,10.058957820125983
863,2020-02-05 23:00:00,4724.98,9.869666665267804
864,2020-02-06 00:00:00,4360.29,9.563576161719592
865,2020-02-06 01:00:00,4168.46,9.402569988543323
866,2020-02-06 02:00:00,4181.38,9.413413963716327
867,2020-02-06 03:00:00,4404.25,9.600472535450649
868,2020-02-06 04:00:00,4811.87,9.94259491625715
869,2020-02-06 05:00:00,5612.08,10.614224743903412
870,2020-02-06 06:00:00,6670.49,11.502566211616987
871,2020-02-06 07:00:00,6513.28,11.37061719172937
872,2020-02-06 08:00:00,6251.52,11.150917583270735
873,2020-02-06 09:00:00,6427.18,11.29835200114147
874,2020-02-06 10:00:00,6229.57,11.132494575914121
875,2020-02-06 11:00:00,5868.2,10.829190604685905
876,2020-02-06 12:00:00,5464.98,10.490761218520367
877,2020-02-06 13:00:00,5136.13,10.214751834956711
878,2020-02-06 14:00:00,5045.53,10.138709718031466
879,2020-02-06 15:00:00,5066.05,10.155932502129767
880,2020-02-06 16:00:00,5299.17,10.351594072743602
881,2020-02-06 17:00:00,5717.04,10.702319452429613
882,2020-02-06 18:00:00,6341.59,11.226514862205137
883,2020-02-06 19:00:00,6405.02,11.279752737222449
884,2020-02-06 20:00:00,5779.59,10.754818728518732
885,2020-02-06 21:00:00,5151.79,10.227895538610678
886,2020-02-06 22:00:00,5038.39,10.132716994909543
887,2020-02-06 23:00:00,4802.77,9.93495713188607
888,2020-02-07 00:00:00,4437.87,9.628690371775448
889,2020-02-07 01:00:00,4250.97,9.471822031230985
890,2020-02-07 02:00:00,4261.87,9.480970586137001
891,2020-02-07 03:00:00,4436.65,9.627666405079546
892,2020-02-07 04:00:00,4836.79,9.963510694996412
893,2020-02-07 05:00:00,5707.22,10.69407735984456
894,2020-02-07 06:00:00,6767.84,11.584273718048252
895,2020-02-07 07:00:00,6677.34,11.508315532819392
896,2020-02-07 08:00:00,6456.95,11.323338467155429
897,2020-02-07 09:00:00,6772.52,11.588201721439093
898,2020-02-07 10:00:00,6592.37,11.436998770400649
899,2020-02-07 11:00:00,6128.02,11.047261938234666
900,2020-02-07 12:00:00,5781.97,10.756816302892705
901,2020-02-07 13:00:00,5237.87,10.3001439428593
902,2020-02-07 14:00:00,4968.49,10.07404873913609
903,2020-02-07 15:00:00,4941.92,10.05174808740647
904,2020-02-07 16:00:00,5396.97,10.433679271808602
905,2020-02-07 17:00:00,5555.77,10.566962805668748
906,2020-02-07 18:00:00,6225.22,11.128843547121352
907,2020-02-07 19:00:00,6397.2,11.273189278565104
908,2020-02-07 20:00:00,5722.07,10.706541216757802
909,2020-02-07 21:00:00,5099.29,10.183831398008302
910,2020-02-07 22:00:00,4962.21,10.068777828603082
911,2020-02-07 23:00:00,4834.96,9.961974744952558
912,2020-02-08 00:00:00,4486.54,9.669539928406262
913,2020-02-08 01:00:00,4285.06,9.500434346528795
914,2020-02-08 02:00:00,4287.91,9.502826399875781
915,2020-02-08 03:00:00,4487.5,9.670345672691564
916,2020-02-08 04:00:00,4864.04,9.986382082261455
917,2020-02-08 05:00:00,5665.89,10.65938838972844
918,2020-02-08 06:00:00,6527.38,11.382451560919723
919,2020-02-08 07:00:00,6541.61,11.394395041315377
920,2020-02-08 08:00:00,6604.84,11.447465052939918
921,2020-02-08 09:00:00,6716.68,11.54133426217744
922,2020-02-08 10:00:00,6546.42,11.398432155911518
923,2020-02-08 11:00:00,6314.6,11.203861697350696
924,2020-02-08 12:00:00,5965.34,10.910721854554764
925,2020-02-08 13:00:00,5452.86,10.480588696918447
926,2020-02-08 14:00:00,5145.97,10.223010713881044
927,2020-02-08 15:00:00,4962.03,10.068626751549589
928,2020-02-08 16:00:00,5384.87,10.423523536545959
929,2020-02-08 17:00:00,5563.08,10.573098212674525
930,2020-02-08 18:00:00,6135.81,11.053800217383094
931,2020-02-08 19:00:00,6345.96,11.230182677337183
932,2020-02-08 20:00:00,6077.64,11.00497714959566
933,2020-02-08 21:00:00,4988.59,10.090919010109573
934,2020-02-08 22:00:00,5007.1,10.106454767110526
935,2020-02-08 23:00:00,4804.72,9.93659379996559
936,2020-02-09 00:00:00,4465.49,9.651872306317118
937,2020-02-09 01:00:00,4245.14,9.46692881333171
938,2020-02-09 02:00:00,4235.91,9.45918191775533
939,2020-02-09 03:00:00,4443.98,9.633818598424602
940,2020-02-09 04:00:00,4837.28,9.963921960308701
941,2020-02-09 05:00:00,5548.52,10.5608777576808
942,2020-02-09 06:00:00,6483.36,11.345504828170835
943,2020-02-09 07:00:00,6380.67,11.259315369152585
944,2020-02-09 08:00:00,6091.3,11.016442219321917
945,2020-02-09 09:00:00,6212.82,11.118436016769554
946,2020-02-09 10:00:00,6130.67,11.04948612818888
947,2020-02-09 11:00:00,5677.51,10.669141252848432
948,2020-02-09 12:00:00,5216.63,10.282316850547025
949,2020-02-09 13:00:00,4791.14,9.92519587559644
950,2020-02-09 14:00:00,4469.04,9.654851881538804
951,2020-02-09 15:00:00,4459.06,9.646475498239532
952,2020-02-09 16:00:00,4747.74,9.888769519365141
953,2020-02-09 17:00:00,4823.06,9.951986873082685
954,2020-02-09 18:00:00,5487.16,10.509377268778668
955,2020-02-09 19:00:00,5592.96,10.598177003554508
956,2020-02-09 20:00:00,4884.83,10.003831481939997
957,2020-02-09 21:00:00,4294.18,9.508088917239151
958,2020-02-09 22:00:00,4261.74,9.4808614749317
959,2020-02-09 23:00:00,4242.5,9.464713016547133
960,2020-02-10 00:00:00,3958.39,9.226254673946343
961,2020-02-10 01:00:00,3808.54,9.100483026912698
962,2020-02-10 02:00:00,3823.4,9.112955276995581
963,2020-02-10 03:00:00,4064.34,9.315180306266761
964,2020-02-10 04:00:00,4468.28,9.654214000646274
965,2020-02-10 05:00:00,5338.85,10.384898169869361
966,2020-02-10 06:00:00,6563.7,11.41293555304693
967,2020-02-10 07:00:00,6725.82,11.549005619227072
968,2020-02-10 08:00:00,6555.27,11.405860111041635
969,2020-02-10 09:00:00,6839.22,11.644184162928209
970,2020-02-10 10:00:00,6702.09,11.529088627674799
971,2020-02-10 11:00:00,6178.47,11.08960547906114
972,2020-02-10 12:00:00,5712.64,10.698626457788652
973,2020-02-10 13:00:00,5353.62,10.397294881425495
974,2020-02-10 14:00:00,5056.54,10.147950597803508
975,2020-02-10 15:00:00,5130.58,10.210093625807318
976,2020-02-10 16:00:00,5503.58,10.523158853325164
977,2020-02-10 17:00:00,5630.25,10.629475133136653
978,2020-02-10 18:00:00,6431.32,11.301826773371829
979,2020-02-10 19:00:00,6344.48,11.228940488230677
980,2020-02-10 20:00:00,5739.0,10.720750852955865
981,2020-02-10 21:00:00,5211.11,10.277683820906546
982,2020-02-10 22:00:00,4950.83,10.059226401554415
983,2020-02-10 23:00:00,4837.61,9.964198934906772
984,2020-02-11 00:00:00,4514.39,9.69291490584962
985,2020-02-11 01:00:00,4335.32,9.542618417132138
986,2020-02-11 02:00:00,4317.49,9.527653395666606
987,2020-02-11 03:00:00,4496.86,9.678201679473244
988,2020-02-11 04:00:00,4894.08,10.011595163855654
989,2020-02-11 05:00:00,5863.76,10.825464037366391
990,2020-02-11 06:00:00,6735.55,11.55717217328538
991,2020-02-11 07:00:00,6880.13,11.67852061991951
992,2020-02-11 08:00:00,6934.57,11.724213035431767
993,2020-02-11 09:00:00,7165.05,11.917658809261024
994,2020-02-11 10:00:00,7031.83,11.805845003336284
995,2020-02-11 11:00:00,6486.91,11.348484403392519
996,2020-02-11 12:00:00,5764.31,10.74199396531103
997,2020-02-11 13:00:00,5162.82,10.237153204721997
998,2020-02-11 14:00:00,5103.83,10.187641897024202
999,2020-02-11 15:00:00,5258.69,10.317618522046757
1000,2020-02-11 16:00:00,5628.34,10.62787203773569
1001,2020-02-11 17:00:00,5634.05,10.632664537599302
1002,2020-02-11 18:00:00,6094.92,11.01948054673107
1003,2020-02-11 19:00:00,6307.38,11.197801828871665
1004,2020-02-11 20:00:00,5688.91,10.678709466236377
1005,2020-02-11 21:00:00,5078.12,10.166063057883495
1006,2020-02-11 22:00:00,5094.74,10.180012505822761
1007,2020-02-11 23:00:00,4970.48,10.075718979894162
1008,2020-02-12 00:00:00,4675.17,9.827860287298197
1009,2020-02-12 01:00:00,4513.13,9.691857366475162
1010,2020-02-12 02:00:00,4453.36,9.64169139154556
1011,2020-02-12 03:00:00,4555.17,9.72714225163562
1012,2020-02-12 04:00:00,5042.32,10.136015510577492
1013,2020-02-12 05:00:00,5931.08,10.881966855373097
1014,2020-02-12 06:00:00,7161.63,11.91478834524464
1015,2020-02-12 07:00:00,7205.39,11.951516855582927
1016,2020-02-12 08:00:00,7132.34,11.890204751373332
1017,2020-02-12 09:00:00,7304.74,12.034902995941902
1018,2020-02-12 10:00:00,7063.72,11.832610821313615
1019,2020-02-12 11:00:00,6521.69,11.37767584739539
1020,2020-02-12 12:00:00,5602.01,10.605772822077395
1021,2020-02-12 13:00:00,5180.46,10.251958755964395
1022,2020-02-12 14:00:00,5251.98,10.311986705219292
1023,2020-02-12 15:00:00,5274.21,10.330644721325784
1024,2020-02-12 16:00:00,5675.25,10.667244396510121
1025,2020-02-12 17:00:00,5748.72,10.728909013844532
1026,2020-02-12 18:00:00,6165.73,11.07891258094163
1027,2020-02-12 19:00:00,6227.74,11.130958625870267
1028,2020-02-12 20:00:00,5613.44,10.615366214974253
1029,2020-02-12 21:00:00,4978.88,10.082769242390542
1030,2020-02-12 22:00:00,4964.67,10.070842548334166
1031,2020-02-12 23:00:00,4981.11,10.08464091921994
1032,2020-02-13 00:00:00,4643.35,9.801153221508336
1033,2020-02-13 01:00:00,4452.75,9.641179408197608
1034,2020-02-13 02:00:00,4448.71,9.637788567663636
1035,2020-02-13 03:00:00,4627.21,9.787606645711719
1036,2020-02-13 04:00:00,4953.17,10.061190403249835
1037,2020-02-13 05:00:00,6081.11,11.007889579460235
1038,2020-02-13 06:00:00,7054.18,11.82460373747844
1039,2020-02-13 07:00:00,7027.35,11.802084863338216
1040,2020-02-13 08:00:00,7055.2,11.825459840781573
1041,2020-02-13 09:00:00,7198.28,11.94554931196992
1042,2020-02-13 10:00:00,6936.06,11.72546361770791
1043,2020-02-13 11:00:00,6533.15,11.387294419801165
1044,2020-02-13 12:00:00,5714.57,10.700246339528892
1045,2020-02-13 13:00:00,5124.45,10.204948612818887
1046,2020-02-13 14:00:00,5089.9,10.175950211717703
1047,2020-02-13 15:00:00,5096.34,10.18135541296493
1048,2020-02-13 16:00:00,5044.0,10.137425563076768
1049,2020-02-13 17:00:00,5636.79,10.634964266080264
1050,2020-02-13 18:00:00,6098.13,11.022174754185045
1051,2020-02-13 19:00:00,6265.89,11.162978568041328
1052,2020-02-13 20:00:00,5665.82,10.659329637540969
1053,2020-02-13 21:00:00,5021.76,10.118759153800637
1054,2020-02-13 22:00:00,4935.52,10.046376458837798
1055,2020-02-13 23:00:00,4993.09,10.09469593644692
1056,2020-02-14 00:00:00,4675.05,9.827759569262534
1057,2020-02-14 01:00:00,4453.7,9.64197675931327
1058,2020-02-14 02:00:00,4439.59,9.63013399695328
1059,2020-02-14 03:00:00,4607.86,9.771365862461128
1060,2020-02-14 04:00:00,4912.17,10.026778407731788
1061,2020-02-14 05:00:00,5827.68,10.79518148131051
1062,2020-02-14 06:00:00,6642.79,11.479317131718208
1063,2020-02-14 07:00:00,6400.21,11.275715622626308
1064,2020-02-14 08:00:00,6294.47,11.186966246868298
1065,2020-02-14 09:00:00,6590.07,11.435068341383783
1066,2020-02-14 10:00:00,6453.39,11.320350498764107
1067,2020-02-14 11:00:00,6185.1,11.095170150531498
1068,2020-02-14 12:00:00,6175.34,11.086978416964275
1069,2020-02-14 13:00:00,5701.05,10.688898774177574
1070,2020-02-14 14:00:00,5542.08,10.555472556433575
1071,2020-02-14 15:00:00,5773.07,10.749346381914398
1072,2020-02-14 16:00:00,5856.2,10.819118801119648
1073,2020-02-14 17:00:00,5840.79,10.806184926706646
1074,2020-02-14 18:00:00,6445.64,11.31384579229423
1075,2020-02-14 19:00:00,6704.05,11.530733688923954
1076,2020-02-14 20:00:00,5644.32,10.641284322818091
1077,2020-02-14 21:00:00,4922.69,10.03560802219154
1078,2020-02-14 22:00:00,4933.11,10.044353704954908
1079,2020-02-14 23:00:00,4897.7,10.014633491264808
1080,2020-02-15 00:00:00,4568.75,9.738540176004767
1081,2020-02-15 01:00:00,4384.28,9.58371137568247
1082,2020-02-15 02:00:00,4370.15,9.5718518269832
1083,2020-02-15 03:00:00,4556.6,9.728342474893932
1084,2020-02-15 04:00:00,4952.52,10.06064484722333
1085,2020-02-15 05:00:00,5630.11,10.629357628761714
1086,2020-02-15 06:00:00,6497.48,11.357355983700465
1087,2020-02-15 07:00:00,6442.63,11.311319448233029
1088,2020-02-15 08:00:00,6252.59,11.151815652422059
1089,2020-02-15 09:00:00,6471.46,11.335516956300962
1090,2020-02-15 10:00:00,6295.35,11.18770484579649
1091,2020-02-15 11:00:00,5970.59,10.915128268615002
1092,2020-02-15 12:00:00,5800.01,10.771957580920647
1093,2020-02-15 13:00:00,5658.64,10.653303341740491
1094,2020-02-15 14:00:00,5507.0,10.526029317341548
1095,2020-02-15 15:00:00,5927.97,10.879356579615509
1096,2020-02-15 16:00:00,6121.09,11.04144547167515
1097,2020-02-15 17:00:00,5935.66,10.885810927067553
1098,2020-02-15 18:00:00,6492.22,11.352941176470589
1099,2020-02-15 19:00:00,6629.85,11.468456370205928
1100,2020-02-15 20:00:00,5603.3,10.606855540960765
1101,2020-02-15 21:00:00,4865.46,9.987573912350129
1102,2020-02-15 22:00:00,5109.61,10.192493149075283
1103,2020-02-15 23:00:00,5051.51,10.143728833475318
1104,2020-02-16 00:00:00,4715.28,9.861525290718413
1105,2020-02-16 01:00:00,4514.76,9.693225453126246
1106,2020-02-16 02:00:00,4510.04,9.68926387705685
1107,2020-02-16 03:00:00,4708.58,9.855901867060586
1108,2020-02-16 04:00:00,5098.85,10.183462098544204
1109,2020-02-16 05:00:00,5559.78,10.570328466693805
1110,2020-02-16 06:00:00,6279.81,11.174661860178187
1111,2020-02-16 07:00:00,6100.6,11.024247867085766
1112,2020-02-16 08:00:00,6110.25,11.032347275786965
1113,2020-02-16 09:00:00,6044.0,10.976742526931583
1114,2020-02-16 10:00:00,5866.39,10.82767144098133
1115,2020-02-16 11:00:00,5610.44,10.61284826408269
1116,2020-02-16 12:00:00,5572.38,10.580903860438376
1117,2020-02-16 13:00:00,5432.31,10.463340733311231
1118,2020-02-16 14:00:00,5352.6,10.396438778122365
1119,2020-02-16 15:00:00,5793.88,10.766812567932217
1120,2020-02-16 16:00:00,5622.41,10.622894888140031
1121,2020-02-16 17:00:00,5096.01,10.181078438366857
1122,2020-02-16 18:00:00,5932.98,10.883561557604422
1123,2020-02-16 19:00:00,5833.34,10.799932015325927
1124,2020-02-16 20:00:00,4931.67,10.043145088526957
1125,2020-02-16 21:00:00,4174.84,9.407924830772718
1126,2020-02-16 22:00:00,4421.84,9.615236120844857
1127,2020-02-16 23:00:00,4623.38,9.784392061740157
1128,2020-02-17 00:00:00,4338.7,9.545455308469966
1129,2020-02-17 01:00:00,4163.76,9.398625198813207
1130,2020-02-17 02:00:00,4183.46,9.415159743001146
1131,2020-02-17 03:00:00,4378.98,9.57926299577404
1132,2020-02-17 04:00:00,4759.98,9.899042759002723
1133,2020-02-17 05:00:00,5358.54,10.401424320887662
1134,2020-02-17 06:00:00,6468.12,11.332713637641687
1135,2020-02-17 07:00:00,6433.39,11.30356415948701
1136,2020-02-17 08:00:00,6338.45,11.223879406938632
1137,2020-02-17 09:00:00,6573.1,11.420825132507165
1138,2020-02-17 10:00:00,6450.75,11.31813470197953
1139,2020-02-17 11:00:00,6190.36,11.099584957761373
1140,2020-02-17 12:00:00,6128.47,11.0476396308684
1141,2020-02-17 13:00:00,6015.84,10.953107361229431
1142,2020-02-17 14:00:00,5962.04,10.907952108574042
1143,2020-02-17 15:00:00,6693.31,11.521719424732154
1144,2020-02-17 16:00:00,6361.66,11.243359953669703
1145,2020-02-17 17:00:00,5918.89,10.871735581583707
1146,2020-02-17 18:00:00,6561.47,11.411063876217534
1147,2020-02-17 19:00:00,6663.01,11.496288120727353
1148,2020-02-17 20:00:00,5584.5,10.591076382040296
1149,2020-02-17 21:00:00,5079.86,10.167523469400601
1150,2020-02-17 22:00:00,5277.21,10.33316267221735
1151,2020-02-17 23:00:00,5189.71,10.259722437880054
1152,2020-02-18 00:00:00,4842.25,9.968093365619058
1153,2020-02-18 01:00:00,4650.42,9.80708719244279
1154,2020-02-18 02:00:00,4685.8,9.836782226623974
1155,2020-02-18 03:00:00,4860.02,9.98300802806676
1156,2020-02-18 04:00:00,5233.42,10.296408982370147
1157,2020-02-18 05:00:00,5898.54,10.854655481369262
1158,2020-02-18 06:00:00,6910.57,11.704069428299249
1159,2020-02-18 07:00:00,6663.55,11.496741351887835
1160,2020-02-18 08:00:00,6566.51,11.415294033715362
1161,2020-02-18 09:00:00,6745.59,11.565598915602482
1162,2020-02-18 10:00:00,6550.35,11.401730671579468
1163,2020-02-18 11:00:00,6355.27,11.237996718270672
1164,2020-02-18 12:00:00,6306.52,11.197080016282749
1165,2020-02-18 13:00:00,5817.41,10.78656169609172
1166,2020-02-18 14:00:00,5784.69,10.75909924503439
1167,2020-02-18 15:00:00,6597.75,11.441514295666188
1168,2020-02-18 16:00:00,6600.25,11.443612588075823
1169,2020-02-18 17:00:00,6350.46,11.23395960367453
1170,2020-02-18 18:00:00,6742.44,11.562955067166339
1171,2020-02-18 19:00:00,6704.56,11.53116174057552
1172,2020-02-18 20:00:00,5582.45,10.589355782264393
1173,2020-02-18 21:00:00,4778.54,9.91462048185187
1174,2020-02-18 22:00:00,5183.44,10.254459920516684
1175,2020-02-18 23:00:00,5207.65,10.274779784211608
1176,2020-02-19 00:00:00,4892.4,10.010185111356378
1177,2020-02-19 01:00:00,4719.51,9.86507560147552
1178,2020-02-19 02:00:00,4685.3,9.836362568142047
1179,2020-02-19 03:00:00,4869.85,9.991258513821453
1180,2020-02-19 04:00:00,5244.54,10.305742187008212
1181,2020-02-19 05:00:00,5929.41,10.88056519604346
1182,2020-02-19 06:00:00,6902.67,11.697438824284797
1183,2020-02-19 07:00:00,6827.45,11.634305402263639
1184,2020-02-19 08:00:00,6680.78,11.511202783175051
1185,2020-02-19 09:00:00,6667.62,11.500157371930722
1186,2020-02-19 10:00:00,6359.79,11.241790430947294
1187,2020-02-19 11:00:00,5967.71,10.912711035759099
1188,2020-02-19 12:00:00,5920.04,10.87270079609214
1189,2020-02-19 13:00:00,5672.64,10.665053779234459
1190,2020-02-19 14:00:00,5508.78,10.527523301537208
1191,2020-02-19 15:00:00,6105.49,11.028352127039016
1192,2020-02-19 16:00:00,6175.56,11.087163066696323
1193,2020-02-19 17:00:00,5726.71,10.710435647470089
1194,2020-02-19 18:00:00,6505.32,11.363936228697085
1195,2020-02-19 19:00:00,6541.49,11.394294323279714
1196,2020-02-19 20:00:00,5559.35,10.569967560399348
1197,2020-02-19 21:00:00,4908.45,10.023656148626248
1198,2020-02-19 22:00:00,4927.59,10.03972067531443
1199,2020-02-19 23:00:00,4850.57,9.97507648275833
1200,2020-02-20 00:00:00,4562.69,9.733453915203807
1201,2020-02-20 01:00:00,4321.27,9.530826013789978
1202,2020-02-20 02:00:00,4278.53,9.494953606754823
1203,2020-02-20 03:00:00,4430.98,9.62290747789449
1204,2020-02-20 04:00:00,4759.45,9.89859792101188
1205,2020-02-20 05:00:00,5376.44,10.416448094540662
1206,2020-02-20 06:00:00,6174.33,11.086130706830781
1207,2020-02-20 07:00:00,6176.04,11.087565938838972
1208,2020-02-20 08:00:00,6132.52,11.05103886457201
1209,2020-02-20 09:00:00,6230.84,11.133560508458217
1210,2020-02-20 10:00:00,5876.75,10.836366764726865
1211,2020-02-20 11:00:00,5541.46,10.554952179915984
1212,2020-02-20 12:00:00,5476.31,10.500270679720844
1213,2020-02-20 13:00:00,5323.51,10.372023047643827
1214,2020-02-20 14:00:00,5406.51,10.441686355643778
1215,2020-02-20 15:00:00,5703.38,10.690854382703357
1216,2020-02-20 16:00:00,5593.13,10.598319687438362
1217,2020-02-20 17:00:00,5523.34,10.539743756530935
1218,2020-02-20 18:00:00,6336.1,11.221907012073576
1219,2020-02-20 19:00:00,6207.04,11.113584764718471
1220,2020-02-20 20:00:00,5197.83,10.266537691626555
1221,2020-02-20 21:00:00,4369.93,9.571667177251154
1222,2020-02-20 22:00:00,3825.88,9.115036783065941
1223,2020-02-20 23:00:00,3642.16,8.960837470466535
1224,2020-02-21 00:00:00,3314.04,8.685440788286492
1225,2020-02-21 01:00:00,3188.15,8.57977917570681
1226,2020-02-21 02:00:00,3172.08,8.566291352097663
1227,2020-02-21 03:00:00,3217.34,8.604278837881733
1228,2020-02-21 04:00:00,3543.61,8.878122783678643
1229,2020-02-21 05:00:00,4017.4,9.275782767983415
1230,2020-02-21 06:00:00,4676.74,9.829178014931449
1231,2020-02-21 07:00:00,4917.08,10.030899454024315
1232,2020-02-21 08:00:00,4619.47,9.781110332411483
1233,2020-02-21 09:00:00,4748.51,9.88941579342731
1234,2020-02-21 10:00:00,4812.64,9.943241190319318
1235,2020-02-21 11:00:00,4887.17,10.005795483635417
1236,2020-02-21 12:00:00,4947.27,10.056238433163092
1237,2020-02-21 13:00:00,4734.0,9.877237304281776
1238,2020-02-21 14:00:00,4835.19,9.962167787854243
1239,2020-02-21 15:00:00,4504.65,9.684739958621673
1240,2020-02-21 16:00:00,4563.19,9.733873573685734
1241,2020-02-21 17:00:00,4885.98,10.00479669644843
1242,2020-02-21 18:00:00,5945.58,10.894136951348992
1243,2020-02-21 19:00:00,5852.5,10.816013328353385
1244,2020-02-21 20:00:00,5056.96,10.148303110928326
1245,2020-02-21 21:00:00,4309.84,9.521232620893118
1246,2020-02-21 22:00:00,4275.33,9.492267792470487
1247,2020-02-21 23:00:00,4080.31,9.328584198179522
1248,2020-02-22 00:00:00,3814.26,9.105283919945947
1249,2020-02-22 01:00:00,3631.54,8.951923924310396
1250,2020-02-22 02:00:00,3564.99,8.896067380365858
1251,2020-02-22 03:00:00,3752.82,9.053716285686708
1252,2020-02-22 04:00:00,4146.92,9.38449110114189
1253,2020-02-22 05:00:00,4798.59,9.931448786977159
1254,2020-02-22 06:00:00,5548.98,10.561263843484172
1255,2020-02-22 07:00:00,5429.22,10.46074724389292
1256,2020-02-22 08:00:00,5050.84,10.143166491109536
1257,2020-02-22 09:00:00,5033.07,10.128251828661835
1258,2020-02-22 10:00:00,5110.53,10.193265320682029
1259,2020-02-22 11:00:00,4867.66,9.98942040967061
1260,2020-02-22 12:00:00,5114.03,10.19620293005552
1261,2020-02-22 13:00:00,4907.37,10.022749686305286
1262,2020-02-22 14:00:00,4858.24,9.981514043871098
1263,2020-02-22 15:00:00,4932.85,10.044135482544306
1264,2020-02-22 16:00:00,4844.71,9.970158085350143
1265,2020-02-22 17:00:00,4829.65,9.957517971874488
1266,2020-02-22 18:00:00,5989.84,10.931285120169207
1267,2020-02-22 19:00:00,6000.92,10.940584752128718
1268,2020-02-22 20:00:00,5210.51,10.277180230728234
1269,2020-02-22 21:00:00,4569.23,9.738943048147418
1270,2020-02-22 22:00:00,4446.87,9.636244224450142
1271,2020-02-22 23:00:00,4291.32,9.505688470722525
1272,2020-02-23 00:00:00,4043.96,9.2980750265434
1273,2020-02-23 01:00:00,3880.91,9.16122439558687
1274,2020-02-23 02:00:00,3885.77,9.165303476031205
1275,2020-02-23 03:00:00,4049.64,9.302842346898094
1276,2020-02-23 04:00:00,4403.74,9.600044483799085
1277,2020-02-23 05:00:00,4992.69,10.094360209661378
1278,2020-02-23 06:00:00,5665.51,10.659069449282175
1279,2020-02-23 07:00:00,5320.22,10.369261694832746
1280,2020-02-23 08:00:00,5105.94,10.189412855817935
1281,2020-02-23 09:00:00,5106.81,10.190143061576489
1282,2020-02-23 10:00:00,4973.7,10.078421580517775
1283,2020-02-23 11:00:00,4699.96,9.848666954832158
1284,2020-02-23 12:00:00,4968.68,10.074208209359224
1285,2020-02-23 13:00:00,4732.07,9.875617422541534
1286,2020-02-23 14:00:00,4622.2,9.783401667722806
1287,2020-02-23 15:00:00,4598.38,9.763409137643785
1288,2020-02-23 16:00:00,4373.79,9.574906940731633
1289,2020-02-23 17:00:00,4485.57,9.668725790951324
1290,2020-02-23 18:00:00,5432.43,10.463441451346894
1291,2020-02-23 19:00:00,5290.93,10.344678100961438
1292,2020-02-23 20:00:00,4683.12,9.834532857160841
1293,2020-02-23 21:00:00,4058.12,9.309959754751583
1294,2020-02-23 22:00:00,4043.61,9.29778126560605
1295,2020-02-23 23:00:00,3985.58,9.249075702193554
1296,2020-02-24 00:00:00,3708.56,9.016568116866495
1297,2020-02-24 01:00:00,3544.88,8.879188716222737
1298,2020-02-24 02:00:00,3565.81,8.89675562027622
1299,2020-02-24 03:00:00,3727.29,9.032288523599494
1300,2020-02-24 04:00:00,4161.68,9.396879419528387
1301,2020-02-24 05:00:00,4844.18,9.9697132473593
1302,2020-02-24 06:00:00,5890.76,10.84812559539047
1303,2020-02-24 07:00:00,5799.68,10.771680606322574
1304,2020-02-24 08:00:00,5471.45,10.496191599276509
1305,2020-02-24 09:00:00,5638.39,10.636307173222432
1306,2020-02-24 10:00:00,5457.68,10.484634204684228
1307,2020-02-24 11:00:00,5264.49,10.322486560437117
1308,2020-02-24 12:00:00,5378.29,10.418000830923795
1309,2020-02-24 13:00:00,5263.39,10.321563311776876
1310,2020-02-24 14:00:00,5091.41,10.177217580333124
1311,2020-02-24 15:00:00,5362.74,10.404949452135853
1312,2020-02-24 16:00:00,5250.26,10.310543080041462
1313,2020-02-24 17:00:00,5001.33,10.101611908229083
1314,2020-02-24 18:00:00,5957.92,10.90449412268296
1315,2020-02-24 19:00:00,6084.99,11.011146129279993
1316,2020-02-24 20:00:00,5252.15,10.312129389103148
1317,2020-02-24 21:00:00,4505.27,9.685260335139263
1318,2020-02-24 22:00:00,4599.79,9.76459257456282
1319,2020-02-24 23:00:00,4552.54,9.72493484802068
1320,2020-02-25 00:00:00,4202.7,9.431308201385711
1321,2020-02-25 01:00:00,4023.28,9.280717951730882
1322,2020-02-25 02:00:00,3984.16,9.24788387210488
1323,2020-02-25 03:00:00,4181.44,9.413464322734159
1324,2020-02-25 04:00:00,4589.76,9.756174225415357
1325,2020-02-25 05:00:00,5255.16,10.31465573316435
1326,2020-02-25 06:00:00,6167.97,11.080792650940666
1327,2020-02-25 07:00:00,5908.15,10.862721317391905
1328,2020-02-25 08:00:00,5757.43,10.73621946459971
1329,2020-02-25 09:00:00,5829.09,10.796364918229544
1330,2020-02-25 10:00:00,5629.0,10.628425986931834
1331,2020-02-25 11:00:00,5343.05,10.38842330111755
1332,2020-02-25 12:00:00,5351.11,10.39518819584622
1333,2020-02-25 13:00:00,5174.24,10.246738204449219
1334,2020-02-25 14:00:00,5345.59,10.390555166205742
1335,2020-02-25 15:00:00,5571.32,10.580014184456688
1336,2020-02-25 16:00:00,5372.63,10.413250296908377
1337,2020-02-25 17:00:00,5077.76,10.165760903776507
1338,2020-02-25 18:00:00,6033.69,10.96808916903424
1339,2020-02-25 19:00:00,6047.52,10.979696922644353
1340,2020-02-25 20:00:00,5211.84,10.27829652229016
1341,2020-02-25 21:00:00,4600.22,9.76495348085728
1342,2020-02-25 22:00:00,4652.3,9.808665108334838
1343,2020-02-25 23:00:00,4559.63,9.73088560529441
1344,2020-02-26 00:00:00,4230.44,9.454590853963044
1345,2020-02-26 01:00:00,4063.69,9.314634750240256
1346,2020-02-26 02:00:00,4134.96,9.374452870254187
1347,2020-02-26 03:00:00,4287.48,9.502465493581322
1348,2020-02-26 04:00:00,4661.74,9.816588260473626
1349,2020-02-26 05:00:00,5252.83,10.31270012463857
1350,2020-02-26 06:00:00,6093.58,11.018355861999504
1351,2020-02-26 07:00:00,5924.46,10.87641057707238
1352,2020-02-26 08:00:00,5624.29,10.624472804032079
1353,2020-02-26 09:00:00,5798.01,10.770278946992937
1354,2020-02-26 10:00:00,5677.01,10.668721594366504
1355,2020-02-26 11:00:00,5388.89,10.426897590740655
1356,2020-02-26 12:00:00,5451.02,10.479044353704955
1357,2020-02-26 13:00:00,5101.67,10.185828972382275
1358,2020-02-26 14:00:00,5126.91,10.20701333254997
1359,2020-02-26 15:00:00,5327.98,10.375774794472258
1360,2020-02-26 16:00:00,5309.96,10.360650302783595
1361,2020-02-26 17:00:00,5159.23,10.234140056821758
1362,2020-02-26 18:00:00,6073.02,11.001099505222651
1363,2020-02-26 19:00:00,6200.3,11.10792776838209
1364,2020-02-26 20:00:00,5357.49,10.400543038075615
1365,2020-02-26 21:00:00,4783.66,9.918917784706805
1366,2020-02-26 22:00:00,4719.76,9.865285430716483
1367,2020-02-26 23:00:00,4625.66,9.786305704417744
1368,2020-02-27 00:00:00,4318.75,9.528710935041063
1369,2020-02-27 01:00:00,4114.07,9.35691953887926
1370,2020-02-27 02:00:00,4099.06,9.3443213912518
1371,2020-02-27 03:00:00,4296.73,9.51022917549698
1372,2020-02-27 04:00:00,4637.05,9.795865524636051
1373,2020-02-27 05:00:00,5230.95,10.294335869469425
1374,2020-02-27 06:00:00,6021.04,10.957471809441476
1375,2020-02-27 07:00:00,5789.81,10.763396547889329
1376,2020-02-27 08:00:00,5595.48,10.60029208230342
1377,2020-02-27 09:00:00,5653.49,10.648980859376639
1378,2020-02-27 10:00:00,5472.54,10.49710645476711
1379,2020-02-27 11:00:00,5189.72,10.259730831049692
1380,2020-02-27 12:00:00,5352.39,10.396262521559954
1381,2020-02-27 13:00:00,5170.37,10.243490047799101
1382,2020-02-27 14:00:00,5058.2,10.149343863963505
1383,2020-02-27 15:00:00,5227.36,10.291322721569188
1384,2020-02-27 16:00:00,5298.32,10.350880653324324
1385,2020-02-27 17:00:00,5187.3,10.257699683997163
1386,2020-02-27 18:00:00,5935.46,10.885643063674781
1387,2020-02-27 19:00:00,6086.6,11.012497429591798
1388,2020-02-27 20:00:00,5240.62,10.302452064509902
1389,2020-02-27 21:00:00,4596.04,9.761445135948366
1390,2020-02-27 22:00:00,4614.2,9.776687132011968
1391,2020-02-27 23:00:00,4491.79,9.6739463424665
1392,2020-02-28 00:00:00,4213.8,9.4406246196845
1393,2020-02-28 01:00:00,4046.37,9.300097780426288
1394,2020-02-28 02:00:00,4032.17,9.28817947953955
1395,2020-02-28 03:00:00,4199.19,9.428362198842581
1396,2020-02-28 04:00:00,4512.13,9.691018049511307
1397,2020-02-28 05:00:00,5126.95,10.207046905228525
1398,2020-02-28 06:00:00,5976.05,10.919710939237648
1399,2020-02-28 07:00:00,5687.19,10.677265841058546
1400,2020-02-28 08:00:00,5352.81,10.396615034684775
1401,2020-02-28 09:00:00,5446.35,10.475124743483754
1402,2020-02-28 10:00:00,5301.54,10.353583253947937
1403,2020-02-28 11:00:00,4986.24,10.088946615244513
1404,2020-02-28 12:00:00,5152.94,10.228860753119111
1405,2020-02-28 13:00:00,5176.6,10.248718992483917
1406,2020-02-28 14:00:00,5032.88,10.128092358438703
1407,2020-02-28 15:00:00,5020.24,10.117483392015577
1408,2020-02-28 16:00:00,5004.39,10.10418021813848
1409,2020-02-28 17:00:00,4942.65,10.052360788790082
1410,2020-02-28 18:00:00,5832.03,10.798832510103278
1411,2020-02-28 19:00:00,5943.89,10.892718505680078
1412,2020-02-28 20:00:00,5133.06,10.212175131877679
1413,2020-02-28 21:00:00,4553.07,9.725379686011523
1414,2020-02-28 22:00:00,4353.19,9.557617011276223
1415,2020-02-28 23:00:00,4278.58,9.494995572603015
1416,2020-03-01 00:00:00,3074.47,8.484365623255794
1417,2020-03-01 01:00:00,2913.09,8.348916651628905
1418,2020-03-01 02:00:00,2882.85,8.323535706641934
1419,2020-03-01 03:00:00,3026.92,8.444456101624498
1420,2020-03-01 04:00:00,3374.14,8.735883737814166
1421,2020-03-01 05:00:00,4001.57,9.262496380445594
1422,2020-03-01 06:00:00,4487.53,9.67037085220048
1423,2020-03-01 07:00:00,4250.04,9.471041466454599
1424,2020-03-01 08:00:00,3916.56,9.191146045348296
1425,2020-03-01 09:00:00,3959.81,9.227446504035017
1426,2020-03-01 10:00:00,3850.16,9.135415398948336
1427,2020-03-01 11:00:00,3901.01,9.178094666560353
1428,2020-03-01 12:00:00,4333.79,9.54133426217744
1429,2020-03-01 13:00:00,4454.4,9.642564281187969
1430,2020-03-01 14:00:00,4117.92,9.3601509091901
1431,2020-03-01 15:00:00,3945.26,9.215234442210928
1432,2020-03-01 16:00:00,3858.01,9.142004037114596
1433,2020-03-01 17:00:00,3851.44,9.13648972466207
1434,2020-03-01 18:00:00,4908.07,10.023337208179983
1435,2020-03-01 19:00:00,4986.54,10.08919841033367
1436,2020-03-01 20:00:00,4423.84,9.616914754772566
1437,2020-03-01 21:00:00,3786.96,9.082370566832711
1438,2020-03-01 22:00:00,3650.31,8.96767790372195
1439,2020-03-01 23:00:00,3527.83,8.864878361989014
1440,2020-03-02 00:00:00,3271.65,8.649862142188686
1441,2020-03-02 01:00:00,3108.81,8.51318776779457
1442,2020-03-02 02:00:00,3098.69,8.504693880120358
1443,2020-03-02 03:00:00,3284.76,8.660865587584823
1444,2020-03-02 04:00:00,3671.42,8.985395884828925
1445,2020-03-02 05:00:00,4379.27,9.579506397693557
1446,2020-03-02 06:00:00,5155.4,10.230925472850194
1447,2020-03-02 07:00:00,4869.13,9.990654205607477
1448,2020-03-02 08:00:00,4607.24,9.77084548594354
1449,2020-03-02 09:00:00,4807.6,9.93901103282149
1450,2020-03-02 10:00:00,4687.9,9.838544792248069
1451,2020-03-02 11:00:00,4534.51,9.709801963162379
1452,2020-03-02 12:00:00,4773.06,9.910021024889945
1453,2020-03-02 13:00:00,5144.76,10.22199514035478
1454,2020-03-02 14:00:00,4928.23,10.040257838171296
1455,2020-03-02 15:00:00,4847.43,9.972441027491827
1456,2020-03-02 16:00:00,4901.71,10.017999152289867
1457,2020-03-02 17:00:00,4995.23,10.096492074749568
1458,2020-03-02 18:00:00,5828.13,10.795559173944245
1459,2020-03-02 19:00:00,5986.66,10.928616092224148
1460,2020-03-02 20:00:00,5105.51,10.189051949523478
1461,2020-03-02 21:00:00,4477.84,9.662237870820725
1462,2020-03-02 22:00:00,4295.93,9.509557721925898
1463,2020-03-02 23:00:00,4176.49,9.409309703763078
1464,2020-03-03 00:00:00,3877.77,9.158588940320367
1465,2020-03-03 01:00:00,3743.77,9.046120467163822
1466,2020-03-03 02:00:00,3704.13,9.012849942716617
1467,2020-03-03 03:00:00,3876.72,9.15770765750832
1468,2020-03-03 04:00:00,4270.07,9.487852985240611
1469,2020-03-03 05:00:00,4926.51,10.038814212993465
1470,2020-03-03 06:00:00,5659.75,10.65423498357037
1471,2020-03-03 07:00:00,5283.27,10.33824893301831
1472,2020-03-03 08:00:00,5107.83,10.19099916487962
1473,2020-03-03 09:00:00,5205.12,10.272656312293055
1474,2020-03-03 10:00:00,4976.06,10.080402368552473
1475,2020-03-03 11:00:00,4903.17,10.019224555057095
1476,2020-03-03 12:00:00,5431.21,10.462417484650992
1477,2020-03-03 13:00:00,5317.46,10.366945180012506
1478,2020-03-03 14:00:00,5223.41,10.28800741956196
1479,2020-03-03 15:00:00,5251.79,10.31182723499616
1480,2020-03-03 16:00:00,5279.73,10.335277750966263
1481,2020-03-03 17:00:00,5253.46,10.313228894325798
1482,2020-03-03 18:00:00,5991.03,10.932283907356194
1483,2020-03-03 19:00:00,6160.09,11.074178833265488
1484,2020-03-03 20:00:00,5282.63,10.337711770161443
1485,2020-03-03 21:00:00,4582.24,9.749862561847168
1486,2020-03-03 22:00:00,4472.89,9.658083251849645
1487,2020-03-03 23:00:00,4339.18,9.545858180612617
1488,2020-03-04 00:00:00,4050.55,9.303606125335202
1489,2020-03-04 01:00:00,3901.62,9.178606649908303
1490,2020-03-04 02:00:00,3885.83,9.165353835049038
1491,2020-03-04 03:00:00,4059.84,9.311403379929413
1492,2020-03-04 04:00:00,4439.93,9.63041936472099
1493,2020-03-04 05:00:00,5023.28,10.120034915585697
1494,2020-03-04 06:00:00,5812.58,10.782507795156302
1495,2020-03-04 07:00:00,5415.43,10.449173062961362
1496,2020-03-04 08:00:00,5173.43,10.246058357708497
1497,2020-03-04 09:00:00,5236.86,10.299296232725808
1498,2020-03-04 10:00:00,5134.79,10.213627150225147
1499,2020-03-04 11:00:00,4933.2,10.044429243481655
1500,2020-03-04 12:00:00,5473.94,10.498281498516507
1501,2020-03-04 13:00:00,5312.09,10.362438047916605
1502,2020-03-04 14:00:00,5285.45,10.340078643999513
1503,2020-03-04 15:00:00,5257.53,10.316644914368688
1504,2020-03-04 16:00:00,5141.83,10.219535941650685
1505,2020-03-04 17:00:00,4960.96,10.067728682398265
1506,2020-03-04 18:00:00,5279.23,10.334858092484335
1507,2020-03-04 19:00:00,5067.06,10.15678021226326
1508,2020-03-04 20:00:00,4250.46,9.471393979579418
1509,2020-03-04 21:00:00,3663.45,8.978706528627002
1510,2020-03-04 22:00:00,3455.78,8.804405574743274
1511,2020-03-04 23:00:00,3209.46,8.597665020206556
1512,2020-03-05 00:00:00,2860.55,8.304818938347973
1513,2020-03-05 01:00:00,2749.97,8.212007268484907
1514,2020-03-05 02:00:00,2803.26,8.25673446948873
1515,2020-03-05 03:00:00,2999.7,8.42160989386837
1516,2020-03-05 04:00:00,3356.14,8.72077603246478
1517,2020-03-05 05:00:00,4005.1,9.265459169328
1518,2020-03-05 06:00:00,4731.92,9.875491524996956
1519,2020-03-05 07:00:00,4551.36,9.723944454003332
1520,2020-03-05 08:00:00,4289.41,9.504085375321562
1521,2020-03-05 09:00:00,4546.46,9.719831800880444
1522,2020-03-05 10:00:00,4426.24,9.618929115485818
1523,2020-03-05 11:00:00,4220.24,9.446029820931725
1524,2020-03-05 12:00:00,4805.4,9.937164535501008
1525,2020-03-05 13:00:00,4670.81,9.82420086533579
1526,2020-03-05 14:00:00,4641.57,9.799659237312675
1527,2020-03-05 15:00:00,4455.45,9.643445564000016
1528,2020-03-05 16:00:00,4445.37,9.63498524900436
1529,2020-03-05 17:00:00,4584.5,9.75175941818548
1530,2020-03-05 18:00:00,5224.1,10.28858654826702
1531,2020-03-05 19:00:00,4635.53,9.794589762850991
1532,2020-03-05 20:00:00,3668.54,8.982978651973024
1533,2020-03-05 21:00:00,3276.33,8.653790145579528
1534,2020-03-05 22:00:00,3137.6,8.53735170318395
1535,2020-03-05 23:00:00,3049.9,8.463743605453882
1536,2020-03-06 00:00:00,2937.71,8.36958063527901
1537,2020-03-06 01:00:00,2813.83,8.265606049796675
1538,2020-03-06 02:00:00,2738.43,8.202321550722022
1539,2020-03-06 03:00:00,2784.7,8.241156746639584
1540,2020-03-06 04:00:00,3032.34,8.44900519956859
1541,2020-03-06 05:00:00,3454.36,8.8032137446546
1542,2020-03-06 06:00:00,3933.93,9.205724981010453
1543,2020-03-06 07:00:00,3939.29,9.210223719936716
1544,2020-03-06 08:00:00,3826.25,9.115347330342567
1545,2020-03-06 09:00:00,3992.85,9.25517753652078
1546,2020-03-06 10:00:00,3896.41,9.17423380852662
1547,2020-03-06 11:00:00,3844.64,9.130782369307857
1548,2020-03-06 12:00:00,4084.92,9.332453449382893
1549,2020-03-06 13:00:00,3770.06,9.068186110143564
1550,2020-03-06 14:00:00,3550.61,8.883998002425626
1551,2020-03-06 15:00:00,3246.63,8.62886243175304
1552,2020-03-06 16:00:00,3132.75,8.533281015909253
1553,2020-03-06 17:00:00,3417.64,8.772394025741852
1554,2020-03-06 18:00:00,4151.65,9.388461070380924
1555,2020-03-06 19:00:00,4716.23,9.862322641834075
1556,2020-03-06 20:00:00,4457.16,9.64488079600821
1557,2020-03-06 21:00:00,4025.17,9.282304260792568
1558,2020-03-06 22:00:00,3594.92,8.921188137094033
1559,2020-03-06 23:00:00,3367.35,8.730184775629592
1560,2020-03-07 00:00:00,3110.84,8.514891581231193
1561,2020-03-07 01:00:00,2946.52,8.37697501773057
1562,2020-03-07 02:00:00,2867.96,8.311038277050137
1563,2020-03-07 03:00:00,2965.95,8.39328294633827
1564,2020-03-07 04:00:00,3309.23,8.681403673690351
1565,2020-03-07 05:00:00,3929.09,9.201662686905397
1566,2020-03-07 06:00:00,4580.2,9.748150355240904
1567,2020-03-07 07:00:00,4356.32,9.560244073373088
1568,2020-03-07 08:00:00,4264.8,9.483429784841096
1569,2020-03-07 09:00:00,4560.02,9.731212938910314
1570,2020-03-07 10:00:00,4315.78,9.526218163658415
1571,2020-03-07 11:00:00,4156.6,9.392615689352006
1572,2020-03-07 12:00:00,4747.36,9.888450578918874
1573,2020-03-07 13:00:00,4566.56,9.736702071853927
1574,2020-03-07 14:00:00,4349.61,9.554612256545623
1575,2020-03-07 15:00:00,3952.05,9.220933404395502
1576,2020-03-07 16:00:00,3861.45,9.144891287470257
1577,2020-03-07 17:00:00,4119.55,9.361518995841184
1578,2020-03-07 18:00:00,5202.07,10.2700963955533
1579,2020-03-07 19:00:00,5478.41,10.502033245344938
1580,2020-03-07 20:00:00,4896.42,10.013559165551074
1581,2020-03-07 21:00:00,4363.27,9.56607732627188
1582,2020-03-07 22:00:00,3902.8,9.179597043925654
1583,2020-03-07 23:00:00,3616.32,8.939149520120527
1584,2020-03-08 00:00:00,3290.42,8.665616121600241
1585,2020-03-08 01:00:00,3156.47,8.553189614291888
1586,2020-03-08 02:00:00,3140.12,8.539466781932862
1587,2020-03-08 03:00:00,3256.39,8.637054165320261
1588,2020-03-08 04:00:00,3598.63,8.924302003029934
1589,2020-03-08 05:00:00,4195.17,9.424988144647886
1590,2020-03-08 06:00:00,4599.81,9.764609360902098
1591,2020-03-08 07:00:00,4365.04,9.567562917297902
1592,2020-03-08 08:00:00,4057.22,9.309204369484114
1593,2020-03-08 09:00:00,4118.98,9.361040585171786
1594,2020-03-08 10:00:00,3949.92,9.219145659262493
1595,2020-03-08 11:00:00,3741.17,9.043938243057799
1596,2020-03-08 12:00:00,4344.2,9.550071551771168
1597,2020-03-08 13:00:00,4306.2,9.518177507144685
1598,2020-03-08 14:00:00,4061.71,9.312972902651822
1599,2020-03-08 15:00:00,3701.03,9.010248060128667
1600,2020-03-08 16:00:00,3198.51,8.588474499452346
1601,2020-03-08 17:00:00,3499.43,8.841041760215537
1602,2020-03-08 18:00:00,4473.38,9.658494517161934
1603,2020-03-08 19:00:00,4754.14,9.894141147933812
1604,2020-03-08 20:00:00,4289.32,9.504009836794816
1605,2020-03-08 21:00:00,3918.98,9.193177192400825
1606,2020-03-08 22:00:00,3483.63,8.827780552186631
1607,2020-03-08 23:00:00,3204.01,8.593090742753548
1608,2020-03-09 00:00:00,2943.72,8.374624930231777
1609,2020-03-09 01:00:00,2783.48,8.240132779943682
1610,2020-03-09 02:00:00,2776.09,8.233930227580794
1611,2020-03-09 03:00:00,2949.66,8.379610472997076
1612,2020-03-09 04:00:00,3350.65,8.716168182333217
1613,2020-03-09 05:00:00,4131.8,9.371800628648407
1614,2020-03-09 06:00:00,4774.49,9.911221248148257
1615,2020-03-09 07:00:00,4286.68,9.501794040010239
1616,2020-03-09 08:00:00,4066.47,9.31696805139977
1617,2020-03-09 09:00:00,4115.46,9.35808618945902
1618,2020-03-09 10:00:00,3911.8,9.187150896600347
1619,2020-03-09 11:00:00,3768.36,9.066759271305013
1620,2020-03-09 12:00:00,4159.21,9.394806306627666
1621,2020-03-09 13:00:00,4066.81,9.317253419167482
1622,2020-03-09 14:00:00,3926.77,9.199715471549254
1623,2020-03-09 15:00:00,3370.84,8.733113991833445
1624,2020-03-09 16:00:00,3132.85,8.533364947605639
1625,2020-03-09 17:00:00,3338.55,8.706012447070574
1626,2020-03-09 18:00:00,4248.8,9.47000071341942
1627,2020-03-09 19:00:00,4539.36,9.713872650437073
1628,2020-03-09 20:00:00,4117.73,9.359991438966969
1629,2020-03-09 21:00:00,3578.15,8.907112791610189
1630,2020-03-09 22:00:00,3189.77,8.581138869188255
1631,2020-03-09 23:00:00,2911.41,8.347506599129629
1632,2020-03-10 00:00:00,2634.66,8.115225629382808
1633,2020-03-10 01:00:00,2490.1,7.9938939690879565
1634,2020-03-10 02:00:00,2461.23,7.9696628883414675
1635,2020-03-10 03:00:00,2622.53,8.10504471461125
1636,2020-03-10 04:00:00,2888.26,8.32807641141639
1637,2020-03-10 05:00:00,3567.79,8.898417467864652
1638,2020-03-10 06:00:00,4015.34,9.274053775037874
1639,2020-03-10 07:00:00,3667.94,8.982475061794712
1640,2020-03-10 08:00:00,2976.63,8.40224685151224
1641,2020-03-10 09:00:00,2953.5,8.382833450138278
1642,2020-03-10 10:00:00,2682.13,8.155068005656997
1643,2020-03-10 11:00:00,2343.68,7.871001179240334
1644,2020-03-10 12:00:00,2800.83,8.254694929266563
1645,2020-03-10 13:00:00,2866.2,8.309561079193752
1646,2020-03-10 14:00:00,2760.11,8.220517942498395
1647,2020-03-10 15:00:00,2390.0,7.909878341006089
1648,2020-03-10 16:00:00,2145.45,7.704623377495394
1649,2020-03-10 17:00:00,2262.6,7.802949359810985
1650,2020-03-10 18:00:00,3493.46,8.836031037941323
1651,2020-03-10 19:00:00,3596.95,8.922891950530659
1652,2020-03-10 20:00:00,3116.39,8.519549790380587
1653,2020-03-10 21:00:00,2638.29,8.1182723499616
1654,2020-03-10 22:00:00,2299.71,7.834096412339638
1655,2020-03-10 23:00:00,2093.41,7.6609453226963895
1656,2020-03-11 00:00:00,1960.26,7.549190268959121
1657,2020-03-11 01:00:00,1851.9,7.4582418827558135
1658,2020-03-11 02:00:00,1846.48,7.45369278481172
1659,2020-03-11 03:00:00,1921.47,7.516633163931193
1660,2020-03-11 04:00:00,2225.59,7.771886238978719
1661,2020-03-11 05:00:00,2960.87,8.389019216161888
1662,2020-03-11 06:00:00,3704.36,9.013042985618304
1663,2020-03-11 07:00:00,3385.55,8.74546034437175
1664,2020-03-11 08:00:00,3266.24,8.645321437414232
1665,2020-03-11 09:00:00,3462.63,8.81015489594568
1666,2020-03-11 10:00:00,3517.09,8.855864097797213
1667,2020-03-11 11:00:00,3188.58,8.580140082001268
1668,2020-03-11 12:00:00,3739.92,9.042889096852981
1669,2020-03-11 13:00:00,3835.02,9.122708140115574
1670,2020-03-11 14:00:00,3605.67,8.930210794455473
1671,2020-03-11 15:00:00,3180.76,8.573576623343923
1672,2020-03-11 16:00:00,3032.29,8.448963233720399
1673,2020-03-11 17:00:00,3230.04,8.614938163322687
1674,2020-03-11 18:00:00,4320.42,9.530112594370701
1675,2020-03-11 19:00:00,4412.11,9.60706956678655
1676,2020-03-11 20:00:00,3909.3,9.185052604190709
1677,2020-03-11 21:00:00,3349.92,8.715555480949604
1678,2020-03-11 22:00:00,2927.97,8.361405688051065
1679,2020-03-11 23:00:00,2698.65,8.168933521899877
1680,2020-03-12 00:00:00,2543.99,8.039124760270091
1681,2020-03-12 01:00:00,2456.84,7.965978286870145
1682,2020-03-12 02:00:00,2428.64,7.9423095484894395
1683,2020-03-12 03:00:00,2596.51,8.083205687211747
1684,2020-03-12 04:00:00,2933.97,8.366441589834192
1685,2020-03-12 05:00:00,3615.37,8.938352169004864
1686,2020-03-12 06:00:00,4367.18,9.569359055600552
1687,2020-03-12 07:00:00,4016.16,9.274742014948234
1688,2020-03-12 08:00:00,3833.74,9.12163381440184
1689,2020-03-12 09:00:00,4059.68,9.311269089215196
1690,2020-03-12 10:00:00,4001.35,9.262311730713545
1691,2020-03-12 11:00:00,3846.82,9.13261208028906
1692,2020-03-12 12:00:00,4366.88,9.569107260511396
1693,2020-03-12 13:00:00,4332.84,9.540536911061778
1694,2020-03-12 14:00:00,4241.44,9.463823340565447
1695,2020-03-12 15:00:00,3821.71,9.111536831326667
1696,2020-03-12 16:00:00,3737.91,9.041202069755633
1697,2020-03-12 17:00:00,3866.38,9.14902912010206
1698,2020-03-12 18:00:00,5005.73,10.105304902870044
1699,2020-03-12 19:00:00,5189.55,10.259588147165836
1700,2020-03-12 20:00:00,4798.66,9.931507539164627
1701,2020-03-12 21:00:00,4182.09,9.414009878760664
1702,2020-03-12 22:00:00,3737.9,9.041193676585994
1703,2020-03-12 23:00:00,3458.85,8.806982277822309
1704,2020-03-13 00:00:00,3185.62,8.577655703788256
1705,2020-03-13 01:00:00,3001.3,8.422952801010538
1706,2020-03-13 02:00:00,2968.04,8.395037118792727
1707,2020-03-13 03:00:00,3042.23,8.457306044341115
1708,2020-03-13 04:00:00,3411.78,8.767475628333663
1709,2020-03-13 05:00:00,4203.98,9.432382527099445
1710,2020-03-13 06:00:00,4919.56,10.032980960094676
1711,2020-03-13 07:00:00,4482.77,9.66637570345253
1712,2020-03-13 08:00:00,4245.86,9.467533121545685
1713,2020-03-13 09:00:00,4438.23,9.628992525882436
1714,2020-03-13 10:00:00,4339.06,9.545757462576955
1715,2020-03-13 11:00:00,4306.51,9.518437695403481
1716,2020-03-13 12:00:00,4655.24,9.81113270020857
1717,2020-03-13 13:00:00,4496.05,9.677521832732523
1718,2020-03-13 14:00:00,4428.25,9.620616142583167
1719,2020-03-13 15:00:00,4176.03,9.408923617959704
1720,2020-03-13 16:00:00,4157.98,9.393773946762124
1721,2020-03-13 17:00:00,4207.54,9.43537049549077
1722,2020-03-13 18:00:00,5140.85,10.218713411026107
1723,2020-03-13 19:00:00,5429.48,10.460965466303522
1724,2020-03-13 20:00:00,4828.59,9.956628295892802
1725,2020-03-13 21:00:00,4256.66,9.476597744755317
1726,2020-03-13 22:00:00,3860.15,9.143800175417246
1727,2020-03-13 23:00:00,3627.87,8.948843631053048
1728,2020-03-14 00:00:00,3336.75,8.704501676535635
1729,2020-03-14 01:00:00,3173.3,8.567315318793566
1730,2020-03-14 02:00:00,3099.08,8.505021213736262
1731,2020-03-14 03:00:00,3231.29,8.615987309527506
1732,2020-03-14 04:00:00,3628.93,8.949733307034736
1733,2020-03-14 05:00:00,4333.64,9.541208364632862
1734,2020-03-14 06:00:00,5051.4,10.143636508609294
1735,2020-03-14 07:00:00,4752.84,9.893050035880801
1736,2020-03-14 08:00:00,4447.51,9.63678138730701
1737,2020-03-14 09:00:00,4589.92,9.756308516129574
1738,2020-03-14 10:00:00,4496.06,9.67753022590216
1739,2020-03-14 11:00:00,4308.9,9.520443662947093
1740,2020-03-14 12:00:00,4702.17,9.850521845322277
1741,2020-03-14 13:00:00,4684.07,9.835330208276504
1742,2020-03-14 14:00:00,4487.91,9.670689792646744
1743,2020-03-14 15:00:00,4180.51,9.412683757957774
1744,2020-03-14 16:00:00,4119.78,9.361712038742871
1745,2020-03-14 17:00:00,4249.58,9.470655380651227
1746,2020-03-14 18:00:00,5279.4,10.33500077636819
1747,2020-03-14 19:00:00,5498.12,10.518576182702517
1748,2020-03-14 20:00:00,4933.39,10.044588713704787
1749,2020-03-14 21:00:00,4364.19,9.566849497878625
1750,2020-03-14 22:00:00,4008.55,9.2683548128533
1751,2020-03-14 23:00:00,3792.78,9.087255391562348
1752,2020-03-15 00:00:00,3499.02,8.840697640260355
1753,2020-03-15 01:00:00,3309.71,8.681806545833002
1754,2020-03-15 02:00:00,3309.12,8.681311348824327
1755,2020-03-15 03:00:00,3470.34,8.816626029737
1756,2020-03-15 04:00:00,3818.87,9.109153171149318
1757,2020-03-15 05:00:00,4449.25,9.638241798824117
1758,2020-03-15 06:00:00,4930.72,10.042347737411294
1759,2020-03-15 07:00:00,4662.09,9.816882021410976
1760,2020-03-15 08:00:00,4185.71,9.417048206169818
1761,2020-03-15 09:00:00,4171.91,9.405465632068623
1762,2020-03-15 10:00:00,3996.55,9.258283009287043
1763,2020-03-15 11:00:00,3805.38,9.097830785306918
1764,2020-03-15 12:00:00,4280.99,9.497018326485906
1765,2020-03-15 13:00:00,4236.42,9.459609969406896
1766,2020-03-15 14:00:00,3917.34,9.191800712580102
1767,2020-03-15 15:00:00,3562.5,8.893977481125859
1768,2020-03-15 16:00:00,3387.17,8.746820037853196
1769,2020-03-15 17:00:00,3606.63,8.931016538740773
1770,2020-03-15 18:00:00,4657.85,9.813323317484231
1771,2020-03-15 19:00:00,4835.63,9.96253708731834
1772,2020-03-15 20:00:00,4417.43,9.611534733034256
1773,2020-03-15 21:00:00,3848.42,9.133954987431228
1774,2020-03-15 22:00:00,3607.37,8.931637633294025
1775,2020-03-15 23:00:00,3378.03,8.739148680803563
1776,2020-03-16 00:00:00,3091.97,8.499053670123253
1777,2020-03-16 01:00:00,2961.66,8.389682276563333
1778,2020-03-16 02:00:00,2975.99,8.401709688655373
1779,2020-03-16 03:00:00,3179.86,8.572821238076454
1780,2020-03-16 04:00:00,3560.74,8.892500283269476
1781,2020-03-16 05:00:00,4366.84,9.56907368783284
1782,2020-03-16 06:00:00,5127.9,10.207844256344186
1783,2020-03-16 07:00:00,4742.79,9.884614900394059
1784,2020-03-16 08:00:00,4593.29,9.759137014297764
1785,2020-03-16 09:00:00,4748.44,9.889357041239839
1786,2020-03-16 10:00:00,4635.73,9.794757626243761
1787,2020-03-16 11:00:00,4495.04,9.676674122599028
1788,2020-03-16 12:00:00,4911.82,10.026484646794438
1789,2020-03-16 13:00:00,4874.81,9.995421525962172
1790,2020-03-16 14:00:00,4616.03,9.778223082055822
1791,2020-03-16 15:00:00,4378.78,9.579095132381267
1792,2020-03-16 16:00:00,4366.01,9.568377054752842
1793,2020-03-16 17:00:00,4470.99,9.65648854961832
1794,2020-03-16 18:00:00,5276.82,10.332835338601445
1795,2020-03-16 19:00:00,5682.8,10.673581239587223
1796,2020-03-16 20:00:00,5040.37,10.134378842497975
1797,2020-03-16 21:00:00,4494.48,9.67620410509927
1798,2020-03-16 22:00:00,4218.11,9.444242075798714
1799,2020-03-16 23:00:00,4081.68,9.329734062420002
1800,2020-03-17 00:00:00,3773.89,9.071400694115129
1801,2020-03-17 01:00:00,3554.93,8.88762385170948
1802,2020-03-17 02:00:00,3537.11,8.872667223413586
1803,2020-03-17 03:00:00,3696.3,9.006278090889634
1804,2020-03-17 04:00:00,4072.43,9.321970380504347
1805,2020-03-17 05:00:00,4717.36,9.863271070003231
1806,2020-03-17 06:00:00,5415.63,10.449340926354132
1807,2020-03-17 07:00:00,4991.16,10.09307605470668
1808,2020-03-17 08:00:00,4676.89,9.829303912476027
1809,2020-03-17 09:00:00,4841.7,9.967631741288939
1810,2020-03-17 10:00:00,4743.33,9.88506813155454
1811,2020-03-17 11:00:00,4478.07,9.662430913722412
1812,2020-03-17 12:00:00,4850.61,9.975110055436886
1813,2020-03-17 13:00:00,4848.2,9.973087301553996
1814,2020-03-17 14:00:00,4742.41,9.884295959947794
1815,2020-03-17 15:00:00,4558.0,9.729517518643327
1816,2020-03-17 16:00:00,4496.66,9.678033816080474
1817,2020-03-17 17:00:00,4643.4,9.801195187356528
1818,2020-03-17 18:00:00,5413.09,10.44720906126594
1819,2020-03-17 19:00:00,5811.68,10.781752409888833
1820,2020-03-17 20:00:00,5123.57,10.204210013890695
1821,2020-03-17 21:00:00,4552.67,9.725043959225982
1822,2020-03-17 22:00:00,4323.76,9.532915913029976
1823,2020-03-17 23:00:00,4173.73,9.406993188942838
1824,2020-03-18 00:00:00,3892.15,9.1706583182606
1825,2020-03-18 01:00:00,3732.52,9.036678151320455
1826,2020-03-18 02:00:00,3728.49,9.03329570395612
1827,2020-03-18 03:00:00,3868.96,9.151194557868806
1828,2020-03-18 04:00:00,4152.48,9.389157703460922
1829,2020-03-18 05:00:00,4860.28,9.983226250477362
1830,2020-03-18 06:00:00,5564.26,10.574088606691873
1831,2020-03-18 07:00:00,5056.1,10.14758129833941
1832,2020-03-18 08:00:00,4790.23,9.92443209715933
1833,2020-03-18 09:00:00,4949.55,10.058152075840681
1834,2020-03-18 10:00:00,4841.42,9.96739673253906
1835,2020-03-18 11:00:00,4640.68,9.798912245214844
1836,2020-03-18 12:00:00,5108.34,10.191427216531187
1837,2020-03-18 13:00:00,4950.52,10.05896621329562
1838,2020-03-18 14:00:00,4881.88,10.001355496896625
1839,2020-03-18 15:00:00,4706.31,9.853996617552635
1840,2020-03-18 16:00:00,4814.46,9.944768747193534
1841,2020-03-18 17:00:00,4901.69,10.017982365950589
1842,2020-03-18 18:00:00,5582.42,10.589330602755478
1843,2020-03-18 19:00:00,5935.11,10.885349302737431
1844,2020-03-18 20:00:00,5215.44,10.281318063360038
1845,2020-03-18 21:00:00,4654.15,9.810217844717968
1846,2020-03-18 22:00:00,4500.26,9.68105535715035
1847,2020-03-18 23:00:00,4396.18,9.593699247552342
1848,2020-03-19 00:00:00,4097.94,9.343381356252282
1849,2020-03-19 01:00:00,3927.35,9.200202275388289
1850,2020-03-19 02:00:00,3918.24,9.192556097847572
1851,2020-03-19 03:00:00,4081.86,9.329885139473497
1852,2020-03-19 04:00:00,4400.48,9.597308310496917
1853,2020-03-19 05:00:00,4965.72,10.071723831146214
1854,2020-03-19 06:00:00,5611.39,10.613645615198351
1855,2020-03-19 07:00:00,5089.17,10.17533751033409
1856,2020-03-19 08:00:00,4729.26,9.873258941873104
1857,2020-03-19 09:00:00,4866.23,9.988220186412297
1858,2020-03-19 10:00:00,4892.55,10.010311008900956
1859,2020-03-19 11:00:00,4663.84,9.818350826097722
1860,2020-03-19 12:00:00,5078.37,10.166272887124459
1861,2020-03-19 13:00:00,4914.94,10.029103315721665
1862,2020-03-19 14:00:00,4877.18,9.997410707166509
1863,2020-03-19 15:00:00,4763.61,9.902089479581516
1864,2020-03-19 16:00:00,4838.14,9.964643772897617
1865,2020-03-19 17:00:00,4982.78,10.086042578549577
1866,2020-03-19 18:00:00,5562.07,10.572250502541031
1867,2020-03-19 19:00:00,5801.72,10.773392812928838
1868,2020-03-19 20:00:00,5178.09,10.24996957476006
1869,2020-03-19 21:00:00,4648.41,9.805400165345441
1870,2020-03-19 22:00:00,4584.73,9.751952461087168
1871,2020-03-19 23:00:00,4502.86,9.683237581256373
1872,2020-03-20 00:00:00,4215.86,9.442353612630042
1873,2020-03-20 01:00:00,4011.01,9.270419532584382
1874,2020-03-20 02:00:00,3960.59,9.228101171266823
1875,2020-03-20 03:00:00,4105.44,9.349676233481192
1876,2020-03-20 04:00:00,4432.39,9.624090914813525
1877,2020-03-20 05:00:00,4958.6,10.065747894363568
1878,2020-03-20 06:00:00,5586.69,10.592914486191138
1879,2020-03-20 07:00:00,5076.0,10.164283705920122
1880,2020-03-20 08:00:00,4878.22,9.998283596808918
1881,2020-03-20 09:00:00,4978.66,10.082584592658495
1882,2020-03-20 10:00:00,4884.17,10.003277532743853
1883,2020-03-20 11:00:00,4699.05,9.84790317639505
1884,2020-03-20 12:00:00,5174.91,10.247300546815001
1885,2020-03-20 13:00:00,5087.65,10.17406174854903
1886,2020-03-20 14:00:00,5030.14,10.12579262995774
1887,2020-03-20 15:00:00,4923.17,10.03601089433419
1888,2020-03-20 16:00:00,4976.17,10.080494693418496
1889,2020-03-20 17:00:00,5014.17,10.112388738044979
1890,2020-03-20 18:00:00,5668.43,10.66152025481663
1891,2020-03-20 19:00:00,5877.69,10.837155722672888
1892,2020-03-20 20:00:00,5257.95,10.316997427493506
1893,2020-03-20 21:00:00,4594.57,9.760211340011498
1894,2020-03-20 22:00:00,4418.36,9.61231529781064
1895,2020-03-20 23:00:00,4306.87,9.518739849510467
1896,2020-03-21 00:00:00,4032.66,9.28859074485184
1897,2020-03-21 01:00:00,3871.23,9.153099807376757
1898,2020-03-21 02:00:00,3861.87,9.145243800595075
1899,2020-03-21 03:00:00,4037.08,9.292300525832077
1900,2020-03-21 04:00:00,4300.99,9.513804665763002
1901,2020-03-21 05:00:00,4785.08,9.920109614795479
1902,2020-03-21 06:00:00,5413.31,10.44739371099799
1903,2020-03-21 07:00:00,4956.45,10.06394336289128
1904,2020-03-21 08:00:00,4729.61,9.873552702810453
1905,2020-03-21 09:00:00,4894.89,10.012275010596376
1906,2020-03-21 10:00:00,4723.64,9.86854198053624
1907,2020-03-21 11:00:00,4708.95,9.856212414337213
1908,2020-03-21 12:00:00,5051.14,10.143418286198692
1909,2020-03-21 13:00:00,5065.96,10.15585696360302
1910,2020-03-21 14:00:00,4983.99,10.08705815207584
1911,2020-03-21 15:00:00,4828.75,9.95676258660702
1912,2020-03-21 16:00:00,4837.77,9.96433322562099
1913,2020-03-21 17:00:00,4997.33,10.098254640373664
1914,2020-03-21 18:00:00,5570.84,10.57961131231404
1915,2020-03-21 19:00:00,5649.53,10.645657164199774
1916,2020-03-21 20:00:00,5117.24,10.198897137509494
1917,2020-03-21 21:00:00,4590.27,9.756602277066923
1918,2020-03-21 22:00:00,4528.16,9.7044723004419
1919,2020-03-21 23:00:00,4345.36,9.55104515944924
1920,2020-03-22 00:00:00,4010.77,9.270218096513059
1921,2020-03-22 01:00:00,3800.56,9.093785277541137
1922,2020-03-22 02:00:00,3891.44,9.170062403216264
1923,2020-03-22 03:00:00,4030.64,9.286895324584853
1924,2020-03-22 04:00:00,4289.97,9.504555392821322
1925,2020-03-22 05:00:00,4786.19,9.921041256625358
1926,2020-03-22 06:00:00,5078.72,10.166566648061806
1927,2020-03-22 07:00:00,4447.58,9.63684013949448
1928,2020-03-22 08:00:00,3976.01,9.241043438849465
1929,2020-03-22 09:00:00,3737.81,9.041118138059247
1930,2020-03-22 10:00:00,3506.51,8.84698412431963
1931,2020-03-22 11:00:00,3137.95,8.537645464121297
1932,2020-03-22 12:00:00,3625.52,8.94687123618799
1933,2020-03-22 13:00:00,3602.44,8.927499800662222
1934,2020-03-22 14:00:00,3305.25,8.678063192174209
1935,2020-03-22 15:00:00,3218.98,8.605655317702453
1936,2020-03-22 16:00:00,3229.8,8.614736727251364
1937,2020-03-22 17:00:00,3357.48,8.721900717196347
1938,2020-03-22 18:00:00,4118.52,9.360654499368415
1939,2020-03-22 19:00:00,4271.9,9.489388935284465
1940,2020-03-22 20:00:00,3930.18,9.202577542395998
1941,2020-03-22 21:00:00,3474.21,8.819874186387118
1942,2020-03-22 22:00:00,3442.4,8.793175513766897
1943,2020-03-22 23:00:00,3539.97,8.87506766993021
1944,2020-03-23 00:00:00,3332.3,8.700766716046482
1945,2020-03-23 01:00:00,3213.74,8.601257296811854
1946,2020-03-23 02:00:00,3247.8,8.62984443260075
1947,2020-03-23 03:00:00,3327.76,8.69695621703058
1948,2020-03-23 04:00:00,3590.91,8.917822476068975
1949,2020-03-23 05:00:00,4002.62,9.263377663257641
1950,2020-03-23 06:00:00,4379.89,9.580026774211147
1951,2020-03-23 07:00:00,4091.17,9.337699180406984
1952,2020-03-23 08:00:00,3840.42,9.12724045172039
1953,2020-03-23 09:00:00,3561.18,8.89286958273357
1954,2020-03-23 10:00:00,3545.71,8.879885349302738
1955,2020-03-23 11:00:00,3502.01,8.843207197982283
1956,2020-03-23 12:00:00,4035.35,9.29084850748461
1957,2020-03-23 13:00:00,4051.69,9.304562946673997
1958,2020-03-23 14:00:00,3936.12,9.207563085161295
1959,2020-03-23 15:00:00,3722.35,9.028142297798052
1960,2020-03-23 16:00:00,3645.77,8.96386740470605
1961,2020-03-23 17:00:00,3835.08,9.122758499133404
1962,2020-03-23 18:00:00,4446.7,9.636101540566287
1963,2020-03-23 19:00:00,4591.21,9.757391235012946
1964,2020-03-23 20:00:00,4069.69,9.319670652023383
1965,2020-03-23 21:00:00,3671.17,8.985186055587963
1966,2020-03-23 22:00:00,3689.55,9.000612701383615
1967,2020-03-23 23:00:00,3677.47,8.990473752460248
1968,2020-03-24 00:00:00,3413.75,8.769129082752457
1969,2020-03-24 01:00:00,3281.58,8.658196559639766
1970,2020-03-24 02:00:00,3259.39,8.639572116211827
1971,2020-03-24 03:00:00,3431.8,8.784278753950035
1972,2020-03-24 04:00:00,3712.12,9.019556085257816
1973,2020-03-24 05:00:00,4199.91,9.428966507056558
1974,2020-03-24 06:00:00,4615.2,9.777526448975824
1975,2020-03-24 07:00:00,4272.59,9.489968063989526
1976,2020-03-24 08:00:00,3820.43,9.110462505612933
1977,2020-03-24 09:00:00,3809.01,9.10087750588571
1978,2020-03-24 10:00:00,3550.42,8.883838532202493
1979,2020-03-24 11:00:00,3382.27,8.742707384730307
1980,2020-03-24 12:00:00,3679.77,8.992404181477115
1981,2020-03-24 13:00:00,3829.0,9.117655451993167
1982,2020-03-24 14:00:00,3412.12,8.767760996101373
1983,2020-03-24 15:00:00,3145.2,8.543730512109246
1984,2020-03-24 16:00:00,3145.2,8.543730512109246
1985,2020-03-24 17:00:00,3108.71,8.513103836098184
1986,2020-03-24 18:00:00,3714.9,9.021889386417334
1987,2020-03-24 19:00:00,3877.42,9.158295179383018
1988,2020-03-24 20:00:00,3402.55,8.759728732757281
1989,2020-03-24 21:00:00,3072.9,8.483047895622542
1990,2020-03-24 22:00:00,3012.41,8.432277612478964
1991,2020-03-24 23:00:00,2866.01,8.30940160897062
1992,2020-03-25 00:00:00,2642.11,8.121478540763526
1993,2020-03-25 01:00:00,2525.06,8.02323649014432
1994,2020-03-25 02:00:00,2520.82,8.019677786217576
1995,2020-03-25 03:00:00,2676.83,8.150619625748565
1996,2020-03-25 04:00:00,2965.71,8.393081510266946
1997,2020-03-25 05:00:00,3524.25,8.861873607258413
1998,2020-03-25 06:00:00,3866.23,9.148903222557482
1999,2020-03-25 07:00:00,3356.24,8.720859964161166
2000,2020-03-25 08:00:00,3001.69,8.423280134626442
2001,2020-03-25 09:00:00,2889.73,8.329310207353256
2002,2020-03-25 10:00:00,2781.91,8.23881505231043
2003,2020-03-25 11:00:00,2600.0,8.086134903415601
2004,2020-03-25 12:00:00,3300.39,8.673984111729874
2005,2020-03-25 13:00:00,3406.47,8.763018855255593
2006,2020-03-25 14:00:00,3075.9,8.485565846514106
2007,2020-03-25 15:00:00,2870.34,8.313035851424111
2008,2020-03-25 16:00:00,2889.66,8.329251455165785
2009,2020-03-25 17:00:00,3075.07,8.484869213434107
2010,2020-03-25 18:00:00,3908.08,9.184028637494807
2011,2020-03-25 19:00:00,4160.04,9.395502939707665
2012,2020-03-25 20:00:00,3715.48,9.02237619025637
2013,2020-03-25 21:00:00,3307.0,8.679531996860955
2014,2020-03-25 22:00:00,3201.52,8.591000843513548
2015,2020-03-25 23:00:00,3081.75,8.490475850752658
2016,2020-03-26 00:00:00,2787.59,8.243582372665125
2017,2020-03-26 01:00:00,2465.89,7.973574105393031
2018,2020-03-26 02:00:00,2476.52,7.982496044718808
2019,2020-03-26 03:00:00,2738.94,8.202749602373588
2020,2020-03-26 04:00:00,3024.95,8.442802647205705
2021,2020-03-26 05:00:00,3609.08,8.933072865302217
2022,2020-03-26 06:00:00,3924.22,9.197575213291424
2023,2020-03-26 07:00:00,3273.86,8.651717032678807
2024,2020-03-26 08:00:00,2956.92,8.38570391415466
2025,2020-03-26 09:00:00,2842.17,8.289392292552321
2026,2020-03-26 10:00:00,2871.49,8.314001065932544
2027,2020-03-26 11:00:00,2623.81,8.106119040324984
2028,2020-03-26 12:00:00,3273.39,8.651322553705795
2029,2020-03-26 13:00:00,3328.81,8.697837499842628
2030,2020-03-26 14:00:00,3037.68,8.453487152155576
2031,2020-03-26 15:00:00,2682.52,8.1553953392729
2032,2020-03-26 16:00:00,2670.53,8.145331928876281
2033,2020-03-26 17:00:00,2846.93,8.29338744130027
2034,2020-03-26 18:00:00,3729.58,9.034210559446722
2035,2020-03-26 19:00:00,3965.42,9.232155072202241
2036,2020-03-26 20:00:00,3480.37,8.825044378884463
2037,2020-03-26 21:00:00,3076.01,8.48565817138013
2038,2020-03-26 22:00:00,2932.3,8.365039930504555
2039,2020-03-26 23:00:00,2883.79,8.324324664587959
2040,2020-03-27 00:00:00,2663.79,8.139674932539899
2041,2020-03-27 01:00:00,2523.37,8.021818044475406
2042,2020-03-27 02:00:00,2503.0,8.004721157921683
2043,2020-03-27 03:00:00,2667.19,8.142528610217006
2044,2020-03-27 04:00:00,3007.75,8.428366395427402
2045,2020-03-27 05:00:00,3566.86,8.897636903088268
2046,2020-03-27 06:00:00,3780.96,9.077334665049582
2047,2020-03-27 07:00:00,3086.15,8.494168845393618
2048,2020-03-27 08:00:00,2767.84,8.227005862628992
2049,2020-03-27 09:00:00,2509.31,8.010017247963606
2050,2020-03-27 10:00:00,2406.82,7.923995652338127
2051,2020-03-27 11:00:00,2174.7,7.729173398688148
2052,2020-03-27 12:00:00,2870.29,8.312993885575919
2053,2020-03-27 13:00:00,2944.23,8.375052981883343
2054,2020-03-27 14:00:00,2488.58,7.992618207302897
2055,2020-03-27 15:00:00,2154.98,7.712622068160931
2056,2020-03-27 16:00:00,1997.29,7.580270176130664
2057,2020-03-27 17:00:00,2258.71,7.799684416821591
2058,2020-03-27 18:00:00,2876.47,8.318180864412541
2059,2020-03-27 19:00:00,3153.51,8.55070523607888
2060,2020-03-27 20:00:00,2860.89,8.305104306115684
2061,2020-03-27 21:00:00,2645.97,8.124718304244006
2062,2020-03-27 22:00:00,2458.05,7.96699386039641
2063,2020-03-27 23:00:00,2359.01,7.883867908296229
2064,2020-03-28 00:00:00,2182.72,7.735904720738263
2065,2020-03-28 01:00:00,2088.62,7.656924994439525
2066,2020-03-28 02:00:00,2073.46,7.6442009492674865
2067,2020-03-28 03:00:00,2186.93,7.739438245156092
2068,2020-03-28 04:00:00,2451.25,7.961286505042197
2069,2020-03-28 05:00:00,3053.08,8.46641263339894
2070,2020-03-28 06:00:00,3499.24,8.840882289992404
2071,2020-03-28 07:00:00,2759.09,8.219661839195263
2072,2020-03-28 08:00:00,2495.82,7.998694862121206
2073,2020-03-28 09:00:00,2426.76,7.940731632597393
2074,2020-03-28 10:00:00,2501.55,8.003504148324094
2075,2020-03-28 11:00:00,2335.58,7.86420271183311
2076,2020-03-28 12:00:00,2930.23,8.363302544389375
2077,2020-03-28 13:00:00,2904.78,8.34194192765927
2078,2020-03-28 14:00:00,2549.58,8.04381654209804
2079,2020-03-28 15:00:00,2122.59,7.685436591701674
2080,2020-03-28 16:00:00,2048.49,7.623243204680032
2081,2020-03-28 17:00:00,2499.78,8.00201855729807
2082,2020-03-28 18:00:00,3278.41,8.655535924864346
2083,2020-03-28 19:00:00,3619.0,8.941398889583656
2084,2020-03-28 20:00:00,3349.52,8.71521975416406
2085,2020-03-28 21:00:00,2964.58,8.39213308209779
2086,2020-03-28 22:00:00,2759.34,8.219871668436227
2087,2020-03-28 23:00:00,2595.68,8.082509054131748
2088,2020-03-29 00:00:00,2385.78,7.906336423418622
2089,2020-03-29 01:00:00,2276.44,7.8145655065907365
2090,2020-03-29 02:00:00,2281.69,7.8189719206509745
2091,2020-03-29 03:00:00,2463.65,7.9716940353939965
2092,2020-03-29 04:00:00,2726.96,8.192694585146608
2093,2020-03-29 05:00:00,3324.84,8.694505411496124
2094,2020-03-29 06:00:00,3671.86,8.985765184293022
2095,2020-03-29 07:00:00,2860.02,8.30437410035713
2096,2020-03-29 08:00:00,2554.3,8.047778118167436
2097,2020-03-29 09:00:00,2437.13,7.949435349512567
2098,2020-03-29 10:00:00,2424.18,7.9385661948306465
2099,2020-03-29 11:00:00,2236.43,7.780984434866905
2100,2020-03-29 12:00:00,2897.42,8.3357645548053
2101,2020-03-29 13:00:00,2816.28,8.26766237635812
2102,2020-03-29 14:00:00,2456.93,7.966053825396892
2103,2020-03-29 15:00:00,2102.58,7.668641859254938
2104,2020-03-29 16:00:00,2062.02,7.634599163200987
2105,2020-03-29 17:00:00,2373.1,7.895693884316943
2106,2020-03-29 18:00:00,3348.13,8.714053103584304
2107,2020-03-29 19:00:00,3608.68,8.932737138516675
2108,2020-03-29 20:00:00,3315.73,8.686859233955406
2109,2020-03-29 21:00:00,2993.74,8.416607564763796
2110,2020-03-29 22:00:00,2794.19,8.249121864626566
2111,2020-03-29 23:00:00,2619.76,8.102719806621371
2112,2020-03-30 00:00:00,2405.41,7.922812215419092
2113,2020-03-30 01:00:00,2305.79,7.839199459479875
2114,2020-03-30 02:00:00,2315.99,7.847760492511195
2115,2020-03-30 03:00:00,2498.4,8.00086029988795
2116,2020-03-30 04:00:00,2785.81,8.242088388469464
2117,2020-03-30 05:00:00,3377.28,8.738519193080672
2118,2020-03-30 06:00:00,3706.95,9.015216816554688
2119,2020-03-30 07:00:00,2918.27,8.353264313501672
2120,2020-03-30 08:00:00,2650.93,8.128881316384726
2121,2020-03-30 09:00:00,2519.35,8.018443990280709
2122,2020-03-30 10:00:00,2500.66,8.002757156226263
2123,2020-03-30 11:00:00,2405.28,7.922703104213791
2124,2020-03-30 12:00:00,2883.89,8.324408596284343
2125,2020-03-30 13:00:00,2963.69,8.391386089999958
2126,2020-03-30 14:00:00,2565.94,8.057547767626705
2127,2020-03-30 15:00:00,2274.97,7.81333171065387
2128,2020-03-30 16:00:00,2229.61,7.775260293173416
2129,2020-03-30 17:00:00,2592.63,8.07994913739199
2130,2020-03-30 18:00:00,3237.85,8.621493228810394
2131,2020-03-30 19:00:00,3608.47,8.932560881954267
2132,2020-03-30 20:00:00,3363.57,8.727012157506222
2133,2020-03-30 21:00:00,2982.69,8.4073331123132
2134,2020-03-30 22:00:00,2858.66,8.303232629286287
2135,2020-03-30 23:00:00,2746.28,8.208910188888282
2136,2020-03-31 00:00:00,2536.79,8.033081678130337
2137,2020-03-31 01:00:00,2459.59,7.968286408520746
2138,2020-03-31 02:00:00,2465.88,7.973565712223393
2139,2020-03-31 03:00:00,2554.93,8.048306887854665
2140,2020-03-31 04:00:00,2850.38,8.29628308482557
2141,2020-03-31 05:00:00,3370.04,8.732442538262362
2142,2020-03-31 06:00:00,3756.92,9.057157485238513
2143,2020-03-31 07:00:00,2946.08,8.376605718266475
2144,2020-03-31 08:00:00,2683.33,8.156075186013622
2145,2020-03-31 09:00:00,2575.66,8.065705928515374
2146,2020-03-31 10:00:00,2440.06,7.951894548216661
2147,2020-03-31 11:00:00,2408.81,7.925665893096198
2148,2020-03-31 12:00:00,2901.22,8.338953959267947
2149,2020-03-31 13:00:00,2964.13,8.391755389464054
2150,2020-03-31 14:00:00,2634.2,8.114839543579436
2151,2020-03-31 15:00:00,2392.98,7.912379505558377
2152,2020-03-31 16:00:00,2259.73,7.800540520124723
2153,2020-03-31 17:00:00,2538.35,8.03439101259395
2154,2020-03-31 18:00:00,3236.34,8.620225860194974
2155,2020-03-31 19:00:00,3461.39,8.809114142910499
2156,2020-03-31 20:00:00,3057.84,8.47040778214689
2157,2020-03-31 21:00:00,2442.53,7.953967661117383
2158,2020-03-31 22:00:00,2202.59,7.752581948810058
2159,2020-03-31 23:00:00,2134.74,7.6956342928125085
2160,2020-04-01 00:00:00,2174.21,7.7287621333758585
2161,2020-04-01 01:00:00,2102.42,7.668507568540722
2162,2020-04-01 02:00:00,2133.67,7.6947362236611845
2163,2020-04-01 03:00:00,2246.51,7.789444749862562
2164,2020-04-01 04:00:00,2564.32,8.056188074145261
2165,2020-04-01 05:00:00,3250.8,8.632362383492314
2166,2020-04-01 06:00:00,3541.16,8.876066457117197
2167,2020-04-01 07:00:00,2842.71,8.289845523712803
2168,2020-04-01 08:00:00,2526.92,8.02479761969709
2169,2020-04-01 09:00:00,2444.13,7.95531056825955
2170,2020-04-01 10:00:00,2397.03,7.915778739261989
2171,2020-04-01 11:00:00,2230.37,7.775898174065945
2172,2020-04-01 12:00:00,2813.38,8.265228357162941
2173,2020-04-01 13:00:00,2914.22,8.349865079798061
2174,2020-04-01 14:00:00,2627.64,8.109333624296548
2175,2020-04-01 15:00:00,2388.03,7.908224886587296
2176,2020-04-01 16:00:00,2289.22,7.825291977388801
2177,2020-04-01 17:00:00,2397.64,7.91629072260994
2178,2020-04-01 18:00:00,3377.21,8.738460440893201
2179,2020-04-01 19:00:00,3612.92,8.93629584244342
2180,2020-04-01 20:00:00,3528.15,8.865146943417447
2181,2020-04-01 21:00:00,3152.87,8.550168073222011
2182,2020-04-01 22:00:00,2979.24,8.4044374687879
2183,2020-04-01 23:00:00,2818.93,8.269886566312335
2184,2020-04-02 00:00:00,2647.04,8.125616373395331
2185,2020-04-02 01:00:00,2571.69,8.06237384016887
2186,2020-04-02 02:00:00,2579.05,8.068551213022841
2187,2020-04-02 03:00:00,2646.46,8.125129569556295
2188,2020-04-02 04:00:00,2951.52,8.381171602549845
2189,2020-04-02 05:00:00,3565.45,8.89645346616923
2190,2020-04-02 06:00:00,3867.86,9.150271309208566
2191,2020-04-02 07:00:00,3191.72,8.582775537267771
2192,2020-04-02 08:00:00,2908.61,8.345156511630835
2193,2020-04-02 09:00:00,2710.72,8.179064077653605
2194,2020-04-02 10:00:00,2636.43,8.116711220408831
2195,2020-04-02 11:00:00,2567.29,8.05868084552791
2196,2020-04-02 12:00:00,2912.21,8.348178052700712
2197,2020-04-02 13:00:00,3000.54,8.422314920118009
2198,2020-04-02 14:00:00,2637.1,8.117273562774614
2199,2020-04-02 15:00:00,2427.97,7.941747206123656
2200,2020-04-02 16:00:00,2338.74,7.866854953438891
2201,2020-04-02 17:00:00,2550.83,8.04486568830286
2202,2020-04-02 18:00:00,3342.42,8.709260603720692
2203,2020-04-02 19:00:00,3706.11,9.01451179030505
2204,2020-04-02 20:00:00,3440.07,8.791219905241116
2205,2020-04-02 21:00:00,3094.84,8.501462509809517
2206,2020-04-02 22:00:00,2832.8,8.281527892601002
2207,2020-04-02 23:00:00,2715.79,8.18331941466035
2208,2020-04-03 00:00:00,2598.8,8.085127723058974
2209,2020-04-03 01:00:00,2547.1,8.041735036027681
2210,2020-04-03 02:00:00,2534.72,8.031344292015158
2211,2020-04-03 03:00:00,2586.17,8.074527149805489
2212,2020-04-03 04:00:00,2847.85,8.294159612907016
2213,2020-04-03 05:00:00,3388.49,8.747927936245484
2214,2020-04-03 06:00:00,3584.06,8.912073154866569
2215,2020-04-03 07:00:00,2829.93,8.279119052914737
2216,2020-04-03 08:00:00,2626.54,8.108410375636307
2217,2020-04-03 09:00:00,2658.93,8.135595852095564
2218,2020-04-03 10:00:00,2595.89,8.082685310694156
2219,2020-04-03 11:00:00,2454.81,7.96427447343352
2220,2020-04-03 12:00:00,2923.35,8.357528043678055
2221,2020-04-03 13:00:00,2982.82,8.407442223518501
2222,2020-04-03 14:00:00,2684.0,8.156637528379404
2223,2020-04-03 15:00:00,2553.15,8.046812903659003
2224,2020-04-03 16:00:00,2447.48,7.958122280088464
2225,2020-04-03 17:00:00,2464.36,7.972289950438333
2226,2020-04-03 18:00:00,3433.18,8.785437011360155
2227,2020-04-03 19:00:00,3723.71,9.029283768868893
2228,2020-04-03 20:00:00,3498.28,8.840076545707104
2229,2020-04-03 21:00:00,3229.94,8.614854231626303
2230,2020-04-03 22:00:00,2994.4,8.41716151395994
2231,2020-04-03 23:00:00,2731.87,8.196815631439135
2232,2020-04-04 00:00:00,2606.73,8.091783506582344
2233,2020-04-04 01:00:00,2549.22,8.043514387991053
2234,2020-04-04 02:00:00,2544.39,8.039460487055635
2235,2020-04-04 03:00:00,2615.23,8.09891770077511
2236,2020-04-04 04:00:00,2845.81,8.292447406300752
2237,2020-04-04 05:00:00,3359.3,8.723428274070562
2238,2020-04-04 06:00:00,3520.61,8.858818493509983
2239,2020-04-04 07:00:00,2773.12,8.231437456198146
2240,2020-04-04 08:00:00,2595.49,8.082349583908615
2241,2020-04-04 09:00:00,2598.19,8.084615739711023
2242,2020-04-04 10:00:00,2621.84,8.10446558590619
2243,2020-04-04 11:00:00,2420.57,7.935536260591131
2244,2020-04-04 12:00:00,2872.83,8.315125750664109
2245,2020-04-04 13:00:00,3063.24,8.474940093751705
2246,2020-04-04 14:00:00,2733.57,8.198242470277687
2247,2020-04-04 15:00:00,2626.85,8.108670563895101
2248,2020-04-04 16:00:00,2563.9,8.05583556102044
2249,2020-04-04 17:00:00,2627.44,8.109165760903776
2250,2020-04-04 18:00:00,3383.88,8.744058685042113
2251,2020-04-04 19:00:00,3873.02,9.154602184742057
2252,2020-04-04 20:00:00,3705.48,9.013983020617822
2253,2020-04-04 21:00:00,3393.21,8.751889512314879
2254,2020-04-04 22:00:00,3067.27,8.47832254111604
2255,2020-04-04 23:00:00,2928.72,8.362035175773954
2256,2020-04-05 00:00:00,2776.01,8.233863082223687
2257,2020-04-05 01:00:00,2705.19,8.174422654843488
2258,2020-04-05 02:00:00,2706.96,8.175908245869511
2259,2020-04-05 03:00:00,2779.79,8.237035700347057
2260,2020-04-05 04:00:00,3048.46,8.462534989025931
2261,2020-04-05 05:00:00,3600.34,8.925737235038126
2262,2020-04-05 06:00:00,3816.47,9.107138810436068
2263,2020-04-05 07:00:00,3060.75,8.472850194511706
2264,2020-04-05 08:00:00,2771.78,8.230312771466581
2265,2020-04-05 09:00:00,2782.36,8.239192744944164
2266,2020-04-05 10:00:00,2517.45,8.016849288049386
2267,2020-04-05 11:00:00,2477.42,7.983251429986277
2268,2020-04-05 12:00:00,2923.25,8.35744411198167
2269,2020-04-05 13:00:00,3154.42,8.551469014515988
2270,2020-04-05 14:00:00,2807.01,8.259881908103186
2271,2020-04-05 15:00:00,2677.56,8.15123232713218
2272,2020-04-05 16:00:00,2774.11,8.232268379992362
2273,2020-04-05 17:00:00,2923.01,8.357242675910344
2274,2020-04-05 18:00:00,3461.31,8.809046997553391
2275,2020-04-05 19:00:00,4000.72,9.261782961026316
2276,2020-04-05 20:00:00,3751.41,9.052532848767672
2277,2020-04-05 21:00:00,3248.0,8.63001229599352
2278,2020-04-05 22:00:00,3132.05,8.532693494034556
2279,2020-04-05 23:00:00,2989.35,8.412922963292473
2280,2020-04-06 00:00:00,2885.36,8.32564239222121
2281,2020-04-06 01:00:00,2802.61,8.256188913462225
2282,2020-04-06 02:00:00,2780.66,8.237765906105611
2283,2020-04-06 03:00:00,2787.69,8.243666304361511
2284,2020-04-06 04:00:00,3074.8,8.484642597853867
2285,2020-04-06 05:00:00,3609.06,8.93305607896294
2286,2020-04-06 06:00:00,3826.39,9.115464834717507
2287,2020-04-06 07:00:00,3075.86,8.485532273835553
2288,2020-04-06 08:00:00,2850.86,8.296685956968219
2289,2020-04-06 09:00:00,2726.76,8.192526721753836
2290,2020-04-06 10:00:00,2602.39,8.088140870959213
2291,2020-04-06 11:00:00,2548.4,8.042826148080692
2292,2020-04-06 12:00:00,3124.57,8.52641540314492
2293,2020-04-06 13:00:00,3247.3,8.629424774118823
2294,2020-04-06 14:00:00,2999.19,8.421181842216804
2295,2020-04-06 15:00:00,2753.73,8.215163100269
2296,2020-04-06 16:00:00,2753.31,8.214810587144182
2297,2020-04-06 17:00:00,2757.6,8.218411256919119
2298,2020-04-06 18:00:00,3562.17,8.893700506527788
2299,2020-04-06 19:00:00,4051.32,9.30425239939737
2300,2020-04-06 20:00:00,3787.8,9.083075593082349
2301,2020-04-06 21:00:00,3488.4,8.831784094104218
2302,2020-04-06 22:00:00,3347.53,8.71354951340599
2303,2020-04-06 23:00:00,3242.11,8.625068719076415
2304,2020-04-07 00:00:00,3116.26,8.519440679175288
2305,2020-04-07 01:00:00,3055.18,8.468175199023035
2306,2020-04-07 02:00:00,3011.11,8.431186500425953
2307,2020-04-07 03:00:00,3011.98,8.431916706184508
2308,2020-04-07 04:00:00,3284.0,8.660227706692293
2309,2020-04-07 05:00:00,3814.74,9.105686792088598
2310,2020-04-07 06:00:00,3947.05,9.216736819576228
2311,2020-04-07 07:00:00,3049.36,8.4632903742934
2312,2020-04-07 08:00:00,2710.55,8.17892139376975
2313,2020-04-07 09:00:00,2279.69,7.817293286723265
2314,2020-04-07 10:00:00,2141.22,7.701073066738288
2315,2020-04-07 11:00:00,2159.04,7.716029695034181
2316,2020-04-07 12:00:00,2842.36,8.289551762775453
2317,2020-04-07 13:00:00,3090.04,8.497433788383013
2318,2020-04-07 14:00:00,2815.0,8.266588050644385
2319,2020-04-07 15:00:00,2508.31,8.009177930999753
2320,2020-04-07 16:00:00,2281.59,7.818887988954589
2321,2020-04-07 17:00:00,2566.67,8.05816046901032
2322,2020-04-07 18:00:00,3474.74,8.82031902437796
2323,2020-04-07 19:00:00,3852.83,9.137656375241828
2324,2020-04-07 20:00:00,3622.72,8.944521148689198
2325,2020-04-07 21:00:00,3190.7,8.58191943396464
2326,2020-04-07 22:00:00,3170.36,8.564847726919833
2327,2020-04-07 23:00:00,3057.94,8.470491713843275
2328,2020-04-08 00:00:00,2938.89,8.370571029296359
2329,2020-04-08 01:00:00,2862.59,8.306531144954237
2330,2020-04-08 02:00:00,2830.74,8.27979889965546
2331,2020-04-08 03:00:00,2821.94,8.272412910373538
2332,2020-04-08 04:00:00,3067.97,8.478910062990739
2333,2020-04-08 05:00:00,3662.98,8.978312049653992
2334,2020-04-08 06:00:00,3833.01,9.121021113018227
2335,2020-04-08 07:00:00,3031.2,8.448048378229796
2336,2020-04-08 08:00:00,2689.93,8.161614677975063
2337,2020-04-08 09:00:00,2350.06,7.876356021469728
2338,2020-04-08 10:00:00,1989.77,7.573958512562477
2339,2020-04-08 11:00:00,1964.51,7.552757366055504
2340,2020-04-08 12:00:00,2618.82,8.101930848675348
2341,2020-04-08 13:00:00,2696.23,8.16690237484735
2342,2020-04-08 14:00:00,2428.31,7.9420325738913675
2343,2020-04-08 15:00:00,2019.31,7.5987519356747475
2344,2020-04-08 16:00:00,2060.77,7.6335500169961685
2345,2020-04-08 17:00:00,2245.72,7.788781689461116
2346,2020-04-08 18:00:00,3502.58,8.843685608651679
2347,2020-04-08 19:00:00,3938.3,9.209392796142499
2348,2020-04-08 20:00:00,3671.45,8.985421064337842
2349,2020-04-08 21:00:00,3337.05,8.704753471624791
2350,2020-04-08 22:00:00,3136.53,8.536453634032625
2351,2020-04-08 23:00:00,3282.25,8.658758902005548
2352,2020-04-09 00:00:00,3213.09,8.60071174078535
2353,2020-04-09 01:00:00,3099.42,8.505306581503973
2354,2020-04-09 02:00:00,2971.81,8.398201343746459
2355,2020-04-09 03:00:00,3104.13,8.509259764403728
2356,2020-04-09 04:00:00,3370.39,8.732736299199711
2357,2020-04-09 05:00:00,3852.99,9.137790665956045
2358,2020-04-09 06:00:00,3419.23,8.77372853971438
2359,2020-04-09 07:00:00,3020.48,8.439050900377273
2360,2020-04-09 08:00:00,2768.52,8.227576598164413
2361,2020-04-09 09:00:00,2491.74,7.995270448908678
2362,2020-04-09 10:00:00,2207.73,7.756896038004272
2363,2020-04-09 11:00:00,2221.85,7.768747193533902
2364,2020-04-09 12:00:00,2636.32,8.116618895542807
2365,2020-04-09 13:00:00,2719.6,8.186517212292635
2366,2020-04-09 14:00:00,2576.28,8.066226305032965
2367,2020-04-09 15:00:00,2489.68,7.993541455963137
2368,2020-04-09 16:00:00,2306.9,7.840131101309754
2369,2020-04-09 17:00:00,2393.08,7.912463437254762
2370,2020-04-09 18:00:00,3427.66,8.780803981719677
2371,2020-04-09 19:00:00,4063.89,9.314802613633026
2372,2020-04-09 20:00:00,3901.06,9.178136632408545
2373,2020-04-09 21:00:00,3689.7,9.000738598928193
2374,2020-04-09 22:00:00,3440.01,8.791169546223284
2375,2020-04-09 23:00:00,3455.18,8.80390198456496
2376,2020-04-10 00:00:00,3393.27,8.75193987133271
2377,2020-04-10 01:00:00,3309.47,8.681605109761676
2378,2020-04-10 02:00:00,3254.7,8.635635719651347
2379,2020-04-10 03:00:00,3262.62,8.642283110005078
2380,2020-04-10 04:00:00,3562.2,8.893725686036703
2381,2020-04-10 05:00:00,4006.95,9.267011905711133
2382,2020-04-10 06:00:00,3427.23,8.78044307542522
2383,2020-04-10 07:00:00,3079.46,8.48855381490543
2384,2020-04-10 08:00:00,2942.13,8.373290416259248
2385,2020-04-10 09:00:00,2477.79,7.983561977262903
2386,2020-04-10 10:00:00,2296.41,7.831326666358917
2387,2020-04-10 11:00:00,2158.83,7.715853438471772
2388,2020-04-10 12:00:00,2558.04,8.050917163612253
2389,2020-04-10 13:00:00,2694.87,8.165760903776507
2390,2020-04-10 14:00:00,2597.93,8.08439751730042
2391,2020-04-10 15:00:00,2497.94,8.000474214084578
2392,2020-04-10 16:00:00,2350.43,7.876666568746354
2393,2020-04-10 17:00:00,2388.41,7.90854382703356
2394,2020-04-10 18:00:00,3505.11,8.845809080570232
2395,2020-04-10 19:00:00,4200.52,9.42947849040451
2396,2020-04-10 20:00:00,4172.81,9.406221017336092
2397,2020-04-10 21:00:00,3951.23,9.220245164485142
2398,2020-04-10 22:00:00,3875.96,9.15706977661579
2399,2020-04-10 23:00:00,3738.72,9.041881916496354
2400,2020-04-11 00:00:00,3620.67,8.942800548913294
2401,2020-04-11 01:00:00,3513.3,8.852683086504204
2402,2020-04-11 02:00:00,3435.82,8.787652808144733
2403,2020-04-11 03:00:00,3461.18,8.80893788634809
2404,2020-04-11 04:00:00,3738.33,9.041554582880451
2405,2020-04-11 05:00:00,4139.57,9.378322121457558
2406,2020-04-11 06:00:00,3541.14,8.87604967077792
2407,2020-04-11 07:00:00,3165.13,8.560458099198872
2408,2020-04-11 08:00:00,2979.89,8.404983024814406
2409,2020-04-11 09:00:00,2490.72,7.994414345605546
2410,2020-04-11 10:00:00,2229.9,7.775503695092933
2411,2020-04-11 11:00:00,2088.54,7.656857849082416
2412,2020-04-11 12:00:00,2503.37,8.00503170519831
2413,2020-04-11 13:00:00,2604.64,8.090029334127887
2414,2020-04-11 14:00:00,2536.29,8.03266201964841
2415,2020-04-11 15:00:00,2486.26,7.990670991946754
2416,2020-04-11 16:00:00,2294.99,7.830134836270243
2417,2020-04-11 17:00:00,2368.1,7.891497299497669
2418,2020-04-11 18:00:00,3615.68,8.93861235726366
2419,2020-04-11 19:00:00,4497.04,9.678352756526738
2420,2020-04-11 20:00:00,4321.09,9.530674936736483
2421,2020-04-11 21:00:00,4126.65,9.367478146284553
2422,2020-04-11 22:00:00,4290.93,9.505361137106622
2423,2020-04-11 23:00:00,4031.69,9.2877766073969
2424,2020-04-12 00:00:00,3783.31,9.079307059914642
2425,2020-04-12 01:00:00,3643.32,8.961811078144606
2426,2020-04-12 02:00:00,3587.62,8.915061123257892
2427,2020-04-12 03:00:00,3607.98,8.932149616641977
2428,2020-04-12 04:00:00,3862.79,9.146015972201821
2429,2020-04-12 05:00:00,4226.92,9.451636458250276
2430,2020-04-12 06:00:00,3690.98,9.001812924641927
2431,2020-04-12 07:00:00,3128.0,8.529294260330943
2432,2020-04-12 08:00:00,2828.32,8.277767752602932
2433,2020-04-12 09:00:00,2298.34,7.832946548099157
2434,2020-04-12 10:00:00,2027.85,7.605919702546068
2435,2020-04-12 11:00:00,1930.7,7.524380059507573
2436,2020-04-12 12:00:00,2357.88,7.8829194801270726
2437,2020-04-12 13:00:00,2483.54,7.988388049805069
2438,2020-04-12 14:00:00,2402.2,7.920118007965118
2439,2020-04-12 15:00:00,2355.07,7.88056099945864
2440,2020-04-12 16:00:00,2170.75,7.725858096680921
2441,2020-04-12 17:00:00,2304.75,7.8383265698374665
2442,2020-04-12 18:00:00,3604.39,8.929136468741738
2443,2020-04-12 19:00:00,4600.43,9.765129737419688
2444,2020-04-12 20:00:00,4501.98,9.68249898232818
2445,2020-04-12 21:00:00,4278.02,9.494525555103257
2446,2020-04-12 22:00:00,4552.48,9.72488448900285
2447,2020-04-12 23:00:00,4250.4,9.471343620561587
2448,2020-04-13 00:00:00,4003.62,9.264216980221494
2449,2020-04-13 01:00:00,3857.67,9.141718669346886
2450,2020-04-13 02:00:00,3790.69,9.08550121910789
2451,2020-04-13 03:00:00,3756.89,9.057132305729597
2452,2020-04-13 04:00:00,4056.87,9.308910608546764
2453,2020-04-13 05:00:00,4454.33,9.642505529000498
2454,2020-04-13 06:00:00,3791.38,9.086080347812949
2455,2020-04-13 07:00:00,3173.23,8.567256566606096
2456,2020-04-13 08:00:00,2750.38,8.212351388440087
2457,2020-04-13 09:00:00,2411.07,7.92756274943451
2458,2020-04-13 10:00:00,2141.66,7.701442366202384
2459,2020-04-13 11:00:00,2041.35,7.6172504815581075
2460,2020-04-13 12:00:00,2468.27,7.975571679767006
2461,2020-04-13 13:00:00,2570.26,8.061173616910558
2462,2020-04-13 14:00:00,2523.9,8.022262882466249
2463,2020-04-13 15:00:00,2489.77,7.9936169944898845
2464,2020-04-13 16:00:00,2328.64,7.858377852103958
2465,2020-04-13 17:00:00,2435.57,7.948126015048953
2466,2020-04-13 18:00:00,3792.36,9.086902878437527
2467,2020-04-13 19:00:00,4715.63,9.861819051655763
2468,2020-04-13 20:00:00,4735.47,9.878471100218642
2469,2020-04-13 21:00:00,4736.19,9.879075408432616
2470,2020-04-13 22:00:00,4670.74,9.82414211314832
2471,2020-04-13 23:00:00,4526.02,9.702676162139252
2472,2020-04-14 00:00:00,4350.73,9.55555229154514
2473,2020-04-14 01:00:00,4178.24,9.410778508449823
2474,2020-04-14 02:00:00,4050.14,9.303262005380022
2475,2020-04-14 03:00:00,4062.86,9.313938117160255
2476,2020-04-14 04:00:00,4295.5,9.509196815631439
2477,2020-04-14 05:00:00,4624.56,9.785382455757505
2478,2020-04-14 06:00:00,3911.66,9.187033392225407
2479,2020-04-14 07:00:00,3274.76,8.652472417946276
2480,2020-04-14 08:00:00,2861.56,8.305666648481466
2481,2020-04-14 09:00:00,2528.2,8.025871945410824
2482,2020-04-14 10:00:00,2307.76,7.84085291389867
2483,2020-04-14 11:00:00,2174.81,7.729265723554171
2484,2020-04-14 12:00:00,2578.02,8.067686716550071
2485,2020-04-14 13:00:00,2688.92,8.160766967841571
2486,2020-04-14 14:00:00,2667.35,8.142662900931223
2487,2020-04-14 15:00:00,2679.2,8.152608806952902
2488,2020-04-14 16:00:00,2504.5,8.005980133367466
2489,2020-04-14 17:00:00,2547.51,8.042079155982861
2490,2020-04-14 18:00:00,4001.73,9.26263067115981
2491,2020-04-14 19:00:00,4997.07,10.098036417963062
2492,2020-04-14 20:00:00,4877.48,9.997662502255665
2493,2020-04-14 21:00:00,4781.4,9.917020928368494
2494,2020-04-14 22:00:00,5163.05,10.237346247623684
2495,2020-04-14 23:00:00,4883.57,10.00277394256554
2496,2020-04-15 00:00:00,4605.53,9.769410253935348
2497,2020-04-15 01:00:00,4430.77,9.62273122133208
2498,2020-04-15 02:00:00,4294.09,9.508013378712404
2499,2020-04-15 03:00:00,4272.57,9.489951277650247
2500,2020-04-15 04:00:00,4473.99,9.659006500509886
2501,2020-04-15 05:00:00,4748.67,9.889550084141526
2502,2020-04-15 06:00:00,4175.56,9.408529138986694
2503,2020-04-15 07:00:00,3644.56,8.962851831179787
2504,2020-04-15 08:00:00,3043.06,8.458002677421115
2505,2020-04-15 09:00:00,2520.29,8.019232948226733
2506,2020-04-15 10:00:00,2282.2,7.81939997230254
2507,2020-04-15 11:00:00,2204.25,7.753975214970057
2508,2020-04-15 12:00:00,2620.78,8.103575909924503
2509,2020-04-15 13:00:00,2737.69,8.20170045616877
2510,2020-04-15 14:00:00,2748.63,8.210882583753342
2511,2020-04-15 15:00:00,2755.89,8.216976024910927
2512,2020-04-15 16:00:00,2560.22,8.052746874593456
2513,2020-04-15 17:00:00,2636.55,8.116811938444494
2514,2020-04-15 18:00:00,3951.67,9.220614463949238
2515,2020-04-15 19:00:00,5080.13,10.167750084980842
2516,2020-04-15 20:00:00,4999.89,10.100403291801133
2517,2020-04-15 21:00:00,4937.73,10.048231349327917
2518,2020-04-15 22:00:00,5268.66,10.32598651217639
2519,2020-04-15 23:00:00,5111.47,10.194054278628052
2520,2020-04-16 00:00:00,4876.99,9.997251236943375
2521,2020-04-16 01:00:00,4679.83,9.83177150434976
2522,2020-04-16 02:00:00,4495.35,9.676934310857824
2523,2020-04-16 03:00:00,4427.91,9.620330774815455
2524,2020-04-16 04:00:00,4586.17,9.753161077515118
2525,2020-04-16 05:00:00,4853.71,9.977711938024836
2526,2020-04-16 06:00:00,4079.26,9.327702915367475
2527,2020-04-16 07:00:00,3485.93,8.829710981203498
2528,2020-04-16 08:00:00,3064.09,8.475653513170982
2529,2020-04-16 09:00:00,2587.29,8.075467184805007
2530,2020-04-16 10:00:00,2326.95,7.856959406435043
2531,2020-04-16 11:00:00,2194.3,7.745624011179702
2532,2020-04-16 12:00:00,2633.96,8.11463810750811
2533,2020-04-16 13:00:00,2744.14,8.207114050585634
2534,2020-04-16 14:00:00,2699.98,8.170049813461805
2535,2020-04-16 15:00:00,2747.56,8.209984514602017
2536,2020-04-16 16:00:00,2536.13,8.032527728934193
2537,2020-04-16 17:00:00,2600.23,8.086327946317287
2538,2020-04-16 18:00:00,3826.29,9.115380903021121
2539,2020-04-16 19:00:00,4883.31,10.002555720154938
2540,2020-04-16 20:00:00,4967.91,10.073561935297056
2541,2020-04-16 21:00:00,4838.55,9.964987892852797
2542,2020-04-16 22:00:00,5354.81,10.398293668612483
2543,2020-04-16 23:00:00,5154.52,10.230186873922003
2544,2020-04-17 00:00:00,4915.81,10.029833521480219
2545,2020-04-17 01:00:00,4721.4,9.866661910537204
2546,2020-04-17 02:00:00,4560.66,9.731750101767181
2547,2020-04-17 03:00:00,4466.78,9.652955025200491
2548,2020-04-17 04:00:00,4629.58,9.789595826916056
2549,2020-04-17 05:00:00,4642.98,9.80084267423171
2550,2020-04-17 06:00:00,4022.92,9.280415797623894
2551,2020-04-17 07:00:00,3375.97,8.737419687858022
2552,2020-04-17 08:00:00,2935.73,8.367918787690577
2553,2020-04-17 09:00:00,2608.15,8.092975336671017
2554,2020-04-17 10:00:00,2230.49,7.775998892101607
2555,2020-04-17 11:00:00,2101.56,7.667785755951806
2556,2020-04-17 12:00:00,2558.74,8.05150468548695
2557,2020-04-17 13:00:00,2750.14,8.212149952368762
2558,2020-04-17 14:00:00,2785.16,8.241542832442958
2559,2020-04-17 15:00:00,2830.96,8.27998354938751
2560,2020-04-17 16:00:00,2633.19,8.113991833445942
2561,2020-04-17 17:00:00,2636.6,8.116853904292686
2562,2020-04-17 18:00:00,3721.73,9.027621921280462
2563,2020-04-17 19:00:00,4490.84,9.673148991350839
2564,2020-04-17 20:00:00,4435.24,9.626482968160511
2565,2020-04-17 21:00:00,4582.66,9.750215074971987
2566,2020-04-17 22:00:00,4749.61,9.890339042087549
2567,2020-04-17 23:00:00,4592.68,9.758625030949814
2568,2020-04-18 00:00:00,4304.45,9.51670870245794
2569,2020-04-18 01:00:00,3993.42,9.255655947190176
2570,2020-04-18 02:00:00,3859.14,9.142952465283752
2571,2020-04-18 03:00:00,3781.92,9.078140409334884
2572,2020-04-18 04:00:00,3827.54,9.11643004922594
2573,2020-04-18 05:00:00,4074.12,9.323388826173261
2574,2020-04-18 06:00:00,3355.61,8.720331194473937
2575,2020-04-18 07:00:00,3031.49,8.448291780149315
2576,2020-04-18 08:00:00,2756.23,8.217261392678639
2577,2020-04-18 09:00:00,2445.76,7.956678654910634
2578,2020-04-18 10:00:00,2119.37,7.68273399107806
2579,2020-04-18 11:00:00,2033.62,7.61076256142751
2580,2020-04-18 12:00:00,2460.41,7.968974648431106
2581,2020-04-18 13:00:00,2683.95,8.156595562531212
2582,2020-04-18 14:00:00,2725.23,8.191242566799138
2583,2020-04-18 15:00:00,2720.57,8.187331349747575
2584,2020-04-18 16:00:00,2529.47,8.02693787795492
2585,2020-04-18 17:00:00,2586.27,8.074611081501875
2586,2020-04-18 18:00:00,3795.34,9.089404042989814
2587,2020-04-18 19:00:00,4459.28,9.64666014797158
2588,2020-04-18 20:00:00,4655.61,9.811443247485196
2589,2020-04-18 21:00:00,4599.54,9.764382745321857
2590,2020-04-18 22:00:00,4811.95,9.942662061614257
2591,2020-04-18 23:00:00,4621.92,9.783166658972927
2592,2020-04-19 00:00:00,4403.87,9.600153595004386
2593,2020-04-19 01:00:00,4194.13,9.424115255005477
2594,2020-04-19 02:00:00,4050.24,9.303345937076408
2595,2020-04-19 03:00:00,3907.47,9.183516654146855
2596,2020-04-19 04:00:00,4066.58,9.317060376265795
2597,2020-04-19 05:00:00,4349.08,9.55416741855478
2598,2020-04-19 06:00:00,3829.17,9.117798135877024
2599,2020-04-19 07:00:00,3298.74,8.672599238739513
2600,2020-04-19 08:00:00,2745.62,8.208356239692138
2601,2020-04-19 09:00:00,2460.27,7.968857144056167
2602,2020-04-19 10:00:00,2110.09,7.674945129653488
2603,2020-04-19 11:00:00,1969.53,7.556970737214055
2604,2020-04-19 12:00:00,2425.72,7.939858742954983
2605,2020-04-19 13:00:00,2576.25,8.06620112552405
2606,2020-04-19 14:00:00,2551.3,8.04526016727587
2607,2020-04-19 15:00:00,2527.65,8.025410321080704
2608,2020-04-19 16:00:00,2423.41,7.937919920768478
2609,2020-04-19 17:00:00,2535.17,8.031721984648893
2610,2020-04-19 18:00:00,3818.93,9.10920353016715
2611,2020-04-19 19:00:00,4810.97,9.94183953098968
2612,2020-04-19 20:00:00,4958.48,10.065647176327904
2613,2020-04-19 21:00:00,5007.98,10.107193366038718
2614,2020-04-19 22:00:00,5249.58,10.30997234450604
2615,2020-04-19 23:00:00,5059.33,10.150292292132661
2616,2020-04-20 00:00:00,4826.0,9.954454464956418
2617,2020-04-20 01:00:00,4628.74,9.788890800666417
2618,2020-04-20 02:00:00,4471.28,9.656731951537838
2619,2020-04-20 03:00:00,4378.03,9.578465644658376
2620,2020-04-20 04:00:00,4501.52,9.682112896524808
2621,2020-04-20 05:00:00,4630.14,9.790065844415814
2622,2020-04-20 06:00:00,4188.9,9.419725627284516
2623,2020-04-20 07:00:00,3622.47,8.944311319448232
2624,2020-04-20 08:00:00,2962.61,8.390479627678996
2625,2020-04-20 09:00:00,2517.05,8.016513561263844
2626,2020-04-20 10:00:00,2138.29,7.698613868034194
2627,2020-04-20 11:00:00,1949.75,7.540369047669007
2628,2020-04-20 12:00:00,2356.56,7.881811581734784
2629,2020-04-20 13:00:00,2421.12,7.935997884921251
2630,2020-04-20 14:00:00,2459.62,7.968311588029661
2631,2020-04-20 15:00:00,2491.61,7.995161337703377
2632,2020-04-20 16:00:00,2366.85,7.8904481532928505
2633,2020-04-20 17:00:00,2363.36,7.887518937088997
2634,2020-04-20 18:00:00,3770.83,9.068832384205733
2635,2020-04-20 19:00:00,4620.25,9.78176499964329
2636,2020-04-20 20:00:00,4519.25,9.696993986293954
2637,2020-04-20 21:00:00,4418.45,9.612390836337388
2638,2020-04-20 22:00:00,4492.33,9.674399573626982
2639,2020-04-20 23:00:00,4312.79,9.523708605936488
2640,2020-04-21 00:00:00,4141.46,9.379908430519244
2641,2020-04-21 01:00:00,3974.92,9.240128583358862
2642,2020-04-21 02:00:00,3892.06,9.170582779733852
2643,2020-04-21 03:00:00,3828.19,9.116975605252446
2644,2020-04-21 04:00:00,4003.67,9.264258946069688
2645,2020-04-21 05:00:00,4278.19,9.494668238987112
2646,2020-04-21 06:00:00,3776.73,9.073784354292478
2647,2020-04-21 07:00:00,3180.96,8.573744486736693
2648,2020-04-21 08:00:00,2795.94,8.250590669313313
2649,2020-04-21 09:00:00,2539.48,8.035339440763106
2650,2020-04-21 10:00:00,2181.95,7.735258446676095
2651,2020-04-21 11:00:00,1973.37,7.5601937143552576
2652,2020-04-21 12:00:00,2337.4,7.865730268707326
2653,2020-04-21 13:00:00,2468.83,7.976041697266764
2654,2020-04-21 14:00:00,2499.11,8.001456214932288
2655,2020-04-21 15:00:00,2497.07,7.999744008326024
2656,2020-04-21 16:00:00,2400.63,7.918800280331866
2657,2020-04-21 17:00:00,2496.17,7.998988623058555
2658,2020-04-21 18:00:00,3772.8,9.070485838624528
2659,2020-04-21 19:00:00,4678.4,9.830571281091448
2660,2020-04-21 20:00:00,4792.9,9.926673073452823
2661,2020-04-21 21:00:00,4730.53,9.8743248744172
2662,2020-04-21 22:00:00,5063.77,10.154018859452178
2663,2020-04-21 23:00:00,4924.09,10.036783065940938
2664,2020-04-22 00:00:00,4676.99,9.829387844172413
2665,2020-04-22 01:00:00,4492.37,9.674433146305535
2666,2020-04-22 02:00:00,4364.57,9.567168438324892
2667,2020-04-22 03:00:00,4278.07,9.494567520951449
2668,2020-04-22 04:00:00,4434.69,9.626021343830391
2669,2020-04-22 05:00:00,4578.93,9.74708442269681
2670,2020-04-22 06:00:00,4022.15,9.279769523561725
2671,2020-04-22 07:00:00,3393.26,8.75193147816307
2672,2020-04-22 08:00:00,2930.66,8.363663450683834
2673,2020-04-22 09:00:00,2625.39,8.107445161127874
2674,2020-04-22 10:00:00,2229.0,7.774748309825464
2675,2020-04-22 11:00:00,2027.35,7.60550004406414
2676,2020-04-22 12:00:00,2428.91,7.94253616406968
2677,2020-04-22 13:00:00,2604.94,8.090281129217043
2678,2020-04-22 14:00:00,2594.89,8.081845993730303
2679,2020-04-22 15:00:00,2591.09,8.078656589267654
2680,2020-04-22 16:00:00,2556.48,8.04960782914864
2681,2020-04-22 17:00:00,2634.94,8.115460638132689
2682,2020-04-22 18:00:00,3907.84,9.183827201423481
2683,2020-04-22 19:00:00,4921.81,10.034869423263348
2684,2020-04-22 20:00:00,4960.82,10.067611178023324
2685,2020-04-22 21:00:00,4945.16,10.054467474369357
2686,2020-04-22 22:00:00,5342.15,10.38766791585008
2687,2020-04-22 23:00:00,5101.66,10.185820579212637
2688,2020-04-23 00:00:00,5023.09,10.119875445362563
2689,2020-04-23 01:00:00,4887.62,10.006173176269153
2690,2020-04-23 02:00:00,4760.68,9.899630280877421
2691,2020-04-23 03:00:00,4676.1,9.828640852074582
2692,2020-04-23 04:00:00,4721.82,9.867014423662024
2693,2020-04-23 05:00:00,4948.68,10.057421870082127
2694,2020-04-23 06:00:00,4180.84,9.412960732555845
2695,2020-04-23 07:00:00,3516.28,8.85518425105649
2696,2020-04-23 08:00:00,3001.07,8.422759758108851
2697,2020-04-23 09:00:00,2717.42,8.184687501311434
2698,2020-04-23 10:00:00,2327.42,7.857353885408055
2699,2020-04-23 11:00:00,2157.38,7.714636428874182
2700,2020-04-23 12:00:00,2583.56,8.072336532529826
2701,2020-04-23 13:00:00,2495.43,7.998367528505302
2702,2020-04-23 14:00:00,2317.35,7.848901963582037
2703,2020-04-23 15:00:00,2509.17,8.009899743588667
2704,2020-04-23 16:00:00,2532.11,8.029153674739497
2705,2020-04-23 17:00:00,2599.85,8.086009005871022
2706,2020-04-23 18:00:00,4022.32,9.27991220744558
2707,2020-04-23 19:00:00,4917.9,10.031587693934675
2708,2020-04-23 20:00:00,4983.38,10.086546168727889
2709,2020-04-23 21:00:00,5037.72,10.132154652543761
2710,2020-04-23 22:00:00,5160.52,10.235222775705132
2711,2020-04-23 23:00:00,5058.94,10.149964958516758
2712,2020-04-24 00:00:00,4982.88,10.086126510245961
2713,2020-04-24 01:00:00,4790.99,9.92506997805186
2714,2020-04-24 02:00:00,4668.96,9.822648128952657
2715,2020-04-24 03:00:00,4601.89,9.766355140186917
2716,2020-04-24 04:00:00,4686.43,9.837310996311203
2717,2020-04-24 05:00:00,4724.69,9.869423263348287
2718,2020-04-24 06:00:00,4107.68,9.351556303480228
2719,2020-04-24 07:00:00,3470.48,8.81674353411194
2720,2020-04-24 08:00:00,3072.61,8.482804493703025
2721,2020-04-24 09:00:00,2686.0,8.158316162307115
2722,2020-04-24 10:00:00,2306.43,7.839736622336742
2723,2020-04-24 11:00:00,2252.63,7.794581369681353
2724,2020-04-24 12:00:00,2586.49,8.074795731233921
2725,2020-04-24 13:00:00,2687.66,8.159709428467114
2726,2020-04-24 14:00:00,2761.83,8.221961567676225
2727,2020-04-24 15:00:00,2768.78,8.227794820575017
2728,2020-04-24 16:00:00,2714.82,8.18250527720541
2729,2020-04-24 17:00:00,2805.12,8.2582955990415
2730,2020-04-24 18:00:00,4173.91,9.407144265996331
2731,2020-04-24 19:00:00,5056.9,10.148252751910494
2732,2020-04-24 20:00:00,5065.92,10.155823390924466
2733,2020-04-24 21:00:00,5053.22,10.14516406548351
2734,2020-04-24 22:00:00,5543.28,10.5564797367902
2735,2020-04-24 23:00:00,5367.71,10.40912085744621
2736,2020-04-25 00:00:00,5049.77,10.14226842195821
2737,2020-04-25 01:00:00,4891.89,10.009757059704812
2738,2020-04-25 02:00:00,4810.78,9.941680060766547
2739,2020-04-25 03:00:00,4768.79,9.906437141454283
2740,2020-04-25 04:00:00,4762.03,9.900763358778626
2741,2020-04-25 05:00:00,4708.76,9.85605294411408
2742,2020-04-25 06:00:00,4371.88,9.57330384533067
2743,2020-04-25 07:00:00,3865.98,9.148693393316519
2744,2020-04-25 08:00:00,3219.98,8.606494634666308
2745,2020-04-25 09:00:00,2860.51,8.304785365669419
2746,2020-04-25 10:00:00,2461.35,7.96976360637713
2747,2020-04-25 11:00:00,2258.88,7.799827100705446
2748,2020-04-25 12:00:00,2632.13,8.113102157464256
2749,2020-04-25 13:00:00,2784.63,8.241097994452115
2750,2020-04-25 14:00:00,2839.82,8.287419897687261
2751,2020-04-25 15:00:00,2887.9,8.327774257309402
2752,2020-04-25 16:00:00,2824.83,8.274838536399079
2753,2020-04-25 17:00:00,2847.1,8.293530125184125
2754,2020-04-25 18:00:00,4079.81,9.328164539697594
2755,2020-04-25 19:00:00,5056.9,10.148252751910494
2756,2020-04-25 20:00:00,5065.92,10.155823390924466
2757,2020-04-25 21:00:00,5206.22,10.273579560953296
2758,2020-04-25 22:00:00,5763.36,10.741196614195367
2759,2020-04-25 23:00:00,5595.22,10.60007385989282
2760,2020-04-26 00:00:00,5287.71,10.341975500337824
2761,2020-04-26 01:00:00,5217.12,10.282728115859314
2762,2020-04-26 02:00:00,5065.13,10.155160330523021
2763,2020-04-26 03:00:00,5000.99,10.101326540461372
2764,2020-04-26 04:00:00,5048.82,10.141471070842549
2765,2020-04-26 05:00:00,4949.15,10.057816349055138
2766,2020-04-26 06:00:00,4142.56,9.380831679179483
2767,2020-04-26 07:00:00,3583.4,8.911519205670427
2768,2020-04-26 08:00:00,2893.88,8.332793372753253
2769,2020-04-26 09:00:00,2533.54,8.03035389799781
2770,2020-04-26 10:00:00,2151.84,7.7099866128944265
2771,2020-04-26 11:00:00,2173.24,7.727947995920919
2772,2020-04-26 12:00:00,2074.19,7.6448136506511
2773,2020-04-26 13:00:00,1590.97,7.239238907377176
2774,2020-04-26 14:00:00,1654.8,7.292812509180029
2775,2020-04-26 15:00:00,1940.25,7.532395536512386
2776,2020-04-26 16:00:00,2160.72,7.717439747533457
2777,2020-04-26 17:00:00,2402.54,7.920403375732828
2778,2020-04-26 18:00:00,3643.08,8.961609642073281
2779,2020-04-26 19:00:00,4569.09,9.738825543772478
2780,2020-04-26 20:00:00,4704.68,9.852628530901553
2781,2020-04-26 21:00:00,4670.65,9.824066574621572
2782,2020-04-26 22:00:00,4811.85,9.942578129917873
2783,2020-04-26 23:00:00,4583.59,9.750995639748373
2784,2020-04-27 00:00:00,4394.51,9.592297588222705
2785,2020-04-27 01:00:00,4246.54,9.468103857081108
2786,2020-04-27 02:00:00,4125.07,9.366152025481663
2787,2020-04-27 03:00:00,4106.01,9.35015464415059
2788,2020-04-27 04:00:00,4218.25,9.444359580173654
2789,2020-04-27 05:00:00,4361.55,9.56463370109405
2790,2020-04-27 06:00:00,3827.48,9.11637969020811
2791,2020-04-27 07:00:00,3278.71,8.655787719953501
2792,2020-04-27 08:00:00,2919.72,8.354481323099261
2793,2020-04-27 09:00:00,2702.99,8.172576157523007
2794,2020-04-27 10:00:00,2263.83,7.8039817196765275
2795,2020-04-27 11:00:00,2163.26,7.719571612621649
2796,2020-04-27 12:00:00,2465.02,7.972843899634477
2797,2020-04-27 13:00:00,2550.15,8.044294952767437
2798,2020-04-27 14:00:00,2517.04,8.016505168094206
2799,2020-04-27 15:00:00,2533.89,8.030647658935159
2800,2020-04-27 16:00:00,2570.18,8.06110647155345
2801,2020-04-27 17:00:00,2672.73,8.147178426196762
2802,2020-04-27 18:00:00,3727.65,9.032590677706484
2803,2020-04-27 19:00:00,4525.28,9.702055067585999
2804,2020-04-27 20:00:00,4619.8,9.781387307009556
2805,2020-04-27 21:00:00,4580.09,9.748058030374882
2806,2020-04-27 22:00:00,4909.43,10.024478679250826
2807,2020-04-27 23:00:00,4739.66,9.881987838297194
2808,2020-04-28 00:00:00,4574.91,9.743710368502112
2809,2020-04-28 01:00:00,4427.22,9.619751646110394
2810,2020-04-28 02:00:00,4336.93,9.543969717443945
2811,2020-04-28 03:00:00,4291.88,9.506158488222285
2812,2020-04-28 04:00:00,4383.02,9.582653836308012
2813,2020-04-28 05:00:00,4489.6,9.672108238315658
2814,2020-04-28 06:00:00,3978.95,9.243511030723198
2815,2020-04-28 07:00:00,3522.28,8.86022015283962
2816,2020-04-28 08:00:00,3068.95,8.479732593615315
2817,2020-04-28 09:00:00,2844.48,8.291331114738826
2818,2020-04-28 10:00:00,2447.02,7.957736194285091
2819,2020-04-28 11:00:00,2358.56,7.883490215662494
2820,2020-04-28 12:00:00,2630.15,8.111440309875823
2821,2020-04-28 13:00:00,2683.7,8.156385733290248
2822,2020-04-28 14:00:00,2759.97,8.220400438123455
2823,2020-04-28 15:00:00,2813.01,8.264917809886315
2824,2020-04-28 16:00:00,2864.79,8.308377642274717
2825,2020-04-28 17:00:00,2920.71,8.355312246893478
2826,2020-04-28 18:00:00,4186.51,9.417719659740904
2827,2020-04-28 19:00:00,4960.18,10.067074015166458
2828,2020-04-28 20:00:00,5061.12,10.151794669497963
2829,2020-04-28 21:00:00,5063.81,10.154052432130733
2830,2020-04-28 22:00:00,5667.85,10.661033450977595
2831,2020-04-28 23:00:00,5565.24,10.574911137316452
2832,2020-04-29 00:00:00,5233.17,10.296199153129184
2833,2020-04-29 01:00:00,5110.99,10.193651406485401
2834,2020-04-29 02:00:00,5031.01,10.126522835716294
2835,2020-04-29 03:00:00,4900.77,10.017210194343843
2836,2020-04-29 04:00:00,4964.43,10.070641112262841
2837,2020-04-29 05:00:00,4956.59,10.06406086726622
2838,2020-04-29 06:00:00,4384.37,9.583786914209217
2839,2020-04-29 07:00:00,3827.41,9.116320938020639
2840,2020-04-29 08:00:00,3375.49,8.737016815715371
2841,2020-04-29 09:00:00,3085.35,8.493497391822535
2842,2020-04-29 10:00:00,2655.92,8.133069508034362
2843,2020-04-29 11:00:00,2517.83,8.01716822849565
2844,2020-04-29 12:00:00,2872.25,8.314638946825074
2845,2020-04-29 13:00:00,2995.96,8.418470848423553
2846,2020-04-29 14:00:00,3045.12,8.459731670366656
2847,2020-04-29 15:00:00,3113.82,8.517392745783482
2848,2020-04-29 16:00:00,3182.56,8.575087393878862
2849,2020-04-29 17:00:00,3250.85,8.632404349340506
2850,2020-04-29 18:00:00,4500.51,9.681265186391315
2851,2020-04-29 19:00:00,5198.33,10.26695735010848
2852,2020-04-29 20:00:00,5320.95,10.369874396216359
2853,2020-04-29 21:00:00,5491.68,10.513170981455293
2854,2020-04-29 22:00:00,6182.6,11.09307185812186
2855,2020-04-29 23:00:00,6005.64,10.944546328198113
2856,2020-04-30 00:00:00,5839.94,10.805471507287368
2857,2020-04-30 01:00:00,5548.15,10.560567210404173
2858,2020-04-30 02:00:00,5350.48,10.394659426158992
2859,2020-04-30 03:00:00,5259.68,10.318449445840976
2860,2020-04-30 04:00:00,5318.16,10.367532701887203
2861,2020-04-30 05:00:00,5213.14,10.279387634343172
2862,2020-04-30 06:00:00,4591.98,9.758037509075114
2863,2020-04-30 07:00:00,4010.99,9.270402746245106
2864,2020-04-30 08:00:00,3518.04,8.856661448912874
2865,2020-04-30 09:00:00,3274.77,8.652480811115915
2866,2020-04-30 10:00:00,2854.71,8.29991732727906
2867,2020-04-30 11:00:00,2738.64,8.202497807284432
2868,2020-04-30 12:00:00,3171.54,8.565838120937181
2869,2020-04-30 13:00:00,3239.88,8.62319704224702
2870,2020-04-30 14:00:00,3359.22,8.723361128713453
2871,2020-04-30 15:00:00,3404.87,8.761675948113425
2872,2020-04-30 16:00:00,3398.75,8.756539328294634
2873,2020-04-30 17:00:00,3496.51,8.83859095468108
2874,2020-04-30 18:00:00,4601.27,9.765834763669327
2875,2020-04-30 19:00:00,5309.55,10.360306182828413
2876,2020-04-30 20:00:00,5450.72,10.4787925586158
2877,2020-04-30 21:00:00,5622.52,10.622987213006056
2878,2020-04-30 22:00:00,6339.51,11.22476908292032
2879,2020-04-30 23:00:00,6215.48,11.120668599893406
2880,2020-05-01 00:00:00,6004.15,10.943295745921969
2881,2020-05-01 01:00:00,5844.07,10.80893788634809
2882,2020-05-01 02:00:00,5684.43,10.674949326238307
2883,2020-05-01 03:00:00,5608.82,10.611488570601244
2884,2020-05-01 04:00:00,5600.06,10.604136153997876
2885,2020-05-01 05:00:00,5487.22,10.5094276277965
2886,2020-05-01 06:00:00,5172.8,10.245529588021268
2887,2020-05-01 07:00:00,4321.06,9.530649757227568
2888,2020-05-01 08:00:00,3768.74,9.067078211751276
2889,2020-05-01 09:00:00,3560.75,8.892508676439114
2890,2020-05-01 10:00:00,3091.57,8.498717943337713
2891,2020-05-01 11:00:00,2939.35,8.370957115099731
2892,2020-05-01 12:00:00,3398.44,8.75627914003584
2893,2020-05-01 13:00:00,3535.44,8.871265564083949
2894,2020-05-01 14:00:00,3615.51,8.938469673379803
2895,2020-05-01 15:00:00,3506.28,8.846791081417942
2896,2020-05-01 16:00:00,3679.79,8.992420967816392
2897,2020-05-01 17:00:00,3689.48,9.000553949196144
2898,2020-05-01 18:00:00,4627.4,9.787766115934852
2899,2020-05-01 19:00:00,5535.72,10.550134500543457
2900,2020-05-01 20:00:00,5555.31,10.566576719865374
2901,2020-05-01 21:00:00,5791.65,10.764940891102821
2902,2020-05-01 22:00:00,6692.54,11.521073150669984
2903,2020-05-01 23:00:00,6613.64,11.45485104222184
2904,2020-05-02 00:00:00,6439.52,11.308709172475439
2905,2020-05-02 01:00:00,6220.32,11.124730893998464
2906,2020-05-02 02:00:00,6034.71,10.968945272337372
2907,2020-05-02 03:00:00,5898.69,10.85478137891384
2908,2020-05-02 04:00:00,5783.66,10.75823474856162
2909,2020-05-02 05:00:00,5422.55,10.455148999744008
2910,2020-05-02 06:00:00,4847.62,9.972600497714959
2911,2020-05-02 07:00:00,4242.72,9.464897666279182
2912,2020-05-02 08:00:00,3850.78,9.135935775465926
2913,2020-05-02 09:00:00,3518.03,8.856653055743237
2914,2020-05-02 10:00:00,3042.96,8.45791874572473
2915,2020-05-02 11:00:00,3010.89,8.431001850693905
2916,2020-05-02 12:00:00,3395.18,8.753542966733672
2917,2020-05-02 13:00:00,3655.33,8.971891274880502
2918,2020-05-02 14:00:00,3652.46,8.969482435194239
2919,2020-05-02 15:00:00,3724.57,9.03000558145781
2920,2020-05-02 16:00:00,3800.5,9.093734918523305
2921,2020-05-02 17:00:00,3765.49,9.064350431618749
2922,2020-05-02 18:00:00,4416.04,9.6103680824545
2923,2020-05-02 19:00:00,5135.23,10.213996449689242
2924,2020-05-02 20:00:00,5028.72,10.124600799869066
2925,2020-05-02 21:00:00,5107.98,10.191125062424199
2926,2020-05-02 22:00:00,5679.85,10.671105254543853
2927,2020-05-02 23:00:00,5678.04,10.669586090839275
2928,2020-05-03 00:00:00,5294.78,10.347909471272278
2929,2020-05-03 01:00:00,5053.36,10.145281569858449
2930,2020-05-03 02:00:00,4942.34,10.052100600531288
2931,2020-05-03 03:00:00,4816.06,9.946111654335702
2932,2020-05-03 04:00:00,4744.83,9.886327107000323
2933,2020-05-03 05:00:00,4741.06,9.88316288204659
2934,2020-05-03 06:00:00,4543.82,9.717616004095866
2935,2020-05-03 07:00:00,4335.03,9.54237501521262
2936,2020-05-03 08:00:00,4068.96,9.319057950639769
2937,2020-05-03 09:00:00,3724.11,9.029619495654437
2938,2020-05-03 10:00:00,3360.37,8.724326343221886
2939,2020-05-03 11:00:00,3244.94,8.627443986084124
2940,2020-05-03 12:00:00,3477.3,8.822467675805429
2941,2020-05-03 13:00:00,3664.94,8.979957110903147
2942,2020-05-03 14:00:00,3593.59,8.920071845532107
2943,2020-05-03 15:00:00,3472.88,8.818757894825191
2944,2020-05-03 16:00:00,3423.69,8.777471893373173
2945,2020-05-03 17:00:00,3291.24,8.666304361510603
2946,2020-05-03 18:00:00,3136.23,8.536201838943468
2947,2020-05-03 19:00:00,1842.22,7.450117294545699
2948,2020-05-03 20:00:00,1655.87,7.293710578331353
2949,2020-05-03 21:00:00,2304.4,7.838032808900117
2950,2020-05-03 22:00:00,2770.21,8.22899504383333
2951,2020-05-03 23:00:00,3020.34,8.438933396002334
2952,2020-05-04 00:00:00,3120.8,8.523251178191188
2953,2020-05-04 01:00:00,3245.53,8.6279391830928
2954,2020-05-04 02:00:00,3213.44,8.601005501722698
2955,2020-05-04 03:00:00,3194.89,8.585436172043192
2956,2020-05-04 04:00:00,3262.63,8.642291503174716
2957,2020-05-04 05:00:00,3482.34,8.826697833303257
2958,2020-05-04 06:00:00,3129.99,8.530964501089013
2959,2020-05-04 07:00:00,3037.8,8.453587870191239
2960,2020-05-04 08:00:00,3085.96,8.494009375170487
2961,2020-05-04 09:00:00,3137.76,8.537485993898166
2962,2020-05-04 10:00:00,3151.78,8.54925321773141
2963,2020-05-04 11:00:00,3200.3,8.589976876817646
2964,2020-05-04 12:00:00,3470.95,8.817138013084952
2965,2020-05-04 13:00:00,3695.31,9.005447167095419
2966,2020-05-04 14:00:00,3761.09,9.060657436977788
2967,2020-05-04 15:00:00,3772.9,9.070569770320914
2968,2020-05-04 16:00:00,3658.5,8.974551909655922
2969,2020-05-04 17:00:00,3869.18,9.151379207600854
2970,2020-05-04 18:00:00,4178.89,9.411324064476329
2971,2020-05-04 19:00:00,4907.24,10.022640575099983
2972,2020-05-04 20:00:00,5015.19,10.113244841348111
2973,2020-05-04 21:00:00,5016.29,10.114168090008352
2974,2020-05-04 22:00:00,5218.68,10.284037450322927
2975,2020-05-04 23:00:00,4977.95,10.081988677614158
2976,2020-05-05 00:00:00,4791.13,9.9251874824268
2977,2020-05-05 01:00:00,4832.27,9.959716982319788
2978,2020-05-05 02:00:00,4701.54,9.849993075635048
2979,2020-05-05 03:00:00,4632.87,9.792357179727137
2980,2020-05-05 04:00:00,4697.68,9.846753312154569
2981,2020-05-05 05:00:00,4733.37,9.876708534594547
2982,2020-05-05 06:00:00,4304.1,9.51641494152059
2983,2020-05-05 07:00:00,4099.88,9.34500963116216
2984,2020-05-05 08:00:00,3888.99,9.168006076654818
2985,2020-05-05 09:00:00,3984.87,9.248479787149218
2986,2020-05-05 10:00:00,3933.9,9.205699801501538
2987,2020-05-05 11:00:00,3890.9,9.169609172055782
2988,2020-05-05 12:00:00,4100.15,9.3452362467424
2989,2020-05-05 13:00:00,4215.91,9.442395578478234
2990,2020-05-05 14:00:00,3749.96,9.051315839170083
2991,2020-05-05 15:00:00,3887.18,9.16648691295024
2992,2020-05-05 16:00:00,4055.36,9.307643239931345
2993,2020-05-05 17:00:00,4143.64,9.381738141500447
2994,2020-05-05 18:00:00,4389.82,9.588361191662225
2995,2020-05-05 19:00:00,5069.16,10.158542777887355
2996,2020-05-05 20:00:00,5183.53,10.25453545904343
2997,2020-05-05 21:00:00,5376.23,10.416271837978254
2998,2020-05-05 22:00:00,5527.98,10.543638187243221
2999,2020-05-05 23:00:00,5069.37,10.158719034449764
3000,2020-05-06 00:00:00,4804.21,9.936165748314021
3001,2020-05-06 01:00:00,4652.15,9.808539210790258
3002,2020-05-06 02:00:00,4609.86,9.773044496388838
3003,2020-05-06 03:00:00,4538.06,9.712781538384064
3004,2020-05-06 04:00:00,4603.96,9.768092526302095
3005,2020-05-06 05:00:00,4564.61,9.735065403774408
3006,2020-05-06 06:00:00,4010.23,9.269764865352576
3007,2020-05-06 07:00:00,3874.72,9.15602902358061
3008,2020-05-06 08:00:00,3856.56,9.140787027517007
3009,2020-05-06 09:00:00,3936.32,9.207730948554067
3010,2020-05-06 10:00:00,3787.27,9.082630755091508
3011,2020-05-06 11:00:00,3835.7,9.123278875650994
3012,2020-05-06 12:00:00,3997.27,9.258887317501017
3013,2020-05-06 13:00:00,4202.54,9.431173910671495
3014,2020-05-06 14:00:00,4063.56,9.314525639034954
3015,2020-05-06 15:00:00,4056.41,9.30852452274339
3016,2020-05-06 16:00:00,4181.16,9.41322931398428
3017,2020-05-06 17:00:00,4335.56,9.542819853203463
3018,2020-05-06 18:00:00,4465.08,9.651528186361938
3019,2020-05-06 19:00:00,4967.48,10.073201029002597
3020,2020-05-06 20:00:00,5106.86,10.19018502742468
3021,2020-05-06 21:00:00,5226.41,10.290525370453524
3022,2020-05-06 22:00:00,5331.4,10.378645258488643
3023,2020-05-06 23:00:00,4779.19,9.915166037878375
3024,2020-05-07 00:00:00,4738.35,9.880888333074545
3025,2020-05-07 01:00:00,4634.31,9.79356579615509
3026,2020-05-07 02:00:00,4526.27,9.702885991380215
3027,2020-05-07 03:00:00,4432.37,9.624074128474248
3028,2020-05-07 04:00:00,4417.49,9.611585092052088
3029,2020-05-07 05:00:00,4360.03,9.56335793930899
3030,2020-05-07 06:00:00,4029.33,9.285795819362203
3031,2020-05-07 07:00:00,3994.92,9.256914922635959
3032,2020-05-07 08:00:00,4073.66,9.323002740369887
3033,2020-05-07 09:00:00,4089.41,9.336221982550601
3034,2020-05-07 10:00:00,4217.78,9.443965101200643
3035,2020-05-07 11:00:00,4132.3,9.372220287130332
3036,2020-05-07 12:00:00,4150.74,9.387697291943816
3037,2020-05-07 13:00:00,4267.32,9.485544863590011
3038,2020-05-07 14:00:00,4227.73,9.452316304990998
3039,2020-05-07 15:00:00,4240.05,9.462656689985689
3040,2020-05-07 16:00:00,4446.03,9.635539198200505
3041,2020-05-07 17:00:00,4488.85,9.671478750592769
3042,2020-05-07 18:00:00,4553.3,9.72557272891321
3043,2020-05-07 19:00:00,5160.38,10.235105271330191
3044,2020-05-07 20:00:00,5248.5,10.309065882185077
3045,2020-05-07 21:00:00,5411.31,10.44571507707028
3046,2020-05-07 22:00:00,5753.25,10.732711119690796
3047,2020-05-07 23:00:00,4893.94,10.011477659480715
3048,2020-05-08 00:00:00,5253.13,10.312951919727725
3049,2020-05-08 01:00:00,5245.89,10.306875264909417
3050,2020-05-08 02:00:00,5104.27,10.188011196488297
3051,2020-05-08 03:00:00,4952.78,10.060863069633932
3052,2020-05-08 04:00:00,4924.63,10.037236297101419
3053,2020-05-08 05:00:00,4945.29,10.05457658557466
3054,2020-05-08 06:00:00,4609.59,9.772817880808597
3055,2020-05-08 07:00:00,4407.64,9.603317819958118
3056,2020-05-08 08:00:00,4737.29,9.879998657092857
3057,2020-05-08 09:00:00,4739.4,9.881769615886592
3058,2020-05-08 10:00:00,4646.09,9.8034529499893
3059,2020-05-08 11:00:00,4579.32,9.747411756312712
3060,2020-05-08 12:00:00,4581.39,9.749149142427893
3061,2020-05-08 13:00:00,4608.26,9.771701589246671
3062,2020-05-08 14:00:00,4550.46,9.723189068735863
3063,2020-05-08 15:00:00,4591.98,9.758037509075114
3064,2020-05-08 16:00:00,4873.42,9.994254875382413
3065,2020-05-08 17:00:00,4846.14,9.971358308608455
3066,2020-05-08 18:00:00,4797.68,9.93068500854005
3067,2020-05-08 19:00:00,5199.6,10.268023282652578
3068,2020-05-08 20:00:00,5266.28,10.323988937802415
3069,2020-05-08 21:00:00,5723.63,10.707850551221416
3070,2020-05-08 22:00:00,6067.84,10.996751843349882
3071,2020-05-08 23:00:00,5922.79,10.87500891774274
3072,2020-05-09 00:00:00,5704.1,10.691458690917331
3073,2020-05-09 01:00:00,5533.71,10.54844747344611
3074,2020-05-09 02:00:00,5376.77,10.416725069138735
3075,2020-05-09 03:00:00,5241.43,10.303131911250624
3076,2020-05-09 04:00:00,5202.62,10.270558019883419
3077,2020-05-09 05:00:00,5209.27,10.276139477693054
3078,2020-05-09 06:00:00,4962.14,10.068719076415613
3079,2020-05-09 07:00:00,4920.77,10.03399653362094
3080,2020-05-09 08:00:00,4996.63,10.097667118498965
3081,2020-05-09 09:00:00,4944.67,10.05405620905707
3082,2020-05-09 10:00:00,4760.3,9.899311340431158
3083,2020-05-09 11:00:00,4659.79,9.81495159239411
3084,2020-05-09 12:00:00,4677.13,9.829505348547352
3085,2020-05-09 13:00:00,4811.63,9.942393480185824
3086,2020-05-09 14:00:00,4779.43,9.9153674739497
3087,2020-05-09 15:00:00,4820.05,9.949460529021483
3088,2020-05-09 16:00:00,5137.74,10.216103135268519
3089,2020-05-09 17:00:00,5210.72,10.277356487290643
3090,2020-05-09 18:00:00,4980.57,10.084187688059457
3091,2020-05-09 19:00:00,5382.17,10.421257380743551
3092,2020-05-09 20:00:00,5709.78,10.696226011272026
3093,2020-05-09 21:00:00,5860.33,10.822585180180369
3094,2020-05-09 22:00:00,6259.91,11.157959452597476
3095,2020-05-09 23:00:00,6115.99,11.03716495515949
3096,2020-05-10 00:00:00,5798.01,10.770278946992937
3097,2020-05-10 01:00:00,5711.69,10.69782910667299
3098,2020-05-10 02:00:00,5520.36,10.537242591978647
3099,2020-05-10 03:00:00,5293.41,10.346759607031798
3100,2020-05-10 04:00:00,5197.81,10.266520905287278
3101,2020-05-10 05:00:00,5091.98,10.177695991002523
3102,2020-05-10 06:00:00,4939.12,10.049397999907676
3103,2020-05-10 07:00:00,4854.01,9.977963733113992
3104,2020-05-10 08:00:00,4724.2,9.869011998035997
3105,2020-05-10 09:00:00,4084.15,9.331807175320725
3106,2020-05-10 10:00:00,3192.32,8.583279127446085
3107,2020-05-10 11:00:00,2453.1,7.962839241425328
3108,2020-05-10 12:00:00,1305.93,7.0
3109,2020-05-10 13:00:00,1720.48,7.347938847366014
3110,2020-05-10 14:00:00,2481.93,7.987036749493262
3111,2020-05-10 15:00:00,3014.7,8.434199648326192
3112,2020-05-10 16:00:00,3459.14,8.807225679741826
3113,2020-05-10 17:00:00,3568.61,8.899105707775012
3114,2020-05-10 18:00:00,3875.36,9.156566186437477
3115,2020-05-10 19:00:00,4477.75,9.66216233229398
3116,2020-05-10 20:00:00,4818.27,9.947966544825821
3117,2020-05-10 21:00:00,4948.26,10.057069356957308
3118,2020-05-10 22:00:00,5114.3,10.196429545635763
3119,2020-05-10 23:00:00,4989.73,10.091875831448366
3120,2020-05-11 00:00:00,4757.55,9.897003218780556
3121,2020-05-11 01:00:00,4559.7,9.730944357481881
3122,2020-05-11 02:00:00,4398.93,9.596007369202942
3123,2020-05-11 03:00:00,4281.67,9.497589062021326
3124,2020-05-11 04:00:00,4322.25,9.531648544414555
3125,2020-05-11 05:00:00,4399.61,9.596578104738363
3126,2020-05-11 06:00:00,3979.98,9.244375527195968
3127,2020-05-11 07:00:00,3960.94,9.228394932204173
3128,2020-05-11 08:00:00,4071.85,9.32148357666531
3129,2020-05-11 09:00:00,4166.27,9.400731884392481
3130,2020-05-11 10:00:00,4153.43,9.389955054576586
3131,2020-05-11 11:00:00,4129.58,9.369937344988648
3132,2020-05-11 12:00:00,4395.09,9.592784392061741
3133,2020-05-11 13:00:00,4561.36,9.732337623641879
3134,2020-05-11 14:00:00,4517.03,9.695130702634195
3135,2020-05-11 15:00:00,4538.79,9.713394239767677
3136,2020-05-11 16:00:00,4448.14,9.63731015699424
3137,2020-05-11 17:00:00,4466.66,9.65285430716483
3138,2020-05-11 18:00:00,4762.76,9.90137606016224
3139,2020-05-11 19:00:00,4942.94,10.0526041907096
3140,2020-05-11 20:00:00,5296.16,10.349067728682398
3141,2020-05-11 21:00:00,5419.12,10.452270142557985
3142,2020-05-11 22:00:00,5591.78,10.597186609537157
3143,2020-05-11 23:00:00,5441.57,10.471112808396526
3144,2020-05-12 00:00:00,5202.37,10.270348190642455
3145,2020-05-12 01:00:00,5053.67,10.145541758117243
3146,2020-05-12 02:00:00,4485.72,9.668851688495902
3147,2020-05-12 03:00:00,4367.59,9.569703175555732
3148,2020-05-12 04:00:00,4545.56,9.719076415612975
3149,2020-05-12 05:00:00,4538.87,9.713461385124784
3150,2020-05-12 06:00:00,4087.93,9.334979793444095
3151,2020-05-12 07:00:00,4113.91,9.356785248165043
3152,2020-05-12 08:00:00,4252.28,9.472921536453633
3153,2020-05-12 09:00:00,4423.83,9.616906361602927
3154,2020-05-12 10:00:00,4415.01,9.609503585981727
3155,2020-05-12 11:00:00,4346.71,9.552178237350445
3156,2020-05-12 12:00:00,4522.46,9.699688193747928
3157,2020-05-12 13:00:00,4802.37,9.934621405100529
3158,2020-05-12 14:00:00,4725.06,9.869733810624913
3159,2020-05-12 15:00:00,4756.23,9.895895320388266
3160,2020-05-12 16:00:00,4728.22,9.872386052230695
3161,2020-05-12 17:00:00,4765.51,9.90368418181284
3162,2020-05-12 18:00:00,4920.63,10.033879029246
3163,2020-05-12 19:00:00,5179.53,10.25117819118801
3164,2020-05-12 20:00:00,5467.79,10.4931196991888
3165,2020-05-12 21:00:00,5698.47,10.686733336410828
3166,2020-05-12 22:00:00,5723.14,10.707439285909128
3167,2020-05-12 23:00:00,5550.69,10.562699075492365
3168,2020-05-13 00:00:00,5351.68,10.395666606515618
3169,2020-05-13 01:00:00,5365.53,10.407291146465006
3170,2020-05-13 02:00:00,5232.87,10.295947358040028
3171,2020-05-13 03:00:00,5013.84,10.112111763446908
3172,2020-05-13 04:00:00,4997.87,10.098707871534145
3173,2020-05-13 05:00:00,4964.88,10.071018804896575
3174,2020-05-13 06:00:00,4623.48,9.78447599343654
3175,2020-05-13 07:00:00,4601.65,9.76615370411559
3176,2020-05-13 08:00:00,4691.46,9.841532760639392
3177,2020-05-13 09:00:00,4874.1,9.994825610917836
3178,2020-05-13 10:00:00,4766.68,9.90466618266055
3179,2020-05-13 11:00:00,4871.84,9.992928754579523
3180,2020-05-13 12:00:00,4941.59,10.051471112808397
3181,2020-05-13 13:00:00,4842.09,9.967959074904842
3182,2020-05-13 14:00:00,4946.63,10.055701270306225
3183,2020-05-13 15:00:00,4972.99,10.077825665473437
3184,2020-05-13 16:00:00,4803.84,9.935855201037395
3185,2020-05-13 17:00:00,4646.91,9.80414118989966
3186,2020-05-13 18:00:00,4752.09,9.89242054815791
3187,2020-05-13 19:00:00,5104.64,10.188321743764924
3188,2020-05-13 20:00:00,5459.83,10.486438736156515
3189,2020-05-13 21:00:00,5486.78,10.509058328332403
3190,2020-05-13 22:00:00,5782.14,10.756958986776562
3191,2020-05-13 23:00:00,5552.13,10.563907691920315
3192,2020-05-14 00:00:00,5399.29,10.435626487164745
3193,2020-05-14 01:00:00,5206.54,10.27384814238173
3194,2020-05-14 02:00:00,5125.63,10.205939006836237
3195,2020-05-14 03:00:00,5009.01,10.108057862511489
3196,2020-05-14 04:00:00,4989.96,10.092068874350055
3197,2020-05-14 05:00:00,4926.09,10.038461699868646
3198,2020-05-14 06:00:00,4539.77,9.714216770392255
3199,2020-05-14 07:00:00,4592.95,9.758851646530054
3200,2020-05-14 08:00:00,4736.2,9.879083801602256
3201,2020-05-14 09:00:00,4795.4,9.92877136586246
3202,2020-05-14 10:00:00,4715.8,9.861961735539618
3203,2020-05-14 11:00:00,4687.37,9.838099954257226
3204,2020-05-14 12:00:00,4884.8,10.003806302431082
3205,2020-05-14 13:00:00,4990.18,10.092253524082102
3206,2020-05-14 14:00:00,4910.1,10.025041021616609
3207,2020-05-14 15:00:00,4508.36,9.687853824557575
3208,2020-05-14 16:00:00,3677.47,8.990473752460248
3209,2020-05-14 17:00:00,3255.28,8.636122523490384
3210,2020-05-14 18:00:00,3253.78,8.634863548044601
3211,2020-05-14 19:00:00,3913.78,9.18881274418878
3212,2020-05-14 20:00:00,4473.63,9.658704346402898
3213,2020-05-14 21:00:00,4983.42,10.086579741406442
3214,2020-05-14 22:00:00,5532.2,10.547180104830689
3215,2020-05-14 23:00:00,5369.29,10.410446978249102
3216,2020-05-15 00:00:00,5069.83,10.159105120253137
3217,2020-05-15 01:00:00,4857.44,9.980842590300014
3218,2020-05-15 02:00:00,4702.68,9.850949896973843
3219,2020-05-15 03:00:00,4645.58,9.803024898337732
3220,2020-05-15 04:00:00,4704.41,9.85240191532131
3221,2020-05-15 05:00:00,4697.85,9.846895996038423
3222,2020-05-15 06:00:00,4364.95,9.567487378771155
3223,2020-05-15 07:00:00,4384.83,9.58417300001259
3224,2020-05-15 08:00:00,4548.98,9.721946879629357
3225,2020-05-15 09:00:00,4810.84,9.94173041978438
3226,2020-05-15 10:00:00,4664.65,9.819030672838444
3227,2020-05-15 11:00:00,4531.02,9.706872746958526
3228,2020-05-15 12:00:00,4815.82,9.945910218264377
3229,2020-05-15 13:00:00,4913.7,10.028062562686486
3230,2020-05-15 14:00:00,4890.2,10.008338614035898
3231,2020-05-15 15:00:00,4948.55,10.057312758876826
3232,2020-05-15 16:00:00,5046.52,10.139540641825683
3233,2020-05-15 17:00:00,4999.71,10.100252214747638
3234,2020-05-15 18:00:00,5053.31,10.145239604010257
3235,2020-05-15 19:00:00,5323.08,10.37166214134937
3236,2020-05-15 20:00:00,5611.49,10.613729546894737
3237,2020-05-15 21:00:00,5767.73,10.744864429327412
3238,2020-05-15 22:00:00,6083.22,11.009660538253968
3239,2020-05-15 23:00:00,5921.28,10.87374154912732
3240,2020-05-16 00:00:00,5652.34,10.648015644868206
3241,2020-05-16 01:00:00,5483.31,10.506145898467828
3242,2020-05-16 02:00:00,5309.89,10.360591550596125
3243,2020-05-16 03:00:00,5163.21,10.2374805383379
3244,2020-05-16 04:00:00,5103.87,10.187675469702755
3245,2020-05-16 05:00:00,5084.26,10.171216464041564
3246,2020-05-16 06:00:00,5086.27,10.17290349113891
3247,2020-05-16 07:00:00,5227.46,10.291406653265572
3248,2020-05-16 08:00:00,5180.35,10.251866431098373
3249,2020-05-16 09:00:00,5233.99,10.296887393039544
3250,2020-05-16 10:00:00,5131.43,10.210807045226595
3251,2020-05-16 11:00:00,5079.19,10.166961127034819
3252,2020-05-16 12:00:00,5191.51,10.261233208414993
3253,2020-05-16 13:00:00,5250.44,10.310694157094956
3254,2020-05-16 14:00:00,4953.8,10.061719172937064
3255,2020-05-16 15:00:00,4866.3,9.988278938599768
3256,2020-05-16 16:00:00,5132.79,10.211948516297436
3257,2020-05-16 17:00:00,5241.83,10.303467638036166
3258,2020-05-16 18:00:00,5175.83,10.24807271842175
3259,2020-05-16 19:00:00,5382.07,10.421173449047165
3260,2020-05-16 20:00:00,5635.04,10.633495461393519
3261,2020-05-16 21:00:00,5918.04,10.871022162164431
3262,2020-05-16 22:00:00,6282.35,11.176793725266378
3263,2020-05-16 23:00:00,6169.75,11.082286635136326
3264,2020-05-17 00:00:00,5858.95,10.82142692277025
3265,2020-05-17 01:00:00,5680.65,10.671776708114935
3266,2020-05-17 02:00:00,5506.26,10.525408222788295
3267,2020-05-17 03:00:00,5410.69,10.44519470055269
3268,2020-05-17 04:00:00,5322.06,10.370806038046238
3269,2020-05-17 05:00:00,5164.67,10.238705941105128
3270,2020-05-17 06:00:00,5165.19,10.239142385926332
3271,2020-05-17 07:00:00,5334.11,10.380919807460689
3272,2020-05-17 08:00:00,5346.45,10.391276978794657
3273,2020-05-17 09:00:00,5290.69,10.344476664890113
3274,2020-05-17 10:00:00,5258.22,10.317224043073747
3275,2020-05-17 11:00:00,5015.15,10.113211268669556
3276,2020-05-17 12:00:00,4642.21,9.800196400169542
3277,2020-05-17 13:00:00,4963.8,10.070112342575612
3278,2020-05-17 14:00:00,4668.65,9.822387940693863
3279,2020-05-17 15:00:00,4586.76,9.753656274523792
3280,2020-05-17 16:00:00,4970.39,10.075643441367415
3281,2020-05-17 17:00:00,5116.83,10.198553017554314
3282,2020-05-17 18:00:00,5148.31,10.224974715576465
3283,2020-05-17 19:00:00,5227.62,10.29154094397979
3284,2020-05-17 20:00:00,5566.56,10.57601903570874
3285,2020-05-17 21:00:00,5899.82,10.855729807082996
3286,2020-05-17 22:00:00,6289.94,11.183164141022036
3287,2020-05-17 23:00:00,6104.33,11.027378519360944
3288,2020-05-18 00:00:00,5820.82,10.789423766938466
3289,2020-05-18 01:00:00,5593.15,10.598336473777639
3290,2020-05-18 02:00:00,5415.32,10.449080738095338
3291,2020-05-18 03:00:00,5270.33,10.327388171506028
3292,2020-05-18 04:00:00,5182.41,10.253595424043912
3293,2020-05-18 05:00:00,5072.1,10.161010369761089
3294,2020-05-18 06:00:00,5107.3,10.190554326888778
3295,2020-05-18 07:00:00,5487.28,10.50947798681433
3296,2020-05-18 08:00:00,5620.25,10.621081963498105
3297,2020-05-18 09:00:00,5686.76,10.676904934764089
3298,2020-05-18 10:00:00,5732.73,10.715488335592495
3299,2020-05-18 11:00:00,5661.42,10.655636642900008
3300,2020-05-18 12:00:00,5314.65,10.364586699344073
3301,2020-05-18 13:00:00,5190.6,10.260469429977885
3302,2020-05-18 14:00:00,5176.24,10.24841683837693
3303,2020-05-18 15:00:00,5223.92,10.288435471213527
3304,2020-05-18 16:00:00,5657.04,10.651960434598324
3305,2020-05-18 17:00:00,5707.93,10.694673274888896
3306,2020-05-18 18:00:00,5569.04,10.5781005417791
3307,2020-05-18 19:00:00,5598.24,10.60260859712366
3308,2020-05-18 20:00:00,6084.43,11.010676111780233
3309,2020-05-18 21:00:00,6289.59,11.182870380084687
3310,2020-05-18 22:00:00,6609.03,11.450981791018469
3311,2020-05-18 23:00:00,6485.67,11.347443650357338
3312,2020-05-19 00:00:00,6198.05,11.106039305213418
3313,2020-05-19 01:00:00,5983.41,10.925888312091619
3314,2020-05-19 02:00:00,5766.67,10.743974753345727
3315,2020-05-19 03:00:00,5546.84,10.559467705181524
3316,2020-05-19 04:00:00,5402.66,10.438454985332935
3317,2020-05-19 05:00:00,5077.34,10.165408390651688
3318,2020-05-19 06:00:00,5400.9,10.43697778747655
3319,2020-05-19 07:00:00,5722.17,10.706625148454188
3320,2020-05-19 08:00:00,6023.07,10.959175622878101
3321,2020-05-19 09:00:00,6117.74,11.038633759846237
3322,2020-05-19 10:00:00,6036.88,10.970766590148937
3323,2020-05-19 11:00:00,5872.83,10.833076642228555
3324,2020-05-19 12:00:00,5309.94,10.360633516444317
3325,2020-05-19 13:00:00,5318.17,10.367541095056843
3326,2020-05-19 14:00:00,5369.69,10.410782705034642
3327,2020-05-19 15:00:00,5358.39,10.401298423343084
3328,2020-05-19 16:00:00,5771.68,10.74817973133464
3329,2020-05-19 17:00:00,5975.85,10.919543075844878
3330,2020-05-19 18:00:00,5597.14,10.60168534846342
3331,2020-05-19 19:00:00,5423.64,10.45606385523461
3332,2020-05-19 20:00:00,5752.97,10.732476110940917
3333,2020-05-19 21:00:00,6117.26,11.038230887703588
3334,2020-05-19 22:00:00,6593.6,11.43803113026619
3335,2020-05-19 23:00:00,6389.01,11.266315272631132
3336,2020-05-20 00:00:00,6142.68,11.059566324924777
3337,2020-05-20 01:00:00,5924.72,10.876628799482981
3338,2020-05-20 02:00:00,5702.11,10.68978845015926
3339,2020-05-20 03:00:00,5498.96,10.519281208952155
3340,2020-05-20 04:00:00,5363.82,10.405855914456815
3341,2020-05-20 05:00:00,5035.7,10.130459232276774
3342,2020-05-20 06:00:00,5412.18,10.446445282828833
3343,2020-05-20 07:00:00,5744.67,10.725509780140921
3344,2020-05-20 08:00:00,5961.51,10.9075072705832
3345,2020-05-20 09:00:00,6129.91,11.04884824729635
3346,2020-05-20 10:00:00,6026.77,10.962281095644364
3347,2020-05-20 11:00:00,5899.57,10.855519977842032
3348,2020-05-20 12:00:00,5275.92,10.332079953333977
3349,2020-05-20 13:00:00,5353.73,10.39738720629152
3350,2020-05-20 14:00:00,5376.32,10.416347376505
3351,2020-05-20 15:00:00,5296.04,10.348967010646735
3352,2020-05-20 16:00:00,5795.14,10.767870107306674
3353,2020-05-20 17:00:00,6105.29,11.028184263646246
3354,2020-05-20 18:00:00,5727.91,10.711442827826716
3355,2020-05-20 19:00:00,5632.76,10.63158181871593
3356,2020-05-20 20:00:00,5919.98,10.87265043707431
3357,2020-05-20 21:00:00,6306.07,11.196702323649014
3358,2020-05-20 22:00:00,6686.5,11.516003676208301
3359,2020-05-20 23:00:00,6636.75,11.474247657256525
3360,2020-05-21 00:00:00,6412.15,11.285737067174733
3361,2020-05-21 01:00:00,6175.61,11.087205032544514
3362,2020-05-21 02:00:00,5964.52,10.910033614644403
3363,2020-05-21 03:00:00,5737.02,10.719089005367433
3364,2020-05-21 04:00:00,5597.06,10.601618203106312
3365,2020-05-21 05:00:00,5272.87,10.32952003659422
3366,2020-05-21 06:00:00,5755.26,10.734398146788145
3367,2020-05-21 07:00:00,6016.92,10.954013823550394
3368,2020-05-21 08:00:00,6299.14,11.190885857089501
3369,2020-05-21 09:00:00,6465.75,11.330724456437352
3370,2020-05-21 10:00:00,6180.74,11.09151072856909
3371,2020-05-21 11:00:00,5809.89,10.780250032523533
3372,2020-05-21 12:00:00,5281.9,10.337099068777828
3373,2020-05-21 13:00:00,5172.08,10.244925279807292
3374,2020-05-21 14:00:00,5219.85,10.285019451170637
3375,2020-05-21 15:00:00,5258.36,10.317341547448686
3376,2020-05-21 16:00:00,5799.56,10.771579888286912
3377,2020-05-21 17:00:00,6072.24,11.000444837990843
3378,2020-05-21 18:00:00,5887.55,10.845431387936497
3379,2020-05-21 19:00:00,5646.29,10.642937777236885
3380,2020-05-21 20:00:00,6033.69,10.96808916903424
3381,2020-05-21 21:00:00,6507.07,11.365405033383832
3382,2020-05-21 22:00:00,6857.23,11.659300261447234
3383,2020-05-21 23:00:00,6596.87,11.440775696737994
3384,2020-05-22 00:00:00,6608.79,11.450780354947144
3385,2020-05-22 01:00:00,6443.62,11.312150372027244
3386,2020-05-22 02:00:00,6228.29,11.131420250200387
3387,2020-05-22 03:00:00,6021.95,10.958235587878583
3388,2020-05-22 04:00:00,5894.13,10.850954093558663
3389,2020-05-22 05:00:00,5467.02,10.492473425126633
3390,2020-05-22 06:00:00,6019.25,10.955969432076177
3391,2020-05-22 07:00:00,6366.68,11.247573324828256
3392,2020-05-22 08:00:00,6630.78,11.469236934982312
3393,2020-05-22 09:00:00,6853.26,11.655968173100732
3394,2020-05-22 10:00:00,6617.8,11.458342600791475
3395,2020-05-22 11:00:00,6210.88,11.116807741859674
3396,2020-05-22 12:00:00,5722.56,10.706952482070092
3397,2020-05-22 13:00:00,5898.83,10.85489888328878
3398,2020-05-22 14:00:00,5962.31,10.908178724154283
3399,2020-05-22 15:00:00,6014.16,10.951697308730155
3400,2020-05-22 16:00:00,6741.3,11.561998245827546
3401,2020-05-22 17:00:00,6870.68,11.670589074611081
3402,2020-05-22 18:00:00,6755.55,11.573958512562477
3403,2020-05-22 19:00:00,6313.25,11.202728619449491
3404,2020-05-22 20:00:00,6581.28,11.427690745271498
3405,2020-05-22 21:00:00,6830.76,11.637083541413997
3406,2020-05-22 22:00:00,7381.13,12.099018418810772
3407,2020-05-22 23:00:00,7313.45,12.042213446697078
3408,2020-05-23 00:00:00,7042.59,11.814876053867362
3409,2020-05-23 01:00:00,6826.51,11.633516444317614
3410,2020-05-23 02:00:00,6640.82,11.477663677299415
3411,2020-05-23 03:00:00,6472.45,11.336347880095179
3412,2020-05-23 04:00:00,6324.5,11.212170935292859
3413,2020-05-23 05:00:00,5941.79,10.890955940055981
3414,2020-05-23 06:00:00,6342.13,11.22696809336562
3415,2020-05-23 07:00:00,6720.22,11.544305444229487
3416,2020-05-23 08:00:00,6770.6,11.586590232868492
3417,2020-05-23 09:00:00,6755.09,11.573572426759103
3418,2020-05-23 10:00:00,6571.62,11.41958294340066
3419,2020-05-23 11:00:00,6312.13,11.201788584449975
3420,2020-05-23 12:00:00,5932.61,10.883251010327795
3421,2020-05-23 13:00:00,5897.56,10.853832950744685
3422,2020-05-23 14:00:00,6078.24,11.005480739773972
3423,2020-05-23 15:00:00,6012.34,10.95016975185594
3424,2020-05-23 16:00:00,6618.92,11.459282635790993
3425,2020-05-23 17:00:00,7089.07,11.853887506347334
3426,2020-05-23 18:00:00,6681.85,11.512100852326377
3427,2020-05-23 19:00:00,6150.05,11.065752090948386
3428,2020-05-23 20:00:00,6388.89,11.266214554595471
3429,2020-05-23 21:00:00,6921.53,11.713268342223099
3430,2020-05-23 22:00:00,7455.19,12.161178233153858
3431,2020-05-23 23:00:00,7444.81,12.152466123069047
3432,2020-05-24 00:00:00,7189.15,11.937886348089924
3433,2020-05-24 01:00:00,7004.78,11.783141479464012
3434,2020-05-24 02:00:00,6788.37,11.601504895316191
3435,2020-05-24 03:00:00,6596.75,11.440674978702333
3436,2020-05-24 04:00:00,6355.39,11.238097436306333
3437,2020-05-24 05:00:00,5874.07,10.834117395263734
3438,2020-05-24 06:00:00,6230.8,11.133526935779663
3439,2020-05-24 07:00:00,6472.92,11.33674235906819
3440,2020-05-24 08:00:00,6552.07,11.4031742967573
3441,2020-05-24 09:00:00,6494.72,11.355039468880225
3442,2020-05-24 10:00:00,6299.63,11.191297122401789
3443,2020-05-24 11:00:00,6191.51,11.100550172269806
3444,2020-05-24 12:00:00,5567.48,10.576791207315486
3445,2020-05-24 13:00:00,5711.12,10.697350696003593
3446,2020-05-24 14:00:00,5508.09,10.526944172832149
3447,2020-05-24 15:00:00,6051.75,10.983247233401457
3448,2020-05-24 16:00:00,6513.74,11.371003277532743
3449,2020-05-24 17:00:00,6534.27,11.388234454800685
3450,2020-05-24 18:00:00,6160.25,11.074313123979707
3451,2020-05-24 19:00:00,5798.66,10.770824503019442
3452,2020-05-24 20:00:00,6385.67,11.263511953971857
3453,2020-05-24 21:00:00,6857.02,11.659124004884825
3454,2020-05-24 22:00:00,7339.76,12.064295876016098
3455,2020-05-24 23:00:00,7272.63,12.007952528232526
3456,2020-05-25 00:00:00,7074.73,11.841851701085655
3457,2020-05-25 01:00:00,6898.28,11.693754222813475
3458,2020-05-25 02:00:00,6625.71,11.464981597975568
3459,2020-05-25 03:00:00,6410.73,11.284545237086059
3460,2020-05-25 04:00:00,6242.84,11.143632312024476
3461,2020-05-25 05:00:00,5744.09,10.725022976301887
3462,2020-05-25 06:00:00,6274.72,11.170389736832167
3463,2020-05-25 07:00:00,6647.83,11.483547289216036
3464,2020-05-25 08:00:00,6832.1,11.638208226145563
3465,2020-05-25 09:00:00,7079.07,11.845494336708786
3466,2020-05-25 10:00:00,6993.26,11.773472548040406
3467,2020-05-25 11:00:00,6917.76,11.710104117269367
3468,2020-05-25 12:00:00,6429.57,11.300357968685084
3469,2020-05-25 13:00:00,6302.51,11.193714355257692
3470,2020-05-25 14:00:00,6292.28,11.185128142717456
3471,2020-05-25 15:00:00,6408.05,11.282295867622928
3472,2020-05-25 16:00:00,6792.11,11.604643940761008
3473,2020-05-25 17:00:00,7115.99,11.876481919014306
3474,2020-05-25 18:00:00,6807.82,11.617829610263168
3475,2020-05-25 19:00:00,6446.39,11.314475280017122
3476,2020-05-25 20:00:00,6738.51,11.55965655149839
3477,2020-05-25 21:00:00,7188.71,11.937517048625828
3478,2020-05-25 22:00:00,7897.51,12.532424912606121
3479,2020-05-25 23:00:00,7756.31,12.413913357309822
3480,2020-05-26 00:00:00,7548.6,12.239578830747538
3481,2020-05-26 01:00:00,7356.18,12.078077460562595
3482,2020-05-26 02:00:00,7108.06,11.86982613549094
3483,2020-05-26 03:00:00,6851.55,11.654532941092539
3484,2020-05-26 04:00:00,6678.49,11.509280747327825
3485,2020-05-26 05:00:00,6171.65,11.08388133736765
3486,2020-05-26 06:00:00,6562.81,11.412188560949101
3487,2020-05-26 07:00:00,7015.25,11.791929128075573
3488,2020-05-26 08:00:00,6877.51,11.676321609474211
3489,2020-05-26 09:00:00,7016.76,11.793196496690992
3490,2020-05-26 10:00:00,7077.26,11.84397517300421
3491,2020-05-26 11:00:00,7057.98,11.827793141941088
3492,2020-05-26 12:00:00,6474.38,11.337967761835419
3493,2020-05-26 13:00:00,6504.25,11.363038159545763
3494,2020-05-26 14:00:00,6713.35,11.538539336687805
3495,2020-05-26 15:00:00,6709.24,11.53508974396636
3496,2020-05-26 16:00:00,7200.66,11.947546886343893
3497,2020-05-26 17:00:00,7336.94,12.061929002178026
3498,2020-05-26 18:00:00,6827.36,11.634229863736891
3499,2020-05-26 19:00:00,6484.13,11.346151102233003
3500,2020-05-26 20:00:00,6889.64,11.68650252424577
3501,2020-05-26 21:00:00,7301.51,12.032192002148651
3502,2020-05-26 22:00:00,7959.65,12.58458006874006
3503,2020-05-26 23:00:00,7809.52,12.458573412956536
3504,2020-05-27 00:00:00,7629.84,12.307764940891104
3505,2020-05-27 01:00:00,7395.89,12.11140673719727
3506,2020-05-27 02:00:00,7176.2,11.927017193408005
3507,2020-05-27 03:00:00,6979.86,11.76222570072475
3508,2020-05-27 04:00:00,6777.77,11.592608135499331
3509,2020-05-27 05:00:00,6083.74,11.010096983075172
3510,2020-05-27 06:00:00,6634.37,11.47225008288255
3511,2020-05-27 07:00:00,6986.46,11.767765192686191
3512,2020-05-27 08:00:00,7108.92,11.870547948079853
3513,2020-05-27 09:00:00,7146.13,11.90177893230489
3514,2020-05-27 10:00:00,7439.49,12.148000956821338
3515,2020-05-27 11:00:00,7335.93,12.061081292044534
3516,2020-05-27 12:00:00,6836.24,11.641682998375922
3517,2020-05-27 13:00:00,6770.63,11.586615412377407
3518,2020-05-27 14:00:00,6915.61,11.708299585797079
3519,2020-05-27 15:00:00,7004.48,11.782889684374855
3520,2020-05-27 16:00:00,7155.66,11.909777622970427
3521,2020-05-27 17:00:00,7530.71,12.224563450264174
3522,2020-05-27 18:00:00,6852.01,11.654919026895913
3523,2020-05-27 19:00:00,6122.6,11.042712840290573
3524,2020-05-27 20:00:00,6624.95,11.464343717083038
3525,2020-05-27 21:00:00,6889.21,11.68614161795131
3526,2020-05-27 22:00:00,7479.35,12.181456131000592
3527,2020-05-27 23:00:00,7308.41,12.03798328919925
3528,2020-05-28 00:00:00,7031.95,11.805945721371948
3529,2020-05-28 01:00:00,6855.75,11.65805807234073
3530,2020-05-28 02:00:00,6638.73,11.475909504844957
3531,2020-05-28 03:00:00,6313.84,11.203223816458166
3532,2020-05-28 04:00:00,6110.92,11.032909618152747
3533,2020-05-28 05:00:00,5548.3,10.560693107948751
3534,2020-05-28 06:00:00,6059.81,10.990012128130129
3535,2020-05-28 07:00:00,6384.22,11.262294944374268
3536,2020-05-28 08:00:00,6364.21,11.245500211927533
3537,2020-05-28 09:00:00,6358.88,11.241026652510186
3538,2020-05-28 10:00:00,6278.23,11.173335739375297
3539,2020-05-28 11:00:00,6146.78,11.063007524476582
3540,2020-05-28 12:00:00,5968.54,10.913407668839099
3541,2020-05-28 13:00:00,6349.52,11.233170645728507
3542,2020-05-28 14:00:00,6564.53,11.413632186126929
3543,2020-05-28 15:00:00,6756.53,11.574781043187055
3544,2020-05-28 16:00:00,6895.65,11.691546819198535
3545,2020-05-28 17:00:00,6635.55,11.4732404768999
3546,2020-05-28 18:00:00,5114.88,10.196916349474797
3547,2020-05-28 19:00:00,3856.99,9.141147933811464
3548,2020-05-28 20:00:00,4103.84,9.348333326339025
3549,2020-05-28 21:00:00,3964.09,9.231038780640315
3550,2020-05-28 22:00:00,3457.76,8.806067422331706
3551,2020-05-28 23:00:00,3478.29,8.823298599599646
3552,2020-05-29 00:00:00,4120.27,9.36212330405516
3553,2020-05-29 01:00:00,4392.96,9.59099664692873
3554,2020-05-29 02:00:00,4067.89,9.318159881488445
3555,2020-05-29 03:00:00,3928.32,9.201016412843229
3556,2020-05-29 04:00:00,4019.06,9.277176034143414
3557,2020-05-29 05:00:00,4157.62,9.393471792655138
3558,2020-05-29 06:00:00,4103.12,9.34772901812505
3559,2020-05-29 07:00:00,4272.37,9.489783414257477
3560,2020-05-29 08:00:00,4660.75,9.815757336679411
3561,2020-05-29 09:00:00,4917.24,10.031033744738531
3562,2020-05-29 10:00:00,5132.31,10.211545644154787
3563,2020-05-29 11:00:00,5218.64,10.284003877644373
3564,2020-05-29 12:00:00,5175.59,10.247871282350424
3565,2020-05-29 13:00:00,5315.17,10.365023144165278
3566,2020-05-29 14:00:00,5489.46,10.511307697795534
3567,2020-05-29 15:00:00,5068.92,10.15834134181603
3568,2020-05-29 16:00:00,4543.33,9.717204738783577
3569,2020-05-29 17:00:00,4073.44,9.322818090637838
3570,2020-05-29 18:00:00,3643.31,8.961802684974968
3571,2020-05-29 19:00:00,3692.99,9.003499951739274
3572,2020-05-29 20:00:00,4180.53,9.412700544297051
3573,2020-05-29 21:00:00,4493.03,9.674987095501681
3574,2020-05-29 22:00:00,4963.53,10.06988572699537
3575,2020-05-29 23:00:00,4879.66,9.999492213236868
3576,2020-05-30 00:00:00,4749.51,9.890255110391163
3577,2020-05-30 01:00:00,4561.62,9.732555846052483
3578,2020-05-30 02:00:00,4429.81,9.62192547704678
3579,2020-05-30 03:00:00,4310.38,9.521685852053599
3580,2020-05-30 04:00:00,4336.39,9.543516486283462
3581,2020-05-30 05:00:00,4386.36,9.585457154967287
3582,2020-05-30 06:00:00,4380.67,9.580681441442954
3583,2020-05-30 07:00:00,4567.13,9.737180482523323
3584,2020-05-30 08:00:00,4664.52,9.818921561633143
3585,2020-05-30 09:00:00,4818.46,9.948126015048953
3586,2020-05-30 10:00:00,4846.88,9.971979403161708
3587,2020-05-30 11:00:00,4875.27,9.995807611765546
3588,2020-05-30 12:00:00,5162.35,10.236758725748986
3589,2020-05-30 13:00:00,5185.63,10.256298024667526
3590,2020-05-30 14:00:00,5265.2,10.323082475481453
3591,2020-05-30 15:00:00,5240.4,10.302267414777853
3592,2020-05-30 16:00:00,5285.54,10.340154182526259
3593,2020-05-30 17:00:00,5402.03,10.437926215645707
3594,2020-05-30 18:00:00,5216.92,10.282560252466542
3595,2020-05-30 19:00:00,5348.07,10.392636672276101
3596,2020-05-30 20:00:00,5604.64,10.607980225692332
3597,2020-05-30 21:00:00,5662.22,10.656308096471092
3598,2020-05-30 22:00:00,5586.11,10.592427682352103
3599,2020-05-30 23:00:00,5098.7,10.183336200999626
3600,2020-05-31 00:00:00,4932.39,10.043749396740932
3601,2020-05-31 01:00:00,4454.83,9.642925187482426
3602,2020-05-31 02:00:00,4045.62,9.299468292703398
3603,2020-05-31 03:00:00,3968.58,9.234807313808023
3604,2020-05-31 04:00:00,3966.24,9.232843312112603
3605,2020-05-31 05:00:00,3930.45,9.202804157976239
3606,2020-05-31 06:00:00,3778.2,9.075018150229344
3607,2020-05-31 07:00:00,4066.5,9.316993230908686
3608,2020-05-31 08:00:00,3993.33,9.25558040866343
3609,2020-05-31 09:00:00,3944.69,9.214756031541532
3610,2020-05-31 10:00:00,3967.13,9.233590304210434
3611,2020-05-31 11:00:00,4040.52,9.295187776187738
3612,2020-05-31 12:00:00,4240.06,9.46266508315533
3613,2020-05-31 13:00:00,4468.44,9.65434829136049
3614,2020-05-31 14:00:00,4281.62,9.497547096173134
3615,2020-05-31 15:00:00,4074.8,9.323959561708682
3616,2020-05-31 16:00:00,3487.84,8.831314076604459
3617,2020-05-31 17:00:00,2994.98,8.417648317798974
3618,2020-05-31 18:00:00,3066.31,8.47751679683074
3619,2020-05-31 19:00:00,3547.74,8.881589162739363
3620,2020-05-31 20:00:00,3899.42,9.176760152587825
3621,2020-05-31 21:00:00,4170.56,9.404332554167418
3622,2020-05-31 22:00:00,4212.27,9.439340464729803
3623,2020-05-31 23:00:00,4181.2,9.413262886662833
3624,2020-06-01 00:00:00,4048.84,9.30217089332701
3625,2020-06-01 01:00:00,3908.64,9.184498654994567
3626,2020-06-01 02:00:00,3781.24,9.077569673799461
3627,2020-06-01 03:00:00,3677.29,8.990322675406754
3628,2020-06-01 04:00:00,3756.7,9.056972835506464
3629,2020-06-01 05:00:00,3988.6,9.251610439424397
3630,2020-06-01 06:00:00,3680.06,8.992647583396632
3631,2020-06-01 07:00:00,3878.46,9.159168069025426
3632,2020-06-01 08:00:00,3973.44,9.238886394252358
3633,2020-06-01 09:00:00,4163.63,9.398516087607906
3634,2020-06-01 10:00:00,4247.4,9.468825669670021
3635,2020-06-01 11:00:00,4233.05,9.456781471238706
3636,2020-06-01 12:00:00,4741.61,9.88362450637671
3637,2020-06-01 13:00:00,4751.12,9.89160641070297
3638,2020-06-01 14:00:00,4736.66,9.87946988740563
3639,2020-06-01 15:00:00,4949.27,10.057917067090802
3640,2020-06-01 16:00:00,4703.63,9.851747248089506
3641,2020-06-01 17:00:00,4885.56,10.004444183323612
3642,2020-06-01 18:00:00,5032.52,10.127790204331715
3643,2020-06-01 19:00:00,5050.32,10.14273004628833
3644,2020-06-01 20:00:00,5388.09,10.426226137169571
3645,2020-06-01 21:00:00,5630.85,10.629978723314967
3646,2020-06-01 22:00:00,5767.87,10.744981933702352
3647,2020-06-01 23:00:00,5632.5,10.631363596305327
3648,2020-06-02 00:00:00,5348.95,10.393375271204293
3649,2020-06-02 01:00:00,5135.45,10.21418109942129
3650,2020-06-02 02:00:00,4812.09,9.942779565989198
3651,2020-06-02 03:00:00,4404.5,9.600682364691615
3652,2020-06-02 04:00:00,4268.88,9.486854198053624
3653,2020-06-02 05:00:00,4322.18,9.531589792227086
3654,2020-06-02 06:00:00,3825.45,9.114675876771482
3655,2020-06-02 07:00:00,4113.41,9.356365589683115
3656,2020-06-02 08:00:00,4145.31,9.383139800830085
3657,2020-06-02 09:00:00,4419.46,9.613238546470882
3658,2020-06-02 10:00:00,4480.25,9.664260624703616
3659,2020-06-02 11:00:00,4465.46,9.651847126808203
3660,2020-06-02 12:00:00,5326.89,10.374859938981658
3661,2020-06-02 13:00:00,5651.48,10.64729383227929
3662,2020-06-02 14:00:00,5544.11,10.557176369870199
3663,2020-06-02 15:00:00,5224.89,10.289249608668467
3664,2020-06-02 16:00:00,4947.53,10.056456655573694
3665,2020-06-02 17:00:00,4948.76,10.057489015439236
3666,2020-06-02 18:00:00,5062.67,10.153095610791937
3667,2020-06-02 19:00:00,5170.69,10.243758629227534
3668,2020-06-02 20:00:00,5567.14,10.576505839547776
3669,2020-06-02 21:00:00,5784.98,10.759342646953908
3670,2020-06-02 22:00:00,5904.75,10.8598676397148
3671,2020-06-02 23:00:00,5709.64,10.696108506897087
3672,2020-06-03 00:00:00,5501.91,10.521757193995526
3673,2020-06-03 01:00:00,5279.4,10.33500077636819
3674,2020-06-03 02:00:00,5102.36,10.186408101087334
3675,2020-06-03 03:00:00,4949.59,10.058185648519235
3676,2020-06-03 04:00:00,4906.05,10.021641787912996
3677,2020-06-03 05:00:00,4712.3,9.859024126166126
3678,2020-06-03 06:00:00,4330.36,9.538455404991417
3679,2020-06-03 07:00:00,4369.78,9.571541279706574
3680,2020-06-03 08:00:00,4675.59,9.828212800423016
3681,2020-06-03 09:00:00,4963.01,10.069449282174167
3682,2020-06-03 10:00:00,4929.05,10.040946078081657
3683,2020-06-03 11:00:00,5024.5,10.121058882281599
3684,2020-06-03 12:00:00,5431.76,10.462879108981111
3685,2020-06-03 13:00:00,5589.22,10.59503795810969
3686,2020-06-03 14:00:00,5645.65,10.642400614380017
3687,2020-06-03 15:00:00,5593.43,10.59857148252752
3688,2020-06-03 16:00:00,5186.67,10.257170914309935
3689,2020-06-03 17:00:00,5201.65,10.269743882428479
3690,2020-06-03 18:00:00,5370.06,10.41109325231127
3691,2020-06-03 19:00:00,5375.43,10.41560038440717
3692,2020-06-03 20:00:00,5799.94,10.771898828733177
3693,2020-06-03 21:00:00,6114.92,11.036266886008168
3694,2020-06-03 22:00:00,6329.59,11.21644305863888
3695,2020-06-03 23:00:00,6126.43,11.045927424262135
3696,2020-06-04 00:00:00,5885.31,10.843551317937463
3697,2020-06-04 01:00:00,5627.62,10.627267729521716
3698,2020-06-04 02:00:00,5404.32,10.439848251492934
3699,2020-06-04 03:00:00,5256.52,10.315797204235194
3700,2020-06-04 04:00:00,5213.95,10.280067481083893
3701,2020-06-04 05:00:00,5066.37,10.1562010835582
3702,2020-06-04 06:00:00,4610.8,9.773833454334863
3703,2020-06-04 07:00:00,4717.84,9.863673942145882
3704,2020-06-04 08:00:00,5063.21,10.15354884195242
3705,2020-06-04 09:00:00,5190.88,10.260704438727764
3706,2020-06-04 10:00:00,5194.83,10.26401974073499
3707,2020-06-04 11:00:00,5538.41,10.552392263176227
3708,2020-06-04 12:00:00,5698.44,10.686708156901913
3709,2020-06-04 13:00:00,5601.26,10.605143334354501
3710,2020-06-04 14:00:00,5523.72,10.5400626969772
3711,2020-06-04 15:00:00,5290.42,10.34425004930987
3712,2020-06-04 16:00:00,5112.07,10.194557868806365
3713,2020-06-04 17:00:00,4704.39,9.852385128982036
3714,2020-06-04 18:00:00,4704.92,9.852829966972877
3715,2020-06-04 19:00:00,4936.93,10.047559895756834
3716,2020-06-04 20:00:00,5043.49,10.136997511425202
3717,2020-06-04 21:00:00,5386.51,10.424900016366681
3718,2020-06-04 22:00:00,5537.11,10.551301151123216
3719,2020-06-04 23:00:00,5386.02,10.424488751054392
3720,2020-06-05 00:00:00,5212.37,10.278741360281003
3721,2020-06-05 01:00:00,4969.56,10.074946808287416
3722,2020-06-05 02:00:00,4783.63,9.91889260519789
3723,2020-06-05 03:00:00,4677.86,9.830118049930967
3724,2020-06-05 04:00:00,4690.15,9.840433255416741
3725,2020-06-05 05:00:00,4673.17,9.826181653370487
3726,2020-06-05 06:00:00,4054.63,9.30703053854773
3727,2020-06-05 07:00:00,4119.01,9.361065764680703
3728,2020-06-05 08:00:00,4476.42,9.661046040732053
3729,2020-06-05 09:00:00,4815.18,9.94537305540751
3730,2020-06-05 10:00:00,4822.72,9.951701505314976
3731,2020-06-05 11:00:00,4837.99,9.964517875353037
3732,2020-06-05 12:00:00,5358.12,10.401071807762843
3733,2020-06-05 13:00:00,5478.84,10.502394151639397
3734,2020-06-05 14:00:00,5503.94,10.523461007432152
3735,2020-06-05 15:00:00,5272.73,10.32940253221928
3736,2020-06-05 16:00:00,5043.62,10.137106622630503
3737,2020-06-05 17:00:00,5060.45,10.15123232713218
3738,2020-06-05 18:00:00,5080.03,10.167666153284458
3739,2020-06-05 19:00:00,5165.23,10.239175958604887
3740,2020-06-05 20:00:00,5543.74,10.556865822593572
3741,2020-06-05 21:00:00,5692.71,10.681898870699026
3742,2020-06-05 22:00:00,5924.61,10.876536474616957
3743,2020-06-05 23:00:00,5725.93,10.709780980238282
3744,2020-06-06 00:00:00,5524.13,10.54040681693238
3745,2020-06-06 01:00:00,5291.87,10.345467058907461
3746,2020-06-06 02:00:00,5125.23,10.205603280050694
3747,2020-06-06 03:00:00,4979.28,10.083104969176084
3748,2020-06-06 04:00:00,4957.02,10.064421773560676
3749,2020-06-06 05:00:00,4902.86,10.018964366798299
3750,2020-06-06 06:00:00,4465.53,9.651905878995674
3751,2020-06-06 07:00:00,4495.9,9.677395935187944
3752,2020-06-06 08:00:00,4843.46,9.969108939145324
3753,2020-06-06 09:00:00,5087.06,10.173566551540357
3754,2020-06-06 10:00:00,5062.51,10.15296132007772
3755,2020-06-06 11:00:00,5072.35,10.161220199002052
3756,2020-06-06 12:00:00,5453.47,10.4811006802664
3757,2020-06-06 13:00:00,5521.92,10.538551926442262
3758,2020-06-06 14:00:00,5611.71,10.613914196626785
3759,2020-06-06 15:00:00,5526.35,10.542270100592138
3760,2020-06-06 16:00:00,5409.88,10.444514853811967
3761,2020-06-06 17:00:00,5351.52,10.3955323158014
3762,2020-06-06 18:00:00,5425.57,10.45768373697485
3763,2020-06-06 19:00:00,5548.05,10.560483278707787
3764,2020-06-06 20:00:00,5976.87,10.92039917914801
3765,2020-06-06 21:00:00,6339.46,11.224727117072128
3766,2020-06-06 22:00:00,6537.56,11.390995807611766
3767,2020-06-06 23:00:00,6329.94,11.216736819576228
3768,2020-06-07 00:00:00,6087.38,11.013152096823605
3769,2020-06-07 01:00:00,5862.97,10.824800976964946
3770,2020-06-07 02:00:00,5683.44,10.67411840244409
3771,2020-06-07 03:00:00,5492.74,10.514060657436978
3772,2020-06-07 04:00:00,5302.94,10.354758297697334
3773,2020-06-07 05:00:00,5030.67,10.126237467948584
3774,2020-06-07 06:00:00,4502.17,9.682658452551314
3775,2020-06-07 07:00:00,4058.26,9.310077259126523
3776,2020-06-07 08:00:00,3979.82,9.244241236481752
3777,2020-06-07 09:00:00,4028.44,9.285048827264372
3778,2020-06-07 10:00:00,3988.22,9.251291498978132
3779,2020-06-07 11:00:00,4000.32,9.261447234240775
3780,2020-06-07 12:00:00,4337.22,9.544213119363462
3781,2020-06-07 13:00:00,4368.3,9.57029909060007
3782,2020-06-07 14:00:00,4318.09,9.52815698584492
3783,2020-06-07 15:00:00,4314.85,9.52543759888203
3784,2020-06-07 16:00:00,4225.12,9.450125687715337
3785,2020-06-07 17:00:00,4280.86,9.496909215280604
3786,2020-06-07 18:00:00,4703.66,9.85177242759842
3787,2020-06-07 19:00:00,4930.04,10.041777001875873
3788,2020-06-07 20:00:00,5455.61,10.48289681856905
3789,2020-06-07 21:00:00,5732.97,10.71568977166382
3790,2020-06-07 22:00:00,5915.62,10.868991015111902
3791,2020-06-07 23:00:00,5719.17,10.704107197562625
3792,2020-06-08 00:00:00,5500.88,10.520892697522756
3793,2020-06-08 01:00:00,5304.94,10.356436931625044
3794,2020-06-08 02:00:00,5126.74,10.206870648666115
3795,2020-06-08 03:00:00,4931.92,10.043354917767921
3796,2020-06-08 04:00:00,4847.56,9.972550138697128
3797,2020-06-08 05:00:00,4606.42,9.770157246033179
3798,2020-06-08 06:00:00,4402.41,9.598928192237157
3799,2020-06-08 07:00:00,4673.47,9.826433448459644
3800,2020-06-08 08:00:00,5078.39,10.166289673463735
3801,2020-06-08 09:00:00,5335.52,10.382103244379724
3802,2020-06-08 10:00:00,5415.07,10.448870908854374
3803,2020-06-08 11:00:00,5452.4,10.480202611115075
3804,2020-06-08 12:00:00,5735.27,10.717620200680686
3805,2020-06-08 13:00:00,5939.03,10.888639425235743
3806,2020-06-08 14:00:00,6043.32,10.976171791396162
3807,2020-06-08 15:00:00,6044.88,10.977481125859775
3808,2020-06-08 16:00:00,5950.98,10.898669262953808
3809,2020-06-08 17:00:00,5930.53,10.881505231042977
3810,2020-06-08 18:00:00,5952.43,10.899886272551399
3811,2020-06-08 19:00:00,5922.27,10.874572472921537
3812,2020-06-08 20:00:00,6330.65,11.217332734620566
3813,2020-06-08 21:00:00,6613.41,11.454657999320153
3814,2020-06-08 22:00:00,6698.29,11.52589922321215
3815,2020-06-08 23:00:00,6562.95,11.412306065324039
3816,2020-06-09 00:00:00,6645.28,11.481407030958206
3817,2020-06-09 01:00:00,6397.54,11.273474646332815
3818,2020-06-09 02:00:00,6191.25,11.100331949859203
3819,2020-06-09 03:00:00,6015.08,10.952469480336902
3820,2020-06-09 04:00:00,5889.17,10.846791081417942
3821,2020-06-09 05:00:00,5532.75,10.547641729160809
3822,2020-06-09 06:00:00,5434.78,10.465413846211952
3823,2020-06-09 07:00:00,5535.7,10.55011771420418
3824,2020-06-09 08:00:00,5829.25,10.79649920894376
3825,2020-06-09 09:00:00,5979.8,10.922858377852105
3826,2020-06-09 10:00:00,5897.31,10.85362312150372
3827,2020-06-09 11:00:00,6148.48,11.064434363315133
3828,2020-06-09 12:00:00,6394.6,11.271007054459082
3829,2020-06-09 13:00:00,6560.16,11.409964370994885
3830,2020-06-09 14:00:00,6678.48,11.509272354158185
3831,2020-06-09 15:00:00,6619.87,11.460079986906656
3832,2020-06-09 16:00:00,6587.52,11.432928083125953
3833,2020-06-09 17:00:00,6466.59,11.331429482686989
3834,2020-06-09 18:00:00,6316.55,11.205498365430213
3835,2020-06-09 19:00:00,6247.31,11.147384058852905
3836,2020-06-09 20:00:00,6799.04,11.610460407320524
3837,2020-06-09 21:00:00,7036.94,11.810133913021582
3838,2020-06-09 22:00:00,7007.73,11.785617464507384
3839,2020-06-09 23:00:00,7149.52,11.904624216812358
3840,2020-06-10 00:00:00,7184.9,11.934319250993541
3841,2020-06-10 01:00:00,6966.21,11.750769024168132
3842,2020-06-10 02:00:00,6811.12,11.62059935624389
3843,2020-06-10 03:00:00,6650.65,11.485914163054106
3844,2020-06-10 04:00:00,6442.23,11.310983721447485
3845,2020-06-10 05:00:00,5996.78,10.93710997989836
3846,2020-06-10 06:00:00,5963.06,10.908808211877174
3847,2020-06-10 07:00:00,6146.9,11.063108242512243
3848,2020-06-10 08:00:00,6468.54,11.333066150766506
3849,2020-06-10 09:00:00,6664.48,11.497521916664219
3850,2020-06-10 10:00:00,6730.48,11.552916836278637
3851,2020-06-10 11:00:00,6865.21,11.665998010818797
3852,2020-06-10 12:00:00,7086.4,11.851646530053841
3853,2020-06-10 13:00:00,7049.42,11.82060858873049
3854,2020-06-10 14:00:00,6532.12,11.386429923328397
3855,2020-06-10 15:00:00,6195.06,11.103529747491493
3856,2020-06-10 16:00:00,6056.0,10.986814330497841
3857,2020-06-10 17:00:00,5842.4,10.807536227018453
3858,2020-06-10 18:00:00,5483.48,10.506288582351681
3859,2020-06-10 19:00:00,5865.31,10.826764978660366
3860,2020-06-10 20:00:00,6115.13,11.036443142570576
3861,2020-06-10 21:00:00,6914.78,11.707602952717078
3862,2020-06-10 22:00:00,7310.82,12.04000604308214
3863,2020-06-10 23:00:00,7146.36,11.901971975206576
3864,2020-06-11 00:00:00,6942.35,11.730742921410556
3865,2020-06-11 01:00:00,6684.82,11.514593623709025
3866,2020-06-11 02:00:00,6448.64,11.316363743185796
3867,2020-06-11 03:00:00,6300.45,11.191985362312149
3868,2020-06-11 04:00:00,6266.62,11.163591269424941
3869,2020-06-11 05:00:00,6151.92,11.067321613670796
3870,2020-06-11 06:00:00,6250.63,11.150170591172904
3871,2020-06-11 07:00:00,6122.05,11.042251215960452
3872,2020-06-11 08:00:00,6295.1,11.187495016555527
3873,2020-06-11 09:00:00,6725.45,11.548695071950448
3874,2020-06-11 10:00:00,6408.72,11.282858209988712
3875,2020-06-11 11:00:00,6814.91,11.623780367536899
3876,2020-06-11 12:00:00,6779.88,11.594379094293064
3877,2020-06-11 13:00:00,7135.28,11.892672343247066
3878,2020-06-11 14:00:00,7100.12,11.86316195879793
3879,2020-06-11 15:00:00,6902.39,11.697203815534918
3880,2020-06-11 16:00:00,7177.63,11.928217416666318
3881,2020-06-11 17:00:00,7034.17,11.807809005031705
3882,2020-06-11 18:00:00,6751.39,11.570466953992842
3883,2020-06-11 19:00:00,6908.5,11.702332042184072
3884,2020-06-11 20:00:00,7542.49,12.234450604098384
3885,2020-06-11 21:00:00,7785.15,12.438119258547394
3886,2020-06-11 22:00:00,7934.09,12.56312712714393
3887,2020-06-11 23:00:00,7828.69,12.474663119153632
3888,2020-06-12 00:00:00,7537.23,12.230035796868508
3889,2020-06-12 01:00:00,7283.8,12.017327698718784
3890,2020-06-12 02:00:00,7107.83,11.86963309258925
3891,2020-06-12 03:00:00,6920.99,11.712815111062618
3892,2020-06-12 04:00:00,6721.49,11.54537137677358
3893,2020-06-12 05:00:00,6223.06,11.127030622479428
3894,2020-06-12 06:00:00,6312.11,11.201771798110698
3895,2020-06-12 07:00:00,6570.06,11.418273608937048
3896,2020-06-12 08:00:00,6973.98,11.757290516977283
3897,2020-06-12 09:00:00,7280.53,12.014583132246976
3898,2020-06-12 10:00:00,7459.59,12.164871227794821
3899,2020-06-12 11:00:00,7512.83,12.20955646295045
3900,2020-06-12 12:00:00,7215.25,11.959792520846534
3901,2020-06-12 13:00:00,7299.72,12.030689624783353
3902,2020-06-12 14:00:00,7410.37,12.123560046833887
3903,2020-06-12 15:00:00,7368.51,12.088426238726925
3904,2020-06-12 16:00:00,7793.41,12.445052016668836
3905,2020-06-12 17:00:00,7587.42,12.272161115284382
3906,2020-06-12 18:00:00,6941.28,11.72984485225923
3907,2020-06-12 19:00:00,6848.32,11.651821947299288
3908,2020-06-12 20:00:00,7292.38,12.024529038268657
3909,2020-06-12 21:00:00,7852.05,12.494269563429281
3910,2020-06-12 22:00:00,8086.06,12.690678126140947
3911,2020-06-12 23:00:00,8016.76,12.632513460545809
3912,2020-06-13 00:00:00,8035.76,12.64846048285905
3913,2020-06-13 01:00:00,7758.02,12.415348589318015
3914,2020-06-13 02:00:00,7634.47,12.31165097843375
3915,2020-06-13 03:00:00,7458.77,12.164182987884459
3916,2020-06-13 04:00:00,7489.7,12.190143061576489
3917,2020-06-13 05:00:00,7461.87,12.166784870472409
3918,2020-06-13 06:00:00,6751.37,11.570450167653563
3919,2020-06-13 07:00:00,6439.18,11.30842380470773
3920,2020-06-13 08:00:00,6720.15,11.544246692042016
3921,2020-06-13 09:00:00,6931.38,11.72153561431707
3922,2020-06-13 10:00:00,7356.18,12.078077460562595
3923,2020-06-13 11:00:00,7343.79,12.067678323380433
3924,2020-06-13 12:00:00,7163.78,11.916592876716926
3925,2020-06-13 13:00:00,6734.01,11.555879625161044
3926,2020-06-13 14:00:00,6080.43,11.007318843924814
3927,2020-06-13 15:00:00,5762.96,10.740860887409825
3928,2020-06-13 16:00:00,5748.15,10.728430603175136
3929,2020-06-13 17:00:00,5720.96,10.705609574927923
3930,2020-06-13 18:00:00,5983.84,10.926249218386078
3931,2020-06-13 19:00:00,6391.63,11.268514283076431
3932,2020-06-13 20:00:00,6969.66,11.753664667693432
3933,2020-06-13 21:00:00,6876.9,11.67580962612626
3934,2020-06-13 22:00:00,7257.53,11.995278842078317
3935,2020-06-13 23:00:00,7540.08,12.232427850215494
3936,2020-06-14 00:00:00,7521.45,12.216791375178879
3937,2020-06-14 01:00:00,7348.76,12.071849728690792
3938,2020-06-14 02:00:00,7125.57,11.884522575528035
3939,2020-06-14 03:00:00,6948.9,11.736240447523805
3940,2020-06-14 04:00:00,7069.56,11.837512432382528
3941,2020-06-14 05:00:00,7223.33,11.966574201914483
3942,2020-06-14 06:00:00,6242.31,11.143187474033631
3943,2020-06-14 07:00:00,6041.8,10.974896029611102
3944,2020-06-14 08:00:00,6240.24,11.141450087918452
3945,2020-06-14 09:00:00,6184.26,11.09446512428186
3946,2020-06-14 10:00:00,6713.74,11.538866670303706
3947,2020-06-14 11:00:00,6661.28,11.494836102379882
3948,2020-06-14 12:00:00,6644.77,11.480978979306641
3949,2020-06-14 13:00:00,6473.91,11.337573282862406
3950,2020-06-14 14:00:00,6359.05,11.241169336394043
3951,2020-06-14 15:00:00,6519.26,11.375636307173224
3952,2020-06-14 16:00:00,6462.5,11.327996676304824
3953,2020-06-14 17:00:00,6257.12,11.15561775826832
3954,2020-06-14 18:00:00,6801.69,11.612684597274738
3955,2020-06-14 19:00:00,7002.02,11.780824964643774
3956,2020-06-14 20:00:00,7352.29,12.0748125175732
3957,2020-06-14 21:00:00,7400.37,12.115166877195339
3958,2020-06-14 22:00:00,7544.51,12.236146024365372
3959,2020-06-14 23:00:00,7710.19,12.375204058936838
3960,2020-06-15 00:00:00,7970.28,12.593502008065837
3961,2020-06-15 01:00:00,7764.66,12.420921653958008
3962,2020-06-15 02:00:00,7569.2,12.256868760202947
3963,2020-06-15 03:00:00,7424.07,12.135058689238697
3964,2020-06-15 04:00:00,7682.97,12.35235785118071
3965,2020-06-15 05:00:00,7855.2,12.496913411865425
3966,2020-06-15 06:00:00,7038.78,11.811678256235076
3967,2020-06-15 07:00:00,6575.07,11.422478586925958
3968,2020-06-15 08:00:00,6522.06,11.377986394672016
3969,2020-06-15 09:00:00,6903.64,11.698252961739737
3970,2020-06-15 10:00:00,7562.04,12.250859250741748
3971,2020-06-15 11:00:00,7793.27,12.444934512293894
3972,2020-06-15 12:00:00,7871.54,12.510627851054812
3973,2020-06-15 13:00:00,8010.8,12.627511131441233
3974,2020-06-15 14:00:00,7949.58,12.57612814691404
3975,2020-06-15 15:00:00,7929.76,12.559492884690439
3976,2020-06-15 16:00:00,7734.16,12.395322486560438
3977,2020-06-15 17:00:00,7347.25,12.07058236007537
3978,2020-06-15 18:00:00,7764.4,12.420703431547405
3979,2020-06-15 19:00:00,8088.21,12.692482657613233
3980,2020-06-15 20:00:00,7974.07,12.596683019358846
3981,2020-06-15 21:00:00,7986.98,12.607518601362212
3982,2020-06-15 22:00:00,7917.1,12.548867131928038
3983,2020-06-15 23:00:00,8170.22,12.761315041818968
3984,2020-06-16 00:00:00,8422.07,12.972697019165803
3985,2020-06-16 01:00:00,8233.42,12.814359873934592
3986,2020-06-16 02:00:00,8006.84,12.624187436264368
3987,2020-06-16 03:00:00,7826.46,12.472791442324237
3988,2020-06-16 04:00:00,8165.32,12.75720238869608
3989,2020-06-16 05:00:00,8532.21,13.065139389564772
3990,2020-06-16 06:00:00,7706.73,12.372300022241898
3991,2020-06-16 07:00:00,7101.38,11.864219498172387
3992,2020-06-16 08:00:00,7092.17,11.856489388935284
3993,2020-06-16 09:00:00,7159.17,11.912723625513557
3994,2020-06-16 10:00:00,7701.93,12.368271300815397
3995,2020-06-16 11:00:00,7981.49,12.602910751230649
3996,2020-06-16 12:00:00,8169.25,12.76050090436403
3997,2020-06-16 13:00:00,8285.84,12.858356869179861
3998,2020-06-16 14:00:00,8212.08,12.79644884992593
3999,2020-06-16 15:00:00,8331.54,12.896713654428027
4000,2020-06-16 16:00:00,8090.21,12.694161291540944
4001,2020-06-16 17:00:00,7549.03,12.239939737041995
4002,2020-06-16 18:00:00,7730.26,12.392049150401403
4003,2020-06-16 19:00:00,7901.16,12.535488419524192
4004,2020-06-16 20:00:00,8257.43,12.834511874236746
4005,2020-06-16 21:00:00,8194.93,12.782054563995821
4006,2020-06-16 22:00:00,8099.61,12.70205087100118
4007,2020-06-16 23:00:00,8392.43,12.947819664357146
4008,2020-06-17 00:00:00,8788.76,13.280466156641726
4009,2020-06-17 01:00:00,8603.89,13.125301629533885
4010,2020-06-17 02:00:00,8489.61,13.029384486904558
4011,2020-06-17 03:00:00,8312.08,12.880380546311411
4012,2020-06-17 04:00:00,8573.6,13.099878718698722
4013,2020-06-17 05:00:00,9054.06,13.503136947152406
4014,2020-06-17 06:00:00,8018.1,12.633638145277374
4015,2020-06-17 07:00:00,7447.58,12.154791031058924
4016,2020-06-17 08:00:00,7188.88,11.937659732509683
4017,2020-06-17 09:00:00,7390.4,12.106798887065706
4018,2020-06-17 10:00:00,7888.84,12.5251480345295
4019,2020-06-17 11:00:00,8172.47,12.763203504987642
4020,2020-06-17 12:00:00,8492.49,13.031801719760459
4021,2020-06-17 13:00:00,8660.04,13.172429277054334
4022,2020-06-17 14:00:00,8606.3,13.127324383416774
4023,2020-06-17 15:00:00,8580.7,13.105837869142093
4024,2020-06-17 16:00:00,8337.11,12.901388649916697
4025,2020-06-17 17:00:00,7776.95,12.431236859443786
4026,2020-06-17 18:00:00,7936.95,12.565527573660555
4027,2020-06-17 19:00:00,8250.35,12.828569510132654
4028,2020-06-17 20:00:00,8535.29,13.067724485813446
4029,2020-06-17 21:00:00,8494.52,13.033505533197085
4030,2020-06-17 22:00:00,8312.19,12.880472871177435
4031,2020-06-17 23:00:00,8728.02,13.229486044257184
4032,2020-06-18 00:00:00,9166.06,13.597140447104145
4033,2020-06-18 01:00:00,8981.88,13.442555048701365
4034,2020-06-18 02:00:00,8791.91,13.283110005077868
4035,2020-06-18 03:00:00,8590.82,13.114331756816302
4036,2020-06-18 04:00:00,8882.41,13.35906819030673
4037,2020-06-18 05:00:00,9310.93,13.718732295657794
4038,2020-06-18 06:00:00,8419.38,12.970439256533034
4039,2020-06-18 07:00:00,7831.09,12.476677479866884
4040,2020-06-18 08:00:00,7371.89,12.091263130064753
4041,2020-06-18 09:00:00,7832.48,12.477844130446641
4042,2020-06-18 10:00:00,8197.56,12.784261967610757
4043,2020-06-18 11:00:00,8679.53,13.188787564679863
4044,2020-06-18 12:00:00,9027.82,13.481113270020856
4045,2020-06-18 13:00:00,9083.68,13.527997515621788
4046,2020-06-18 14:00:00,8983.32,13.443763665129318
4047,2020-06-18 15:00:00,8886.84,13.362786364456605
4048,2020-06-18 16:00:00,8479.55,13.020940958248177
4049,2020-06-18 17:00:00,8023.69,12.638329927105321
4050,2020-06-18 18:00:00,8223.84,12.806319217420864
4051,2020-06-18 19:00:00,8631.62,13.14857588894158
4052,2020-06-18 20:00:00,8948.01,13.414127383135604
4053,2020-06-18 21:00:00,8777.06,13.270646148164623
4054,2020-06-18 22:00:00,8789.44,13.281036892177147
4055,2020-06-18 23:00:00,9236.1,13.655926207252538
4056,2020-06-19 00:00:00,9507.9,13.884052558028277
4057,2020-06-19 01:00:00,9313.49,13.720880947085263
4058,2020-06-19 02:00:00,9095.96,13.538304327937922
4059,2020-06-19 03:00:00,8936.49,13.404458451711996
4060,2020-06-19 04:00:00,9199.68,13.625358283428945
4061,2020-06-19 05:00:00,9726.22,14.06729223757706
4062,2020-06-19 06:00:00,8586.37,13.110596796327151
4063,2020-06-19 07:00:00,8073.99,12.680547570387219
4064,2020-06-19 08:00:00,7725.41,12.387978463126707
4065,2020-06-19 09:00:00,7848.56,12.491340347225428
4066,2020-06-19 10:00:00,8388.01,12.944109883376907
4067,2020-06-19 11:00:00,8607.43,13.128272811585932
4068,2020-06-19 12:00:00,8998.72,13.456689146372682
4069,2020-06-19 13:00:00,9258.6,13.674810838939273
4070,2020-06-19 14:00:00,9223.36,13.645233309133028
4071,2020-06-19 15:00:00,9101.78,13.543189152667559
4072,2020-06-19 16:00:00,8763.47,13.259239830625837
4073,2020-06-19 17:00:00,8300.59,12.87073679439672
4074,2020-06-19 18:00:00,8432.38,12.981350377063144
4075,2020-06-19 19:00:00,8868.95,13.347770983973243
4076,2020-06-19 20:00:00,9015.7,13.470940748418936
4077,2020-06-19 21:00:00,8844.36,13.327132179832052
4078,2020-06-19 22:00:00,8905.19,13.378187830743341
4079,2020-06-19 23:00:00,9192.45,13.619290021780277
4080,2020-06-20 00:00:00,9527.04,13.90011708471646
4081,2020-06-20 01:00:00,9305.51,13.714183197713702
4082,2020-06-20 02:00:00,9040.97,13.492150288095548
4083,2020-06-20 03:00:00,8850.57,13.332344338177592
4084,2020-06-20 04:00:00,9108.75,13.549039191905628
4085,2020-06-20 05:00:00,9103.52,13.544649564184667
4086,2020-06-20 06:00:00,7974.49,12.597035532483664
4087,2020-06-20 07:00:00,7359.51,12.080872386052231
4088,2020-06-20 08:00:00,6795.73,11.607682268170162
4089,2020-06-20 09:00:00,6845.39,11.649362748595195
4090,2020-06-20 10:00:00,7405.31,12.11931310299678
4091,2020-06-20 11:00:00,7812.92,12.461427090633642
4092,2020-06-20 12:00:00,8178.96,12.768650672083059
4093,2020-06-20 13:00:00,8582.84,13.10763400744474
4094,2020-06-20 14:00:00,8521.47,13.056125125372972
4095,2020-06-20 15:00:00,8211.51,12.795970439256532
4096,2020-06-20 16:00:00,7993.87,12.61330149524317
4097,2020-06-20 17:00:00,7305.95,12.035918569468166
4098,2020-06-20 18:00:00,7393.61,12.10949309451968
4099,2020-06-20 19:00:00,7669.28,12.340867601945536
4100,2020-06-20 20:00:00,8006.51,12.623910461666295
4101,2020-06-20 21:00:00,7753.81,12.411815064900185
4102,2020-06-20 22:00:00,7994.19,12.613570076671603
4103,2020-06-20 23:00:00,8330.26,12.895639328714292
4104,2020-06-21 00:00:00,8473.99,13.016274355929145
4105,2020-06-21 01:00:00,8166.08,12.757840269588609
4106,2020-06-21 02:00:00,7621.58,12.300832182769662
4107,2020-06-21 03:00:00,7203.79,11.95017394844076
4108,2020-06-21 04:00:00,7250.99,11.989789709134705
4109,2020-06-21 05:00:00,7623.08,12.302091158215443
4110,2020-06-21 06:00:00,6459.91,11.325822845368439
4111,2020-06-21 07:00:00,6011.54,10.949498298284855
4112,2020-06-21 08:00:00,5868.8,10.82969419486422
4113,2020-06-21 09:00:00,6064.52,10.993965311029884
4114,2020-06-21 10:00:00,6779.99,11.594471419159088
4115,2020-06-21 11:00:00,7137.65,11.8946615244514
4116,2020-06-21 12:00:00,7434.57,12.143871517359173
4117,2020-06-21 13:00:00,7460.83,12.16591198083
4118,2020-06-21 14:00:00,7294.22,12.02607338148215
4119,2020-06-21 15:00:00,7222.48,11.965860782495206
4120,2020-06-21 16:00:00,6943.69,11.73186760614212
4121,2020-06-21 17:00:00,6643.92,11.480265559887364
4122,2020-06-21 18:00:00,7017.86,11.794119745351232
4123,2020-06-21 19:00:00,7435.09,12.144307962180378
4124,2020-06-21 20:00:00,8017.51,12.633142948268699
4125,2020-06-21 21:00:00,8123.13,12.721791605991044
4126,2020-06-21 22:00:00,8166.81,12.758452970972224
4127,2020-06-21 23:00:00,8296.87,12.867614535291182
4128,2020-06-22 00:00:00,8540.95,13.072475019828865
4129,2020-06-22 01:00:00,7924.65,12.55520397500514
4130,2020-06-22 02:00:00,7053.41,11.82395746341627
4131,2020-06-22 03:00:00,6366.49,11.247413854605123
4132,2020-06-22 04:00:00,6181.37,11.09203949825632
4133,2020-06-22 05:00:00,6406.51,11.281003319498591
4134,2020-06-22 06:00:00,5670.77,10.663484256512051
4135,2020-06-22 07:00:00,5770.83,10.747466311915364
4136,2020-06-22 08:00:00,5963.77,10.909404126921512
4137,2020-06-22 09:00:00,6418.46,11.291033157216656
4138,2020-06-22 10:00:00,7190.82,11.939288007419561
4139,2020-06-22 11:00:00,7680.35,12.35015884073541
4140,2020-06-22 12:00:00,8099.1,12.701622819349613
4141,2020-06-22 13:00:00,8340.63,12.904343045629467
4142,2020-06-22 14:00:00,8295.42,12.866397525693591
4143,2020-06-22 15:00:00,8223.13,12.805723302376524
4144,2020-06-22 16:00:00,8012.39,12.628845645413762
4145,2020-06-22 17:00:00,7636.43,12.313296039682907
4146,2020-06-22 18:00:00,7885.35,12.522218818325648
4147,2020-06-22 19:00:00,8131.74,12.729018125049834
4148,2020-06-22 20:00:00,8502.63,13.040312393773945
4149,2020-06-22 21:00:00,8349.74,12.911989223170185
4150,2020-06-22 22:00:00,8711.51,13.21562892118394
4151,2020-06-22 23:00:00,8932.19,13.400849388767423
4152,2020-06-23 00:00:00,8901.91,13.375434871101898
4153,2020-06-23 01:00:00,8610.38,13.130748796629302
4154,2020-06-23 02:00:00,8348.85,12.911242231072354
4155,2020-06-23 03:00:00,8129.16,12.726852687283088
4156,2020-06-23 04:00:00,8231.78,12.812983394113871
4157,2020-06-23 05:00:00,8502.86,13.040505436675634
4158,2020-06-23 06:00:00,7572.77,12.259865121763909
4159,2020-06-23 07:00:00,7244.24,11.984124319628686
4160,2020-06-23 08:00:00,7208.81,11.95438731959931
4161,2020-06-23 09:00:00,7607.4,12.2889306682222
4162,2020-06-23 10:00:00,8338.84,12.902840668264167
4163,2020-06-23 11:00:00,8585.79,13.110109992488114
4164,2020-06-23 12:00:00,8903.54,13.376802957752982
4165,2020-06-23 13:00:00,8892.77,13.367763514052264
4166,2020-06-23 14:00:00,8889.48,13.365002161241183
4167,2020-06-23 15:00:00,8741.93,13.241160943224404
4168,2020-06-23 16:00:00,8675.32,13.185254040262034
4169,2020-06-23 17:00:00,8306.97,12.876091636626114
4170,2020-06-23 18:00:00,8281.16,12.854428865789021
4171,2020-06-23 19:00:00,8484.28,13.024910927487213
4172,2020-06-23 20:00:00,8666.77,13.178077880221077
4173,2020-06-23 21:00:00,8770.68,13.26529130593523
4174,2020-06-23 22:00:00,8838.67,13.322356466307719
4175,2020-06-23 23:00:00,8972.86,13.434984409687397
4176,2020-06-24 00:00:00,8820.12,13.306787136628213
4177,2020-06-24 01:00:00,8864.58,13.344103168841198
4178,2020-06-24 02:00:00,8698.58,13.204776552841299
4179,2020-06-24 03:00:00,8473.37,13.015753979411556
4180,2020-06-24 04:00:00,8610.2,13.13059771957581
4181,2020-06-24 05:00:00,8838.45,13.322171816575672
4182,2020-06-24 06:00:00,8022.19,12.637070951659538
4183,2020-06-24 07:00:00,7822.87,12.469778294423998
4184,2020-06-24 08:00:00,7695.5,12.36287449273781
4185,2020-06-24 09:00:00,7919.38,12.550780774605627
4186,2020-06-24 10:00:00,8524.89,13.058995589389355
4187,2020-06-24 11:00:00,8626.75,13.144488415327606
4188,2020-06-24 12:00:00,8604.31,13.125654142658703
4189,2020-06-24 13:00:00,8546.19,13.076873040719462
4190,2020-06-24 14:00:00,8344.6,12.907675133975971
4191,2020-06-24 15:00:00,8377.23,12.935062046506552
4192,2020-06-24 16:00:00,7933.47,12.56260675062634
4193,2020-06-24 17:00:00,7908.11,12.541321672422981
4194,2020-06-24 18:00:00,8325.91,12.891988299921524
4195,2020-06-24 19:00:00,8305.43,12.874799088501778
4196,2020-06-24 20:00:00,8760.98,13.257149931385838
4197,2020-06-24 21:00:00,8852.48,13.333947433578555
4198,2020-06-24 22:00:00,8737.07,13.23708186278007
4199,2020-06-24 23:00:00,8760.64,13.256864563618127
4200,2020-06-25 00:00:00,9066.04,13.513191964379388
4201,2020-06-25 01:00:00,8972.8,13.434934050669565
4202,2020-06-25 02:00:00,8758.52,13.255085211654755
4203,2020-06-25 03:00:00,8581.87,13.106819869989803
4204,2020-06-25 04:00:00,8683.53,13.192144832535284
4205,2020-06-25 05:00:00,8861.35,13.341392175047947
4206,2020-06-25 06:00:00,7770.02,12.42542039288427
4207,2020-06-25 07:00:00,7605.69,12.287495436214009
4208,2020-06-25 08:00:00,7703.97,12.369983507421662
4209,2020-06-25 09:00:00,7911.49,12.544158563760812
4210,2020-06-25 10:00:00,8424.79,12.97497996130749
4211,2020-06-25 11:00:00,8426.9,12.976750920101221
4212,2020-06-25 12:00:00,8259.88,12.83656820079819
4213,2020-06-25 13:00:00,7496.55,12.195892382778894
4214,2020-06-25 14:00:00,7695.05,12.362496800104076
4215,2020-06-25 15:00:00,7441.21,12.14944458199917
4216,2020-06-25 16:00:00,7486.37,12.187348136086852
4217,2020-06-25 17:00:00,7641.13,12.317240829413024
4218,2020-06-25 18:00:00,8101.4,12.703553248366479
4219,2020-06-25 19:00:00,8313.84,12.881857744167796
4220,2020-06-25 20:00:00,8773.55,13.267700145621493
4221,2020-06-25 21:00:00,8884.83,13.361099337359256
4222,2020-06-25 22:00:00,8868.42,13.3473261459824
4223,2020-06-25 23:00:00,8981.62,13.442336826290767
4224,2020-06-26 00:00:00,9180.37,13.60915107285691
4225,2020-06-26 01:00:00,8932.54,13.401143149704772
4226,2020-06-26 02:00:00,8669.13,13.180058668255773
4227,2020-06-26 03:00:00,8471.95,13.014562149322881
4228,2020-06-26 04:00:00,8579.35,13.104704791240888
4229,2020-06-26 05:00:00,8673.98,13.18412935553047
4230,2020-06-26 06:00:00,7897.76,12.532634741847085
4231,2020-06-26 07:00:00,7674.2,12.344997041407701
4232,2020-06-26 08:00:00,7480.23,12.182194729928785
4233,2020-06-26 09:00:00,7674.85,12.345542597434209
4234,2020-06-26 10:00:00,7833.22,12.478465224999894
4235,2020-06-26 11:00:00,7738.17,12.398688147585496
4236,2020-06-26 12:00:00,8265.91,12.841629282090235
4237,2020-06-26 13:00:00,8426.63,12.97652430452098
4238,2020-06-26 14:00:00,8673.97,13.18412096236083
4239,2020-06-26 15:00:00,8600.82,13.12272492645485
4240,2020-06-26 16:00:00,8153.34,12.747147371469099
4241,2020-06-26 17:00:00,8110.7,12.711358896130328
4242,2020-06-26 18:00:00,8185.65,12.774265702571247
4243,2020-06-26 19:00:00,8464.74,13.008510674013488
4244,2020-06-26 20:00:00,8873.95,13.351967568792517
4245,2020-06-26 21:00:00,8915.17,13.386564214042611
4246,2020-06-26 22:00:00,8945.29,13.41184444099392
4247,2020-06-26 23:00:00,9061.94,13.509750764827583
4248,2020-06-27 00:00:00,9147.06,13.581193424790904
4249,2020-06-27 01:00:00,8915.17,13.386564214042611
4250,2020-06-27 02:00:00,8691.44,13.198783829719375
4251,2020-06-27 03:00:00,8520.53,13.055336167426947
4252,2020-06-27 04:00:00,8464.41,13.008233699415417
4253,2020-06-27 05:00:00,8447.8,12.994292644645787
4254,2020-06-27 06:00:00,7759.71,12.416767034986929
4255,2020-06-27 07:00:00,7734.59,12.395683392854895
4256,2020-06-27 08:00:00,7768.2,12.423892836010054
4257,2020-06-27 09:00:00,7850.81,12.4932288103941
4258,2020-06-27 10:00:00,8147.49,12.742237367230548
4259,2020-06-27 11:00:00,8278.0,12.85177662418324
4260,2020-06-27 12:00:00,8665.03,13.17661746870397
4261,2020-06-27 13:00:00,8854.76,13.335861076256144
4262,2020-06-27 14:00:00,9185.94,13.613826068345581
4263,2020-06-27 15:00:00,8819.18,13.305998178682188
4264,2020-06-27 16:00:00,8229.29,12.810893494873874
4265,2020-06-27 17:00:00,8253.18,12.830944777140363
4266,2020-06-27 18:00:00,8358.14,12.919039485666564
4267,2020-06-27 19:00:00,8666.91,13.178195384596016
4268,2020-06-27 20:00:00,9175.12,13.604744658796672
4269,2020-06-27 21:00:00,9293.09,13.703758881022624
4270,2020-06-27 22:00:00,9319.27,13.725732199136344
4271,2020-06-27 23:00:00,9431.83,13.820205716587841
4272,2020-06-28 00:00:00,9623.31,13.980918128826762
4273,2020-06-28 01:00:00,9415.65,13.80662556811267
4274,2020-06-28 02:00:00,9203.89,13.628891807846774
4275,2020-06-28 03:00:00,9026.45,13.479963405780378
4276,2020-06-28 04:00:00,9124.73,13.562451476988027
4277,2020-06-28 05:00:00,9005.68,13.462530792441111
4278,2020-06-28 06:00:00,7982.5,12.60375846136414
4279,2020-06-28 07:00:00,7687.47,12.356134777518056
4280,2020-06-28 08:00:00,7707.42,12.37287915094696
4281,2020-06-28 09:00:00,7754.87,12.412704740881871
4282,2020-06-28 10:00:00,7994.89,12.614157598546303
4283,2020-06-28 11:00:00,8071.41,12.678382132620474
4284,2020-06-28 12:00:00,8292.57,12.864005472346605
4285,2020-06-28 13:00:00,8902.1,13.37559434132503
4286,2020-06-28 14:00:00,9019.24,13.473911930470983
4287,2020-06-28 15:00:00,8894.98,13.369618404542383
4288,2020-06-28 16:00:00,8275.35,12.849552434229025
4289,2020-06-28 17:00:00,7980.29,12.601903570874022
4290,2020-06-28 18:00:00,8700.68,13.206539118465393
4291,2020-06-28 19:00:00,8911.82,13.3837525022137
4292,2020-06-28 20:00:00,9182.42,13.610871672632811
4293,2020-06-28 21:00:00,9436.63,13.824234438014344
4294,2020-06-28 22:00:00,9393.47,13.78800951785437
4295,2020-06-28 23:00:00,9589.69,13.952700292501962
4296,2020-06-29 00:00:00,9878.0,14.194683766350945
4297,2020-06-29 01:00:00,8977.8,13.439130635488839
4298,2020-06-29 02:00:00,9026.6,13.480089303324956
4299,2020-06-29 03:00:00,8952.2,13.417644121214156
4300,2020-06-29 04:00:00,9137.69,13.573329024839586
4301,2020-06-29 05:00:00,9214.68,13.637948037886769
4302,2020-06-29 06:00:00,8287.22,12.85951512658998
4303,2020-06-29 07:00:00,8067.5,12.6751004032918
4304,2020-06-29 08:00:00,8455.66,13.000889675981686
4305,2020-06-29 09:00:00,8907.01,13.379715387617557
4306,2020-06-29 10:00:00,8968.48,13.431308201385711
4307,2020-06-29 11:00:00,9627.09,13.984090746950132
4308,2020-06-29 12:00:00,9998.17,14.295544485897377
4309,2020-06-29 13:00:00,10100.45,14.381389824960447
4310,2020-06-29 14:00:00,10032.51,14.324366630436153
4311,2020-06-29 15:00:00,9733.97,14.073796944046935
4312,2020-06-29 16:00:00,8753.84,13.251157208263916
4313,2020-06-29 17:00:00,8393.38,12.948617015472808
4314,2020-06-29 18:00:00,8206.47,12.791740281758704
4315,2020-06-29 19:00:00,8324.36,12.890687358627549
4316,2020-06-29 20:00:00,8759.85,13.256201503216683
4317,2020-06-29 21:00:00,9053.64,13.502784434027589
4318,2020-06-29 22:00:00,9724.91,14.06619273235441
4319,2020-06-29 23:00:00,9700.01,14.045293739954426
4320,2020-06-30 00:00:00,9446.7,13.832686359840363
4321,2020-06-30 01:00:00,9365.97,13.764928301348363
4322,2020-06-30 02:00:00,8227.0,12.808971459026644
4323,2020-06-30 03:00:00,8449.87,12.996030030760966
4324,2020-06-30 04:00:00,8990.82,13.450058542358228
4325,2020-06-30 05:00:00,8962.87,13.426599633218487
4326,2020-06-30 06:00:00,8167.11,12.758704766061378
4327,2020-06-30 07:00:00,8135.62,12.73227467486959
4328,2020-06-30 08:00:00,8473.75,13.01607291985782
4329,2020-06-30 09:00:00,8361.97,12.922254069638129
4330,2020-06-30 10:00:00,8709.91,13.214286014041772
4331,2020-06-30 11:00:00,8978.89,13.44004549097944
4332,2020-06-30 12:00:00,9604.56,13.965180935754482
4333,2020-06-30 13:00:00,9854.41,14.174884279173607
4334,2020-06-30 14:00:00,9688.76,14.035851424111058
4335,2020-06-30 15:00:00,9518.65,13.893075215389715
4336,2020-06-30 16:00:00,9199.16,13.62492183860774
4337,2020-06-30 17:00:00,8939.27,13.406791752871513
4338,2020-06-30 18:00:00,9303.91,13.712840290571533
4339,2020-06-30 19:00:00,9172.94,13.602914947815467
4340,2020-06-30 20:00:00,9557.28,13.925498029703428
4341,2020-06-30 21:00:00,9545.59,13.915686414395964
4342,2020-06-30 22:00:00,9378.9,13.775780669691006
4343,2020-06-30 23:00:00,9714.75,14.057665272001646
4344,2020-07-01 00:00:00,10096.03,14.37768004398021
4345,2020-07-01 01:00:00,9967.94,14.270171934080047
4346,2020-07-01 02:00:00,9700.91,14.046049125221895
4347,2020-07-01 03:00:00,9500.6,13.877925544192138
4348,2020-07-01 04:00:00,9670.66,14.020659787065286
4349,2020-07-01 05:00:00,9478.93,13.859737545585403
4350,2020-07-01 06:00:00,8509.21,13.045835099396111
4351,2020-07-01 07:00:00,8375.73,12.93380307106077
4352,2020-07-01 08:00:00,8499.03,13.03729085270407
4353,2020-07-01 09:00:00,8980.95,13.441774483924982
4354,2020-07-01 10:00:00,9405.78,13.798341509679425
4355,2020-07-01 11:00:00,9547.2,13.91703771470777
4356,2020-07-01 12:00:00,10163.96,14.434694845334866
4357,2020-07-01 13:00:00,10047.03,14.336553512751323
4358,2020-07-01 14:00:00,10198.42,14.463617707909304
4359,2020-07-01 15:00:00,9963.95,14.266823059394266
4360,2020-07-01 16:00:00,9426.11,13.81540482355459
4361,2020-07-01 17:00:00,9306.57,13.715072873695387
4362,2020-07-01 18:00:00,9600.08,13.961420795756414
4363,2020-07-01 19:00:00,9497.77,13.875550277184427
4364,2020-07-01 20:00:00,9955.09,14.25938671109451
4365,2020-07-01 21:00:00,10143.86,14.417824574361386
4366,2020-07-01 22:00:00,10037.49,14.328546428916148
4367,2020-07-01 23:00:00,10261.1,14.516226095203724
4368,2020-07-02 00:00:00,10409.32,14.640629655586284
4369,2020-07-02 01:00:00,10217.52,14.479648661918931
4370,2020-07-02 02:00:00,10024.03,14.317249222582664
4371,2020-07-02 03:00:00,9780.55,14.112892328223293
4372,2020-07-02 04:00:00,9801.15,14.130182257678701
4373,2020-07-02 05:00:00,9700.62,14.045805723302378
4374,2020-07-02 06:00:00,8577.57,13.103210807045226
4375,2020-07-02 07:00:00,8475.88,13.017860664990831
4376,2020-07-02 08:00:00,8663.99,13.17574457906156
4377,2020-07-02 09:00:00,9072.74,13.518815388037215
4378,2020-07-02 10:00:00,9349.78,13.751339759703555
4379,2020-07-02 11:00:00,9686.27,14.03376152487106
4380,2020-07-02 12:00:00,10421.16,14.650567168438325
4381,2020-07-02 13:00:00,10487.16,14.705962088052743
4382,2020-07-02 14:00:00,10575.91,14.780451468594858
4383,2020-07-02 15:00:00,10273.03,14.526239146582512
4384,2020-07-02 16:00:00,9711.75,14.05514732111008
4385,2020-07-02 17:00:00,9447.17,13.833080838813373
4386,2020-07-02 18:00:00,9891.85,14.206308306300333
4387,2020-07-02 19:00:00,9850.55,14.171644515693128
4388,2020-07-02 20:00:00,10285.43,14.53664667693431
4389,2020-07-02 21:00:00,10316.74,14.562925691072605
4390,2020-07-02 22:00:00,10337.13,14.580039363965604
4391,2020-07-02 23:00:00,10550.87,14.759434971819934
4392,2020-07-03 00:00:00,10668.5,14.858163826278176
4393,2020-07-03 01:00:00,10533.23,14.744629420577533
4394,2020-07-03 02:00:00,10370.37,14.60793825984414
4395,2020-07-03 03:00:00,10197.49,14.46283714313292
4396,2020-07-03 04:00:00,10307.38,14.555069684290924
4397,2020-07-03 05:00:00,10175.81,14.444640751356545
4398,2020-07-03 06:00:00,8923.81,13.393815912610318
4399,2020-07-03 07:00:00,8931.09,13.39992614010718
4400,2020-07-03 08:00:00,9322.94,13.72881249239369
4401,2020-07-03 09:00:00,9531.43,13.90380168618778
4402,2020-07-03 10:00:00,9939.23,14.246075144047774
4403,2020-07-03 11:00:00,10036.09,14.327371385166751
4404,2020-07-03 12:00:00,10773.77,14.946518723063171
4405,2020-07-03 13:00:00,10837.49,15.0
4406,2020-07-03 14:00:00,10596.12,14.797414064434363
4407,2020-07-03 15:00:00,10293.11,14.543092631216716
4408,2020-07-03 16:00:00,9562.42,13.92981211889764
4409,2020-07-03 17:00:00,9312.94,13.720419322755141
4410,2020-07-03 18:00:00,9627.11,13.98410753328941
4411,2020-07-03 19:00:00,9868.31,14.186550784971189
4412,2020-07-03 20:00:00,10107.69,14.387466479778757
4413,2020-07-03 21:00:00,10122.07,14.399535857718988
4414,2020-07-03 22:00:00,10039.99,14.330644721325786
4415,2020-07-03 23:00:00,10395.6,14.629114226842196
4416,2020-07-04 00:00:00,10546.24,14.755548934277286
4417,2020-07-04 01:00:00,10277.72,14.53017554314299
4418,2020-07-04 02:00:00,10074.93,14.359970456042873
4419,2020-07-04 03:00:00,9785.04,14.116660861391
4420,2020-07-04 04:00:00,9581.4,13.945742354871605
4421,2020-07-04 05:00:00,9348.74,13.750466870061144
4422,2020-07-04 06:00:00,8231.79,12.81299178728351
4423,2020-07-04 07:00:00,8254.02,12.83164980339
4424,2020-07-04 08:00:00,8371.81,12.930512948562459
4425,2020-07-04 09:00:00,8807.07,13.295834050249907
4426,2020-07-04 10:00:00,9231.58,13.652132494575914
4427,2020-07-04 11:00:00,9558.96,13.926908082202702
4428,2020-07-04 12:00:00,10087.95,14.370898362912262
4429,2020-07-04 13:00:00,10337.08,14.579997398117413
4430,2020-07-04 14:00:00,10468.89,14.690627767123114
4431,2020-07-04 15:00:00,10349.03,14.590027235835478
4432,2020-07-04 16:00:00,9781.0,14.113270020857026
4433,2020-07-04 17:00:00,9505.34,13.881903906600808
4434,2020-07-04 18:00:00,9616.92,13.975554893427729
4435,2020-07-04 19:00:00,9707.44,14.051529864995867
4436,2020-07-04 20:00:00,10106.96,14.386853778395142
4437,2020-07-04 21:00:00,10161.17,14.432353151005712
4438,2020-07-04 22:00:00,10009.07,14.304693040803393
4439,2020-07-04 23:00:00,9827.97,14.152692738649286
4440,2020-07-05 00:00:00,8779.05,13.272316388922693
4441,2020-07-05 01:00:00,6628.95,11.467700984938457
4442,2020-07-05 02:00:00,5015.73,10.113698072508592
4443,2020-07-05 03:00:00,4061.76,9.313014868500016
4444,2020-07-05 04:00:00,3419.44,8.77390479627679
4445,2020-07-05 05:00:00,3613.28,8.936597996550407
4446,2020-07-05 06:00:00,3706.45,9.01479715807276
4447,2020-07-05 07:00:00,3845.27,9.131311138995086
4448,2020-07-05 08:00:00,4105.0,9.349306934017097
4449,2020-07-05 09:00:00,4586.49,9.753429658943551
4450,2020-07-05 10:00:00,5043.92,10.13735841771966
4451,2020-07-05 11:00:00,5541.41,10.554910214067792
4452,2020-07-05 12:00:00,5860.69,10.822887334287357
4453,2020-07-05 13:00:00,6203.49,11.110605189496788
4454,2020-07-05 14:00:00,6568.3,11.416796411080663
4455,2020-07-05 15:00:00,6512.72,11.370147174229611
4456,2020-07-05 16:00:00,6352.24,11.235453587870191
4457,2020-07-05 17:00:00,6347.57,11.23153397764899
4458,2020-07-05 18:00:00,6548.67,11.400320619080192
4459,2020-07-05 19:00:00,6725.07,11.548376131504181
4460,2020-07-05 20:00:00,7364.26,12.084859141630542
4461,2020-07-05 21:00:00,7687.15,12.355866196089622
4462,2020-07-05 22:00:00,7742.14,12.402020235932
4463,2020-07-05 23:00:00,7898.13,12.532945289123711
4464,2020-07-06 00:00:00,7987.79,12.608198448102934
4465,2020-07-06 01:00:00,7819.03,12.466555317282795
4466,2020-07-06 02:00:00,7620.79,12.300169122368217
4467,2020-07-06 03:00:00,7518.66,12.214449680849725
4468,2020-07-06 04:00:00,7525.28,12.220005959150443
4469,2020-07-06 05:00:00,7525.05,12.219812916248756
4470,2020-07-06 06:00:00,6788.23,11.601387390941252
4471,2020-07-06 07:00:00,6604.09,11.446835565217025
4472,2020-07-06 08:00:00,6994.78,11.774748309825464
4473,2020-07-06 09:00:00,7372.21,12.091531711493186
4474,2020-07-06 10:00:00,7781.75,12.435265580870288
4475,2020-07-06 11:00:00,8045.11,12.656308096471092
4476,2020-07-06 12:00:00,8555.02,13.084284209510301
4477,2020-07-06 13:00:00,8765.81,13.261203832321257
4478,2020-07-06 14:00:00,8945.57,13.412079449743798
4479,2020-07-06 15:00:00,8602.96,13.124521064757499
4480,2020-07-06 16:00:00,8226.94,12.808921100008813
4481,2020-07-06 17:00:00,7974.42,12.596976780296195
4482,2020-07-06 18:00:00,8058.8,12.667798345706265
4483,2020-07-06 19:00:00,8239.05,12.819085228441093
4484,2020-07-06 20:00:00,8751.49,13.249184813398855
4485,2020-07-06 21:00:00,8971.06,13.433473639152457
4486,2020-07-06 22:00:00,8908.48,13.380949183554424
4487,2020-07-06 23:00:00,8944.13,13.410870833315848
4488,2020-07-07 00:00:00,8968.39,13.431232662858964
4489,2020-07-07 01:00:00,8948.36,13.414421144072953
4490,2020-07-07 02:00:00,8812.28,13.300206891631591
4491,2020-07-07 03:00:00,8504.63,13.041991027701656
4492,2020-07-07 04:00:00,8381.34,12.938511639227997
4493,2020-07-07 05:00:00,8347.89,12.910436486787052
4494,2020-07-07 06:00:00,7528.64,12.222826064148997
4495,2020-07-07 07:00:00,7444.71,12.152382191372661
4496,2020-07-07 08:00:00,7724.4,12.387130752993214
4497,2020-07-07 09:00:00,8208.58,12.793511240552437
4498,2020-07-07 10:00:00,8621.81,13.140342189526162
4499,2020-07-07 11:00:00,8728.62,13.229989634435498
4500,2020-07-07 12:00:00,9216.25,13.639265765520019
4501,2020-07-07 13:00:00,9188.19,13.615714531514254
4502,2020-07-07 14:00:00,9301.26,13.710616100617319
4503,2020-07-07 15:00:00,8699.97,13.205943203421056
4504,2020-07-07 16:00:00,8113.12,12.713390043182859
4505,2020-07-07 17:00:00,7511.11,12.208112837772621
4506,2020-07-07 18:00:00,7250.22,11.989143435072538
4507,2020-07-07 19:00:00,7344.32,12.068123161371275
4508,2020-07-07 20:00:00,7638.43,12.314974673610616
4509,2020-07-07 21:00:00,7746.4,12.405595726198019
4510,2020-07-07 22:00:00,7752.45,12.41067359382934
4511,2020-07-07 23:00:00,7697.09,12.36420900671034
4512,2020-07-08 00:00:00,7735.12,12.396128230845738
4513,2020-07-08 01:00:00,7585.06,12.270180327249685
4514,2020-07-08 02:00:00,7298.67,12.029808341971304
4515,2020-07-08 03:00:00,6942.98,11.731271691097785
4516,2020-07-08 04:00:00,6890.63,11.687333448039986
4517,2020-07-08 05:00:00,6947.66,11.735199694488625
4518,2020-07-08 06:00:00,6422.25,11.294214168509667
4519,2020-07-08 07:00:00,6274.93,11.170565993394575
4520,2020-07-08 08:00:00,6539.58,11.392691227878753
4521,2020-07-08 09:00:00,7193.52,11.94155416322197
4522,2020-07-08 10:00:00,7388.5,12.105204184834381
4523,2020-07-08 11:00:00,7518.62,12.214416108171172
4524,2020-07-08 12:00:00,7909.48,12.542471536663463
4525,2020-07-08 13:00:00,7910.37,12.543218528761294
4526,2020-07-08 14:00:00,8172.36,12.763111180121616
4527,2020-07-08 15:00:00,7732.68,12.394080297453932
4528,2020-07-08 16:00:00,7102.18,11.864890951743472
4529,2020-07-08 17:00:00,7048.49,11.819828023954106
4530,2020-07-08 18:00:00,7378.82,12.097079596624267
4531,2020-07-08 19:00:00,7414.95,12.127404118528341
4532,2020-07-08 20:00:00,7796.35,12.447519608542567
4533,2020-07-08 21:00:00,8006.16,12.623616700728947
4534,2020-07-08 22:00:00,8017.04,12.632748469295688
4535,2020-07-08 23:00:00,8020.97,12.636046984963638
4536,2020-07-09 00:00:00,7954.88,12.580576526822473
4537,2020-07-09 01:00:00,7716.52,12.380516935318038
4538,2020-07-09 02:00:00,7500.79,12.19945108670564
4539,2020-07-09 03:00:00,7324.49,12.051479505978035
4540,2020-07-09 04:00:00,7375.94,12.094662363768364
4541,2020-07-09 05:00:00,7486.52,12.187474033631432
4542,2020-07-09 06:00:00,6765.47,11.582284536843916
4543,2020-07-09 07:00:00,6774.69,11.590023039250656
4544,2020-07-09 08:00:00,7499.83,12.198645342420338
4545,2020-07-09 09:00:00,7618.56,12.298297445538822
4546,2020-07-09 10:00:00,8040.28,12.652254195535672
4547,2020-07-09 11:00:00,8169.03,12.76031625463198
4548,2020-07-09 12:00:00,8615.18,13.134777518055806
4549,2020-07-09 13:00:00,8641.71,13.157044597106875
4550,2020-07-09 14:00:00,8871.8,13.350163037320229
4551,2020-07-09 15:00:00,8693.69,13.200672292888047
4552,2020-07-09 16:00:00,8186.32,12.774828044937031
4553,2020-07-09 17:00:00,8059.97,12.668780346553975
4554,2020-07-09 18:00:00,8211.57,12.796020798274364
4555,2020-07-09 19:00:00,8447.45,12.99399888370844
4556,2020-07-09 20:00:00,8933.67,13.402091577873925
4557,2020-07-09 21:00:00,9170.04,13.60048092862029
4558,2020-07-09 22:00:00,9208.07,13.632400152755688
4559,2020-07-09 23:00:00,9272.27,13.686284301835167
4560,2020-07-10 00:00:00,9227.05,13.64833038872965
4561,2020-07-10 01:00:00,8961.7,13.425617632370777
4562,2020-07-10 02:00:00,8729.17,13.230451258765616
4563,2020-07-10 03:00:00,8700.2,13.206136246322743
4564,2020-07-10 04:00:00,8836.16,13.320249780728442
4565,2020-07-10 05:00:00,8913.85,13.385456315650323
4566,2020-07-10 06:00:00,8034.84,12.647688311252303
4567,2020-07-10 07:00:00,7805.47,12.455174179252925
4568,2020-07-10 08:00:00,7887.07,12.523662443503476
4569,2020-07-10 09:00:00,8278.48,12.852179496325888
4570,2020-07-10 10:00:00,8826.23,13.311915363277365
4571,2020-07-10 11:00:00,9106.01,13.546739463424665
4572,2020-07-10 12:00:00,9341.12,13.744071274796571
4573,2020-07-10 13:00:00,9462.34,13.845813277155052
4574,2020-07-10 14:00:00,9642.88,13.997343561809398
4575,2020-07-10 15:00:00,9541.56,13.91230396703163
4576,2020-07-10 16:00:00,9018.96,13.473676921721102
4577,2020-07-10 17:00:00,8809.85,13.298167351409424
4578,2020-07-10 18:00:00,8833.6,13.318101129300976
4579,2020-07-10 19:00:00,9053.68,13.502818006706143
4580,2020-07-10 20:00:00,9538.25,13.909525827881271
4581,2020-07-10 21:00:00,9423.65,13.813340103823508
4582,2020-07-10 22:00:00,9266.28,13.681256793221678
4583,2020-07-10 23:00:00,8623.24,13.141542412784476
4584,2020-07-11 00:00:00,7486.41,12.187381708765407
4585,2020-07-11 01:00:00,6750.93,11.570080868189468
4586,2020-07-11 02:00:00,6434.34,11.304361510602671
4587,2020-07-11 03:00:00,6447.45,11.315364955998808
4588,2020-07-11 04:00:00,6370.44,11.250729156612348
4589,2020-07-11 05:00:00,6366.74,11.247623683846086
4590,2020-07-11 06:00:00,5986.02,10.928078929367281
4591,2020-07-11 07:00:00,5953.73,10.900977384604408
4592,2020-07-11 08:00:00,6192.2,11.101129300974867
4593,2020-07-11 09:00:00,6699.2,11.526663001649258
4594,2020-07-11 10:00:00,7137.93,11.894896533201281
4595,2020-07-11 11:00:00,7462.61,12.167405965025662
4596,2020-07-11 12:00:00,7803.77,12.45374734041437
4597,2020-07-11 13:00:00,8140.22,12.736135532903322
4598,2020-07-11 14:00:00,8158.74,12.751679683073913
4599,2020-07-11 15:00:00,8058.28,12.667361900885059
4600,2020-07-11 16:00:00,7626.28,12.30477697249978
4601,2020-07-11 17:00:00,7443.11,12.151039284230492
4602,2020-07-11 18:00:00,7758.41,12.415675922933916
4603,2020-07-11 19:00:00,8032.84,12.646009677324592
4604,2020-07-11 20:00:00,8627.08,13.144765389925679
4605,2020-07-11 21:00:00,9057.9,13.506359924293609
4606,2020-07-11 22:00:00,8942.2,13.409250951575608
4607,2020-07-11 23:00:00,8888.33,13.36403694673275
4608,2020-07-12 00:00:00,8918.84,13.389644507299959
4609,2020-07-12 01:00:00,8624.51,13.142608345328572
4610,2020-07-12 02:00:00,8150.37,12.744654600086449
4611,2020-07-12 03:00:00,7223.22,11.966481877048459
4612,2020-07-12 04:00:00,6176.24,11.087733802231742
4613,2020-07-12 05:00:00,5539.61,10.553399443532852
4614,2020-07-12 06:00:00,4678.24,9.83043699037723
4615,2020-07-12 07:00:00,4339.47,9.546101582532135
4616,2020-07-12 08:00:00,4403.15,9.59954928679041
4617,2020-07-12 09:00:00,4444.49,9.634246650076168
4618,2020-07-12 10:00:00,4595.51,9.761000297957523
4619,2020-07-12 11:00:00,4724.51,9.869272186294793
4620,2020-07-12 12:00:00,5172.09,10.24493367297693
4621,2020-07-12 13:00:00,5354.21,10.39779007843417
4622,2020-07-12 14:00:00,5560.42,10.57086562955067
4623,2020-07-12 15:00:00,5674.51,10.666623301956868
4624,2020-07-12 16:00:00,5464.17,10.490081371779645
4625,2020-07-12 17:00:00,5480.01,10.503376152487107
4626,2020-07-12 18:00:00,5821.14,10.789692348366898
4627,2020-07-12 19:00:00,6101.3,11.024835388960465
4628,2020-07-12 20:00:00,6431.37,11.301868739220023
4629,2020-07-12 21:00:00,6539.78,11.392859091271523
4630,2020-07-12 22:00:00,6610.8,11.452467382044492
4631,2020-07-12 23:00:00,6510.12,11.36796495012359
4632,2020-07-13 00:00:00,6532.95,11.387126556408393
4633,2020-07-13 01:00:00,6358.3,11.240539848671151
4634,2020-07-13 02:00:00,6057.9,10.988409032729164
4635,2020-07-13 03:00:00,5897.88,10.854101532173118
4636,2020-07-13 04:00:00,5908.5,10.863015078329255
4637,2020-07-13 05:00:00,6014.23,10.951756060917624
4638,2020-07-13 06:00:00,5535.8,10.550201645900566
4639,2020-07-13 07:00:00,5284.48,10.339264506544573
4640,2020-07-13 08:00:00,5737.36,10.719374373135143
4641,2020-07-13 09:00:00,6390.37,11.267456743701974
4642,2020-07-13 10:00:00,6564.38,11.41350628858235
4643,2020-07-13 11:00:00,7012.03,11.789226527451959
4644,2020-07-13 12:00:00,7649.59,12.324341450927236
4645,2020-07-13 13:00:00,7776.72,12.431043816542099
4646,2020-07-13 14:00:00,7991.12,12.61099337359257
4647,2020-07-13 15:00:00,7851.68,12.493959016152655
4648,2020-07-13 16:00:00,7532.77,12.226292443209715
4649,2020-07-13 17:00:00,7400.27,12.115082945498953
4650,2020-07-13 18:00:00,7638.18,12.314764844369652
4651,2020-07-13 19:00:00,7774.92,12.429533046007158
4652,2020-07-13 20:00:00,8070.92,12.677970867308185
4653,2020-07-13 21:00:00,8454.29,12.999739811741206
4654,2020-07-13 22:00:00,8338.61,12.90264762536248
4655,2020-07-13 23:00:00,8420.08,12.971026778407733
4656,2020-07-14 00:00:00,8389.81,12.945620653911845
4657,2020-07-14 01:00:00,8187.5,12.775818438954378
4658,2020-07-14 02:00:00,8047.85,12.658607824952053
4659,2020-07-14 03:00:00,7852.84,12.494932623830728
4660,2020-07-14 04:00:00,7803.7,12.4536885882269
4661,2020-07-14 05:00:00,7863.13,12.503569195388792
4662,2020-07-14 06:00:00,7273.98,12.009085606133727
4663,2020-07-14 07:00:00,7121.73,11.881299598386832
4664,2020-07-14 08:00:00,7146.94,11.902458779045613
4665,2020-07-14 09:00:00,7574.16,12.261031772343667
4666,2020-07-14 10:00:00,7884.67,12.521648082790225
4667,2020-07-14 11:00:00,8026.21,12.640445005854236
4668,2020-07-14 12:00:00,8609.66,13.130144488415327
4669,2020-07-14 13:00:00,8661.07,13.173293773527103
4670,2020-07-14 14:00:00,8963.96,13.427514488709088
4671,2020-07-14 15:00:00,8770.24,13.264922006471133
4672,2020-07-14 16:00:00,8454.89,13.000243401919517
4673,2020-07-14 17:00:00,8309.97,12.878609587517678
4674,2020-07-14 18:00:00,8426.34,12.976280902601463
4675,2020-07-14 19:00:00,8649.08,13.163230363130484
4676,2020-07-14 20:00:00,8814.96,13.30245626109472
4677,2020-07-14 21:00:00,8709.46,13.213908321408038
4678,2020-07-14 22:00:00,8647.44,13.161853883309764
4679,2020-07-14 23:00:00,9016.88,13.471931142436285
4680,2020-07-15 00:00:00,8594.94,13.117789742707386
4681,2020-07-15 01:00:00,8803.01,13.292426423376657
4682,2020-07-15 02:00:00,8483.23,13.024029644675164
4683,2020-07-15 03:00:00,8504.57,13.041940668683825
4684,2020-07-15 04:00:00,8647.97,13.162298721300605
4685,2020-07-15 05:00:00,8740.34,13.239826429251874
4686,2020-07-15 06:00:00,7828.68,12.474654725983996
4687,2020-07-15 07:00:00,7857.91,12.499187960837471
4688,2020-07-15 08:00:00,8076.28,12.682469606234445
4689,2020-07-15 09:00:00,8028.62,12.642467759737126
4690,2020-07-15 10:00:00,8248.71,12.827193030311932
4691,2020-07-15 11:00:00,8569.63,13.096546630352218
4692,2020-07-15 12:00:00,9113.78,13.553260956233817
4693,2020-07-15 13:00:00,9182.47,13.610913638481005
4694,2020-07-15 14:00:00,9236.72,13.656446583770126
4695,2020-07-15 15:00:00,9144.62,13.5791454913991
4696,2020-07-15 16:00:00,8793.17,13.284167544452325
4697,2020-07-15 17:00:00,8715.64,13.21909530024466
4698,2020-07-15 18:00:00,8811.24,13.29933400198918
4699,2020-07-15 19:00:00,8838.09,13.321869662468682
4700,2020-07-15 20:00:00,9164.43,13.595772360453065
4701,2020-07-15 21:00:00,9315.78,13.722802982932489
4702,2020-07-15 22:00:00,9304.11,13.713008153964305
4703,2020-07-15 23:00:00,9377.49,13.77459723277197
4704,2020-07-16 00:00:00,9416.06,13.80696968806785
4705,2020-07-16 01:00:00,9227.27,13.6485150384617
4706,2020-07-16 02:00:00,9158.25,13.59058538161644
4707,2020-07-16 03:00:00,8966.56,13.429696712815112
4708,2020-07-16 04:00:00,8938.44,13.406095119791514
4709,2020-07-16 05:00:00,8869.77,13.348459223883605
4710,2020-07-16 06:00:00,7987.47,12.6079298666745
4711,2020-07-16 07:00:00,7716.03,12.380105670005749
4712,2020-07-16 08:00:00,7937.31,12.565829727767543
4713,2020-07-16 09:00:00,8379.7,12.937135159407276
4714,2020-07-16 10:00:00,8734.04,13.23453873237959
4715,2020-07-16 11:00:00,9004.69,13.461699868646896
4716,2020-07-16 12:00:00,9355.88,13.756459593183067
4717,2020-07-16 13:00:00,9428.71,13.817587047660613
4718,2020-07-16 14:00:00,9476.39,13.857605680497212
4719,2020-07-16 15:00:00,9194.92,13.621363134680998
4720,2020-07-16 16:00:00,8779.5,13.27269408155643
4721,2020-07-16 17:00:00,8496.93,13.035528287079973
4722,2020-07-16 18:00:00,8718.86,13.221797900868275
4723,2020-07-16 19:00:00,8941.09,13.408319309745728
4724,2020-07-16 20:00:00,9276.35,13.689708715047693
4725,2020-07-16 21:00:00,9339.74,13.742913017386451
4726,2020-07-16 22:00:00,9163.63,13.595100906881978
4727,2020-07-16 23:00:00,9372.4,13.770325109425949
4728,2020-07-17 00:00:00,9581.02,13.945423414425342
4729,2020-07-17 01:00:00,9355.41,13.756065114210056
4730,2020-07-17 02:00:00,9224.13,13.645879583195196
4731,2020-07-17 03:00:00,9057.09,13.505680077552888
4732,2020-07-17 04:00:00,9039.33,13.490773808274826
4733,2020-07-17 05:00:00,8982.32,13.442924348165462
4734,2020-07-17 06:00:00,8297.88,12.868462245424674
4735,2020-07-17 07:00:00,7827.03,12.473269852993633
4736,2020-07-17 08:00:00,8005.07,12.622701845238346
4737,2020-07-17 09:00:00,8478.22,13.019824666686251
4738,2020-07-17 10:00:00,8757.38,13.25412839031596
4739,2020-07-17 11:00:00,8791.77,13.282992500702928
4740,2020-07-17 12:00:00,9257.82,13.674156171707464
4741,2020-07-17 13:00:00,9003.98,13.461103953602558
4742,2020-07-17 14:00:00,9185.62,13.613557486917149
4743,2020-07-17 15:00:00,9067.69,13.514576837369749
4744,2020-07-17 16:00:00,8688.44,13.19626587882781
4745,2020-07-17 17:00:00,8487.31,13.027454057887692
4746,2020-07-17 18:00:00,8732.62,13.233346902290917
4747,2020-07-17 19:00:00,8871.2,13.349659447141917
4748,2020-07-17 20:00:00,9191.45,13.618450704816421
4749,2020-07-17 21:00:00,9237.47,13.65707607149302
4750,2020-07-17 22:00:00,9357.5,13.757819286664512
4751,2020-07-17 23:00:00,9218.37,13.641045117483394
4752,2020-07-18 00:00:00,9409.6,13.801547700481349
4753,2020-07-18 01:00:00,9189.73,13.61700707963859
4754,2020-07-18 02:00:00,8926.59,13.396149213769835
4755,2020-07-18 03:00:00,8719.84,13.222620431492851
4756,2020-07-18 04:00:00,8709.56,13.213992253104422
4757,2020-07-18 05:00:00,8739.37,13.239012291796936
4758,2020-07-18 06:00:00,7785.95,12.438790712118479
4759,2020-07-18 07:00:00,7424.29,12.135243338970746
4760,2020-07-18 08:00:00,7643.08,12.31887749749254
4761,2020-07-18 09:00:00,7919.37,12.550772381435987
4762,2020-07-18 10:00:00,7946.42,12.57347590530826
4763,2020-07-18 11:00:00,8088.05,12.692348366899019
4764,2020-07-18 12:00:00,8487.93,13.02797443440528
4765,2020-07-18 13:00:00,8701.96,13.207613444179128
4766,2020-07-18 14:00:00,8805.65,13.294642220161233
4767,2020-07-18 15:00:00,8748.74,13.246876691748255
4768,2020-07-18 16:00:00,8529.63,13.062973951798027
4769,2020-07-18 17:00:00,8517.22,13.052558028276588
4770,2020-07-18 18:00:00,8711.77,13.215847143594544
4771,2020-07-18 19:00:00,8811.58,13.299619369756892
4772,2020-07-18 20:00:00,9002.62,13.459962482531717
4773,2020-07-18 21:00:00,8975.36,13.437082702097033
4774,2020-07-18 22:00:00,8945.07,13.411659791261872
4775,2020-07-18 23:00:00,9282.5,13.694870514375403
4776,2020-07-19 00:00:00,8898.48,13.372556013915876
4777,2020-07-19 01:00:00,8842.42,13.325503904922176
4778,2020-07-19 02:00:00,8717.86,13.22095858390442
4779,2020-07-19 03:00:00,8434.04,12.982743643223145
4780,2020-07-19 04:00:00,8147.11,12.741918426784283
4781,2020-07-19 05:00:00,7997.3,12.616180352429193
4782,2020-07-19 06:00:00,7368.82,12.088686426985719
4783,2020-07-19 07:00:00,6229.2,11.132184028637495
4784,2020-07-19 08:00:00,6471.82,11.33581911040795
4785,2020-07-19 09:00:00,6778.43,11.593162084695475
4786,2020-07-19 10:00:00,6731.27,11.553579896680082
4787,2020-07-19 11:00:00,6872.46,11.672083058806743
4788,2020-07-19 12:00:00,7420.89,12.13238966129364
4789,2020-07-19 13:00:00,7751.71,12.41005249927609
4790,2020-07-19 14:00:00,8080.12,12.685692583375648
4791,2020-07-19 15:00:00,7794.87,12.446277419436063
4792,2020-07-19 16:00:00,7936.61,12.565242205892844
4793,2020-07-19 17:00:00,7727.09,12.389388515625985
4794,2020-07-19 18:00:00,7906.07,12.539609465816717
4795,2020-07-19 19:00:00,8105.3,12.706826584525514
4796,2020-07-19 20:00:00,8443.99,12.9910948470135
4797,2020-07-19 21:00:00,8279.55,12.853077565477214
4798,2020-07-19 22:00:00,8229.83,12.811346726034353
4799,2020-07-19 23:00:00,7761.79,12.418512814271747
4800,2020-07-20 00:00:00,6843.48,11.64775965319423
4801,2020-07-20 01:00:00,6952.49,11.739253595424044
4802,2020-07-20 02:00:00,6668.64,11.501013475233854
4803,2020-07-20 03:00:00,6427.34,11.298486291855689
4804,2020-07-20 04:00:00,6454.58,11.321349285951094
4805,2020-07-20 05:00:00,6557.2,11.407479992781873
4806,2020-07-20 06:00:00,5763.59,10.741389657097054
4807,2020-07-20 07:00:00,5778.69,10.75406334325126
4808,2020-07-20 08:00:00,6389.12,11.266407597497157
4809,2020-07-20 09:00:00,6784.28,11.598072088934025
4810,2020-07-20 10:00:00,6704.99,11.531522646869977
4811,2020-07-20 11:00:00,6715.99,11.54075513347238
4812,2020-07-20 12:00:00,7341.57,12.065815039720675
4813,2020-07-20 13:00:00,7814.27,12.462560168534846
4814,2020-07-20 14:00:00,7929.21,12.55903126036032
4815,2020-07-20 15:00:00,7934.01,12.563059981786822
4816,2020-07-20 16:00:00,7694.87,12.36234572305058
4817,2020-07-20 17:00:00,7568.04,12.255895152524875
4818,2020-07-20 18:00:00,8032.87,12.64603485683351
4819,2020-07-20 19:00:00,8236.78,12.817179978933144
4820,2020-07-20 20:00:00,8555.72,13.084871731384998
4821,2020-07-20 21:00:00,8500.9,13.038860375426477
4822,2020-07-20 22:00:00,7885.39,12.522252391004201
4823,2020-07-20 23:00:00,6638.75,11.475926291184233
4824,2020-07-21 00:00:00,5487.94,10.510031936010474
4825,2020-07-21 01:00:00,5016.75,10.114554175811724
4826,2020-07-21 02:00:00,4841.47,9.967438698387252
4827,2020-07-21 03:00:00,4893.09,10.010764240061437
4828,2020-07-21 04:00:00,4998.16,10.098951273453663
4829,2020-07-21 05:00:00,5178.77,10.25054031029548
4830,2020-07-21 06:00:00,4969.07,10.074535542975127
4831,2020-07-21 07:00:00,5237.91,10.300177515537856
4832,2020-07-21 08:00:00,5541.95,10.555363445228274
4833,2020-07-21 09:00:00,5524.33,10.54057468032515
4834,2020-07-21 10:00:00,5561.3,10.571604228478865
4835,2020-07-21 11:00:00,6535.33,11.38912413078237
4836,2020-07-21 12:00:00,7341.57,12.065815039720675
4837,2020-07-21 13:00:00,7814.27,12.462560168534846
4838,2020-07-21 14:00:00,7929.21,12.55903126036032
4839,2020-07-21 15:00:00,7081.12,11.84721493648469
4840,2020-07-21 16:00:00,5458.61,10.485414769460613
4841,2020-07-21 17:00:00,5450.98,10.4790107810264
4842,2020-07-21 18:00:00,5843.84,10.808744843446403
4843,2020-07-21 19:00:00,6145.69,11.06209266898598
4844,2020-07-21 20:00:00,6403.78,11.278711984187268
4845,2020-07-21 21:00:00,6371.66,11.251753123308252
4846,2020-07-21 22:00:00,6313.09,11.202594328735275
4847,2020-07-21 23:00:00,6296.93,11.189030966599383
4848,2020-07-22 00:00:00,6093.71,11.018464973204807
4849,2020-07-22 01:00:00,5689.8,10.679456458334208
4850,2020-07-22 02:00:00,5262.01,10.320405054366756
4851,2020-07-22 03:00:00,5007.71,10.106966750458477
4852,2020-07-22 04:00:00,5076.87,10.165013911678676
4853,2020-07-22 05:00:00,5272.26,10.329008053246268
4854,2020-07-22 06:00:00,4738.17,9.88073725602105
4855,2020-07-22 07:00:00,4708.96,9.856220807506851
4856,2020-07-22 08:00:00,5191.36,10.261107310870413
4857,2020-07-22 09:00:00,5376.58,10.416565598915602
4858,2020-07-22 10:00:00,5216.17,10.281930764743652
4859,2020-07-22 11:00:00,5416.45,10.450029166264494
4860,2020-07-22 12:00:00,5602.88,10.606503027835947
4861,2020-07-22 13:00:00,5623.24,10.623591521220032
4862,2020-07-22 14:00:00,5493.27,10.514505495427821
4863,2020-07-22 15:00:00,5469.18,10.494286349768558
4864,2020-07-22 16:00:00,5213.52,10.279706574789437
4865,2020-07-22 17:00:00,5499.78,10.519969448862515
4866,2020-07-22 18:00:00,5880.92,10.83986671646614
4867,2020-07-22 19:00:00,6452.8,11.319855301755432
4868,2020-07-22 20:00:00,6459.38,11.325378007377596
4869,2020-07-22 21:00:00,6394.86,11.271225276869682
4870,2020-07-22 22:00:00,6421.37,11.293475569581474
4871,2020-07-22 23:00:00,6217.18,11.12209543873196
4872,2020-07-23 00:00:00,6045.21,10.977758100457848
4873,2020-07-23 01:00:00,5820.77,10.789381801090272
4874,2020-07-23 02:00:00,5650.73,10.646664344556399
4875,2020-07-23 03:00:00,5486.97,10.509217798555536
4876,2020-07-23 04:00:00,5516.64,10.534120332873108
4877,2020-07-23 05:00:00,5670.93,10.663618547226267
4878,2020-07-23 06:00:00,5105.29,10.18886729979143
4879,2020-07-23 07:00:00,5247.44,10.308176206203392
4880,2020-07-23 08:00:00,5596.14,10.600846031499566
4881,2020-07-23 09:00:00,5943.0,10.891971513582247
4882,2020-07-23 10:00:00,6351.77,11.235059108897179
4883,2020-07-23 11:00:00,6428.92,11.299812412658579
4884,2020-07-23 12:00:00,6904.76,11.699192996739253
4885,2020-07-23 13:00:00,7045.83,11.817595440830253
4886,2020-07-23 14:00:00,7243.06,11.983133925611337
4887,2020-07-23 15:00:00,6994.42,11.774446155718476
4888,2020-07-23 16:00:00,6807.5,11.617561028834734
4889,2020-07-23 17:00:00,6859.29,11.661029254392776
4890,2020-07-23 18:00:00,6983.64,11.76539831884812
4891,2020-07-23 19:00:00,7370.34,12.089962188770778
4892,2020-07-23 20:00:00,7583.68,12.269022069839565
4893,2020-07-23 21:00:00,7299.87,12.03081552232793
4894,2020-07-23 22:00:00,7500.28,12.199023035054072
4895,2020-07-23 23:00:00,7425.58,12.136326057854118
4896,2020-07-24 00:00:00,7295.96,12.027533792999257
4897,2020-07-24 01:00:00,7089.66,11.85438270335601
4898,2020-07-24 02:00:00,6875.12,11.674315641930598
4899,2020-07-24 03:00:00,6723.64,11.547175908245869
4900,2020-07-24 04:00:00,6762.59,11.579867303988014
4901,2020-07-24 05:00:00,6794.36,11.60653240392968
4902,2020-07-24 06:00:00,6417.44,11.290177053913524
4903,2020-07-24 07:00:00,6512.74,11.370163960568888
4904,2020-07-24 08:00:00,6684.4,11.514241110584205
4905,2020-07-24 09:00:00,7008.77,11.786490354149795
4906,2020-07-24 10:00:00,7224.58,11.9676233481193
4907,2020-07-24 11:00:00,7322.06,12.04943996575587
4908,2020-07-24 12:00:00,7773.63,12.428450327123787
4909,2020-07-24 13:00:00,7753.91,12.41189899659657
4910,2020-07-24 14:00:00,8105.14,12.706692293811297
4911,2020-07-24 15:00:00,7793.5,12.445127555195583
4912,2020-07-24 16:00:00,7240.21,11.980741872264351
4913,2020-07-24 17:00:00,7053.43,11.82397424975555
4914,2020-07-24 18:00:00,7314.11,12.042767395893222
4915,2020-07-24 19:00:00,7634.24,12.311457935532065
4916,2020-07-24 20:00:00,7903.89,12.537779754835515
4917,2020-07-24 21:00:00,7797.77,12.448711438631243
4918,2020-07-24 22:00:00,7870.32,12.509603884358908
4919,2020-07-24 23:00:00,8174.01,12.764496053111976
4920,2020-07-25 00:00:00,8008.91,12.625924822379547
4921,2020-07-25 01:00:00,7730.79,12.392493988392246
4922,2020-07-25 02:00:00,7514.99,12.211369387592377
4923,2020-07-25 03:00:00,7260.0,11.997351954979038
4924,2020-07-25 04:00:00,7185.4,11.934738909475469
4925,2020-07-25 05:00:00,7372.23,12.091548497832463
4926,2020-07-25 06:00:00,6687.18,11.516574411743722
4927,2020-07-25 07:00:00,6563.32,11.412616612600665
4928,2020-07-25 08:00:00,6823.94,11.631359399720507
4929,2020-07-25 09:00:00,7046.29,11.817981526633625
4930,2020-07-25 10:00:00,7321.92,12.049322461380928
4931,2020-07-25 11:00:00,7441.08,12.149335470793869
4932,2020-07-25 12:00:00,7964.12,12.588331815568491
4933,2020-07-25 13:00:00,7908.97,12.542043485011899
4934,2020-07-25 14:00:00,8147.75,12.74245558964115
4935,2020-07-25 15:00:00,7965.85,12.58978383391596
4936,2020-07-25 16:00:00,7592.3,12.276256982067993
4937,2020-07-25 17:00:00,7471.08,12.174514979709512
4938,2020-07-25 18:00:00,7807.58,12.456945138046658
4939,2020-07-25 19:00:00,7938.71,12.56700477151694
4940,2020-07-25 20:00:00,8410.4,12.962902190197617
4941,2020-07-25 21:00:00,8450.31,12.996399330225064
4942,2020-07-25 22:00:00,8420.07,12.971018385238093
4943,2020-07-25 23:00:00,8664.74,13.176374066784451
4944,2020-07-26 00:00:00,8552.43,13.082110378573917
4945,2020-07-26 01:00:00,8259.4,12.83616532865554
4946,2020-07-26 02:00:00,8080.83,12.686288498419986
4947,2020-07-26 03:00:00,7913.13,12.545535043581534
4948,2020-07-26 04:00:00,7908.94,12.542018305502982
4949,2020-07-26 05:00:00,7999.87,12.6183373970263
4950,2020-07-26 06:00:00,7122.32,11.881794795395507
4951,2020-07-26 07:00:00,6792.62,11.605071992412576
4952,2020-07-26 08:00:00,6838.26,11.643378418642909
4953,2020-07-26 09:00:00,7022.26,11.797812739992194
4954,2020-07-26 10:00:00,7281.01,12.014986004389627
4955,2020-07-26 11:00:00,7529.5,12.22354787673791
4956,2020-07-26 12:00:00,7826.08,12.472472501877972
4957,2020-07-26 13:00:00,7829.24,12.475124743483754
4958,2020-07-26 14:00:00,7930.0,12.559694320761764
4959,2020-07-26 15:00:00,7689.73,12.358031633856367
4960,2020-07-26 16:00:00,7193.35,11.941411479338115
4961,2020-07-26 17:00:00,7069.91,11.837806193319876
4962,2020-07-26 18:00:00,7484.18,12.185510031936012
4963,2020-07-26 19:00:00,7877.25,12.515420350918422
4964,2020-07-26 20:00:00,8298.57,12.869041374129733
4965,2020-07-26 21:00:00,8230.28,12.811724418668089
4966,2020-07-26 22:00:00,8261.71,12.838104150842044
4967,2020-07-26 23:00:00,8458.9,13.003609062944577
4968,2020-07-27 00:00:00,8508.87,13.045549731628402
4969,2020-07-27 01:00:00,8393.64,12.94883523788341
4970,2020-07-27 02:00:00,8134.47,12.731309460361159
4971,2020-07-27 03:00:00,7921.42,12.55249298121189
4972,2020-07-27 04:00:00,8095.07,12.698240371985278
4973,2020-07-27 05:00:00,8111.43,12.711971597513944
4974,2020-07-27 06:00:00,7243.26,11.98330178900411
4975,2020-07-27 07:00:00,7156.33,11.91033996533621
4976,2020-07-27 08:00:00,7506.02,12.203840714426601
4977,2020-07-27 09:00:00,7731.82,12.393358484865017
4978,2020-07-27 10:00:00,8239.43,12.81940416888736
4979,2020-07-27 11:00:00,8345.63,12.90853963044874
4980,2020-07-27 12:00:00,9031.2,13.483950161358688
4981,2020-07-27 13:00:00,9155.9,13.588612986751382
4982,2020-07-27 14:00:00,9300.35,13.709852322180211
4983,2020-07-27 15:00:00,8992.54,13.45150216753606
4984,2020-07-27 16:00:00,8575.23,13.101246805349806
4985,2020-07-27 17:00:00,8283.47,12.856367687975524
4986,2020-07-27 18:00:00,8477.2,13.018968563383119
4987,2020-07-27 19:00:00,8625.22,13.143204260372908
4988,2020-07-27 20:00:00,8951.66,13.417190890053675
4989,2020-07-27 21:00:00,8965.13,13.428496489556798
4990,2020-07-27 22:00:00,9009.78,13.465971991992916
4991,2020-07-27 23:00:00,9192.69,13.619491457851602
4992,2020-07-28 00:00:00,9015.89,13.471100218642068
4993,2020-07-28 01:00:00,8918.22,13.389124130782369
4994,2020-07-28 02:00:00,8839.43,13.322994347200249
4995,2020-07-28 03:00:00,8705.8,13.21083642132033
4996,2020-07-28 04:00:00,8712.32,13.216308767924662
4997,2020-07-28 05:00:00,8735.85,13.236057896084167
4998,2020-07-28 06:00:00,8123.96,12.722488239071044
4999,2020-07-28 07:00:00,8046.92,12.657827260175669
5000,2020-07-28 08:00:00,8355.45,12.916781723033797
5001,2020-07-28 09:00:00,8608.31,13.129011410514124
5002,2020-07-28 10:00:00,8791.42,13.282698739765578
5003,2020-07-28 11:00:00,8907.99,13.380537918242133
5004,2020-07-28 12:00:00,9524.03,13.897590740655255
5005,2020-07-28 13:00:00,9670.2,14.020273701261914
5006,2020-07-28 14:00:00,9823.64,14.149058496195796
5007,2020-07-28 15:00:00,9521.14,13.895165114629714
5008,2020-07-28 16:00:00,9135.95,13.57186861332248
5009,2020-07-28 17:00:00,8733.33,13.233942817335253
5010,2020-07-28 18:00:00,8965.43,13.428748284645955
5011,2020-07-28 19:00:00,9345.65,13.747873380642833
5012,2020-07-28 20:00:00,9745.83,14.083751243238254
5013,2020-07-28 21:00:00,8927.56,13.396963351224773
5014,2020-07-28 22:00:00,9633.14,13.989168614581454
5015,2020-07-28 23:00:00,9807.11,14.135184586783277
5016,2020-07-29 00:00:00,9679.21,14.027835947106244
5017,2020-07-29 01:00:00,9660.72,14.01231697644457
5018,2020-07-29 02:00:00,9412.87,13.804292266953155
5019,2020-07-29 03:00:00,9166.03,13.597115267595232
5020,2020-07-29 04:00:00,9251.88,13.669170628942165
5021,2020-07-29 05:00:00,9100.21,13.541871425034307
5022,2020-07-29 06:00:00,8205.49,12.790917751134128
5023,2020-07-29 07:00:00,8074.65,12.681101519583363
5024,2020-07-29 08:00:00,8479.83,13.021175966998058
5025,2020-07-29 09:00:00,8751.9,13.249528933354036
5026,2020-07-29 10:00:00,8845.48,13.32807221483157
5027,2020-07-29 11:00:00,8968.92,13.431677500849808
5028,2020-07-29 12:00:00,9477.16,13.858251954559378
5029,2020-07-29 13:00:00,9709.05,14.05288116530767
5030,2020-07-29 14:00:00,9545.09,13.915266755914036
5031,2020-07-29 15:00:00,9265.21,13.680358724070352
5032,2020-07-29 16:00:00,8585.16,13.109581222800884
5033,2020-07-29 17:00:00,7899.73,12.534288196265878
5034,2020-07-29 18:00:00,7877.75,12.51584000940035
5035,2020-07-29 19:00:00,8131.75,12.729026518219474
5036,2020-07-29 20:00:00,8260.09,12.8367444573606
5037,2020-07-29 21:00:00,8343.63,12.906860996521031
5038,2020-07-29 22:00:00,8336.93,12.901237572863204
5039,2020-07-29 23:00:00,8198.73,12.785243968458468
5040,2020-07-30 00:00:00,8104.29,12.70597887439202
5041,2020-07-30 01:00:00,8109.82,12.710620297202137
5042,2020-07-30 02:00:00,7976.62,12.598823277616676
5043,2020-07-30 03:00:00,7684.5,12.353642006135406
5044,2020-07-30 04:00:00,7530.5,12.224387193701766
5045,2020-07-30 05:00:00,7270.66,12.00629907381373
5046,2020-07-30 06:00:00,6324.65,11.212296832837437
5047,2020-07-30 07:00:00,6235.83,11.137748700107853
5048,2020-07-30 08:00:00,6177.13,11.088480794329573
5049,2020-07-30 09:00:00,6431.1,11.301642123639782
5050,2020-07-30 10:00:00,6653.46,11.488272643722539
5051,2020-07-30 11:00:00,6368.21,11.248857479782952
5052,2020-07-30 12:00:00,6618.85,11.459223883603524
5053,2020-07-30 13:00:00,6615.5,11.456412171774609
5054,2020-07-30 14:00:00,6699.05,11.52653710410468
5055,2020-07-30 15:00:00,6152.86,11.068110571616817
5056,2020-07-30 16:00:00,6041.77,10.974870850102187
5057,2020-07-30 17:00:00,6630.8,11.46925372132159
5058,2020-07-30 18:00:00,7220.27,11.964005892005087
5059,2020-07-30 19:00:00,7648.29,12.323250338874224
5060,2020-07-30 20:00:00,7884.68,12.521656475959865
5061,2020-07-30 21:00:00,7936.58,12.565217026383928
5062,2020-07-30 22:00:00,7905.97,12.539525534120333
5063,2020-07-30 23:00:00,7790.68,12.442760681357512
5064,2020-07-31 00:00:00,7777.44,12.431648124756073
5065,2020-07-31 01:00:00,7573.96,12.260863908950896
5066,2020-07-31 02:00:00,7398.38,12.113496636437269
5067,2020-07-31 03:00:00,7153.76,11.908182920739103
5068,2020-07-31 04:00:00,7062.43,11.831528102430243
5069,2020-07-31 05:00:00,6915.95,11.708584953564788
5070,2020-07-31 06:00:00,6216.87,11.121835250473165
5071,2020-07-31 07:00:00,5906.55,10.861378410249738
5072,2020-07-31 08:00:00,6314.7,11.20394562904708
5073,2020-07-31 09:00:00,6655.54,11.490018423007356
5074,2020-07-31 10:00:00,7139.45,11.89617229498634
5075,2020-07-31 11:00:00,7455.1,12.161102694627113
5076,2020-07-31 12:00:00,7905.79,12.539374457066838
5077,2020-07-31 13:00:00,8122.09,12.720918716348635
5078,2020-07-31 14:00:00,8384.32,12.941012803780284
5079,2020-07-31 15:00:00,8110.26,12.710989596666234
5080,2020-07-31 16:00:00,7669.56,12.341102610695415
5081,2020-07-31 17:00:00,7654.38,12.3283617791841
5082,2020-07-31 18:00:00,7839.84,12.484021503300614
5083,2020-07-31 19:00:00,8467.86,13.011129342940716
5084,2020-07-31 20:00:00,8675.93,13.185766023609986
5085,2020-07-31 21:00:00,8801.03,13.290764575788224
5086,2020-07-31 22:00:00,8716.85,13.220110873770926
5087,2020-07-31 23:00:00,8643.1,13.158211247686634
5088,2020-08-01 00:00:00,8498.9,13.037181741498769
5089,2020-08-01 01:00:00,8102.98,12.704879369169369
5090,2020-08-01 02:00:00,7951.39,12.57764731061862
5091,2020-08-01 03:00:00,7755.8,12.413485305658256
5092,2020-08-01 04:00:00,7649.83,12.324542886998561
5093,2020-08-01 05:00:00,7623.27,12.302250628438578
5094,2020-08-01 06:00:00,6712.62,11.537926635304188
5095,2020-08-01 07:00:00,6589.53,11.4346151102233
5096,2020-08-01 08:00:00,6913.93,11.706889533297803
5097,2020-08-01 09:00:00,7352.59,12.075064312662356
5098,2020-08-01 10:00:00,7723.13,12.386064820449118
5099,2020-08-01 11:00:00,7871.6,12.510678210072644
5100,2020-08-01 12:00:00,8172.55,12.76327065034475
5101,2020-08-01 13:00:00,8127.23,12.725232805542849
5102,2020-08-01 14:00:00,8072.07,12.678936081816618
5103,2020-08-01 15:00:00,7741.94,12.401852372539228
5104,2020-08-01 16:00:00,7306.45,12.036338227950093
5105,2020-08-01 17:00:00,7172.85,11.92420548157909
5106,2020-08-01 18:00:00,7621.06,12.300395737948458
5107,2020-08-01 19:00:00,8214.53,12.798505176487375
5108,2020-08-01 20:00:00,8525.56,13.059557931755137
5109,2020-08-01 21:00:00,8470.55,13.013387105573484
5110,2020-08-01 22:00:00,8435.73,12.98416208889206
5111,2020-08-01 23:00:00,8425.19,12.97531568809303
5112,2020-08-02 00:00:00,8366.52,12.926072961823667
5113,2020-08-02 01:00:00,8100.7,12.702965726491781
5114,2020-08-02 02:00:00,7905.19,12.538870866888526
5115,2020-08-02 03:00:00,7703.7,12.36975689184142
5116,2020-08-02 04:00:00,7754.77,12.412620809185485
5117,2020-08-02 05:00:00,7801.69,12.452001561129553
5118,2020-08-02 06:00:00,6770.35,11.586380403627528
5119,2020-08-02 07:00:00,6509.23,11.367217958025758
5120,2020-08-02 08:00:00,6598.91,11.442487903344258
5121,2020-08-02 09:00:00,6873.2,11.672704153359994
5122,2020-08-02 10:00:00,7109.61,11.871127076784912
5123,2020-08-02 11:00:00,7256.98,11.994817217748196
5124,2020-08-02 12:00:00,8060.06,12.66885588508072
5125,2020-08-02 13:00:00,8195.7,12.78270083805799
5126,2020-08-02 14:00:00,8298.57,12.869041374129733
5127,2020-08-02 15:00:00,7827.32,12.47351325491315
5128,2020-08-02 16:00:00,7353.78,12.076063099849343
5129,2020-08-02 17:00:00,7443.28,12.151181968114347
5130,2020-08-02 18:00:00,7659.35,12.332533184494459
5131,2020-08-02 19:00:00,8096.38,12.69933987720793
5132,2020-08-02 20:00:00,8470.62,13.013445857760955
5133,2020-08-02 21:00:00,8664.36,13.176055126338188
5134,2020-08-02 22:00:00,8714.12,13.217819538459603
5135,2020-08-02 23:00:00,8661.68,13.173805756875055
5136,2020-08-03 00:00:00,8746.36,13.244879117374282
5137,2020-08-03 01:00:00,8324.66,12.890939153716705
5138,2020-08-03 02:00:00,8261.49,12.837919501109997
5139,2020-08-03 03:00:00,8063.34,12.671608844722165
5140,2020-08-03 04:00:00,8060.12,12.668906244098553
5141,2020-08-03 05:00:00,8018.01,12.633562606750626
5142,2020-08-03 06:00:00,6852.95,11.655707984841936
5143,2020-08-03 07:00:00,6756.95,11.575133556311872
5144,2020-08-03 08:00:00,6926.63,11.717548858738759
5145,2020-08-03 09:00:00,7171.13,11.92276185640126
5146,2020-08-03 10:00:00,7521.7,12.217001204419843
5147,2020-08-03 11:00:00,7763.76,12.42016626869054
5148,2020-08-03 12:00:00,8161.34,12.753861907179937
5149,2020-08-03 13:00:00,8408.09,12.960963368011113
5150,2020-08-03 14:00:00,8476.29,13.018204784946011
5151,2020-08-03 15:00:00,8025.95,12.640226783443634
5152,2020-08-03 16:00:00,7684.88,12.353960946581672
5153,2020-08-03 17:00:00,7573.62,12.260578541183186
5154,2020-08-03 18:00:00,7935.21,12.564067162143449
5155,2020-08-03 19:00:00,8202.07,12.788047287117744
5156,2020-08-03 20:00:00,8665.85,13.17730570861433
5157,2020-08-03 21:00:00,8742.23,13.24141273831356
5158,2020-08-03 22:00:00,8767.58,13.262689423347279
5159,2020-08-03 23:00:00,8687.64,13.195594425256726
5160,2020-08-04 00:00:00,8688.03,13.195921758872629
5161,2020-08-04 01:00:00,8467.94,13.011196488297823
5162,2020-08-04 02:00:00,8276.98,12.850920520880107
5163,2020-08-04 03:00:00,8135.61,12.732266281699953
5164,2020-08-04 04:00:00,8177.43,12.767366517128362
5165,2020-08-04 05:00:00,8086.08,12.690694912480224
5166,2020-08-04 06:00:00,6991.96,11.772381435987393
5167,2020-08-04 07:00:00,6716.48,11.541166398784668
5168,2020-08-04 08:00:00,7119.67,11.879570605441291
5169,2020-08-04 09:00:00,7397.71,12.112934294071485
5170,2020-08-04 10:00:00,7610.59,12.291608089336897
5171,2020-08-04 11:00:00,7764.91,12.421131483198973
5172,2020-08-04 12:00:00,8623.29,13.141584378632668
5173,2020-08-04 13:00:00,8812.33,13.300248857479783
5174,2020-08-04 14:00:00,9017.27,13.47225847605219
5175,2020-08-04 15:00:00,8661.77,13.173881295401802
5176,2020-08-04 16:00:00,8291.38,12.863006685159617
5177,2020-08-04 17:00:00,8148.39,12.742992752498019
5178,2020-08-04 18:00:00,8624.7,13.142767815551704
5179,2020-08-04 19:00:00,8951.02,13.416653727196808
5180,2020-08-04 20:00:00,9544.93,13.915132465199822
5181,2020-08-04 21:00:00,9522.41,13.89623104717381
5182,2020-08-04 22:00:00,9394.6,13.788957946023526
5183,2020-08-04 23:00:00,9304.33,13.713192803696352
5184,2020-08-05 00:00:00,9176.38,13.605802198171128
5185,2020-08-05 01:00:00,9036.45,13.488356575418925
5186,2020-08-05 02:00:00,8893.46,13.368342642757323
5187,2020-08-05 03:00:00,8757.23,13.254002492771383
5188,2020-08-05 04:00:00,8729.5,13.230728233363688
5189,2020-08-05 05:00:00,8685.9,13.194134013739617
5190,2020-08-05 06:00:00,7735.83,12.396724145890076
5191,2020-08-05 07:00:00,7339.94,12.064446953069591
5192,2020-08-05 08:00:00,7671.46,12.34269731292674
5193,2020-08-05 09:00:00,8300.48,12.870644469530696
5194,2020-08-05 10:00:00,8833.42,13.31795005224748
5195,2020-08-05 11:00:00,8563.22,13.09116660861391
5196,2020-08-05 12:00:00,8762.11,13.258098359554996
5197,2020-08-05 13:00:00,8591.52,13.114919278691001
5198,2020-08-05 14:00:00,8760.18,13.256478477814754
5199,2020-08-05 15:00:00,8630.85,13.147929614879413
5200,2020-08-05 16:00:00,8229.98,12.811472623578931
5201,2020-08-05 17:00:00,8168.04,12.759485330837764
5202,2020-08-05 18:00:00,8548.28,13.07862721317392
5203,2020-08-05 19:00:00,8906.17,13.379010361367918
5204,2020-08-05 20:00:00,9312.88,13.720368963737311
5205,2020-08-05 21:00:00,9499.81,13.877262483790691
5206,2020-08-05 22:00:00,9409.58,13.80153091414207
5207,2020-08-05 23:00:00,9356.38,13.756879251664994
5208,2020-08-06 00:00:00,9234.38,13.654482582074706
5209,2020-08-06 01:00:00,9116.48,13.555527112036224
5210,2020-08-06 02:00:00,8907.02,13.379723780787195
5211,2020-08-06 03:00:00,8744.73,13.243511030723198
5212,2020-08-06 04:00:00,8846.89,13.329255651750605
5213,2020-08-06 05:00:00,8799.24,13.289262198422923
5214,2020-08-06 06:00:00,7861.94,12.502570408201805
5215,2020-08-06 07:00:00,7611.96,12.292757953577379
5216,2020-08-06 08:00:00,7908.47,12.541623826529971
5217,2020-08-06 09:00:00,8433.74,12.98249184813399
5218,2020-08-06 10:00:00,8629.93,13.147157443272665
5219,2020-08-06 11:00:00,8670.6,13.18129246419264
5220,2020-08-06 12:00:00,8895.02,13.369651977220938
5221,2020-08-06 13:00:00,8859.09,13.339495318709634
5222,2020-08-06 14:00:00,9000.82,13.458451711996776
5223,2020-08-06 15:00:00,9008.42,13.464830520922074
5224,2020-08-06 16:00:00,8804.93,13.294037911947257
5225,2020-08-06 17:00:00,8348.48,12.910931683795727
5226,2020-08-06 18:00:00,8184.19,12.77304029980402
5227,2020-08-06 19:00:00,8722.24,13.224634792206103
5228,2020-08-06 20:00:00,8773.55,13.267700145621493
5229,2020-08-06 21:00:00,9061.34,13.509247174649271
5230,2020-08-06 22:00:00,9119.87,13.558372396543692
5231,2020-08-06 23:00:00,9107.28,13.547805395968762
5232,2020-08-07 00:00:00,9185.41,13.613381230354737
5233,2020-08-07 01:00:00,8928.81,13.39801249742959
5234,2020-08-07 02:00:00,8730.23,13.231340934747301
5235,2020-08-07 03:00:00,8484.37,13.024986466013958
5236,2020-08-07 04:00:00,8429.97,12.979327623180255
5237,2020-08-07 05:00:00,8401.28,12.955247619487263
5238,2020-08-07 06:00:00,7586.24,12.271170721267033
5239,2020-08-07 07:00:00,7475.23,12.177998145109509
5240,2020-08-07 08:00:00,7655.96,12.32968789998699
5241,2020-08-07 09:00:00,7957.3,12.582607673875
5242,2020-08-07 10:00:00,8290.6,12.862352017927812
5243,2020-08-07 11:00:00,8433.18,12.982021830634231
5244,2020-08-07 12:00:00,9014.7,13.470101431455083
5245,2020-08-07 13:00:00,8969.87,13.432474851965472
5246,2020-08-07 14:00:00,9201.28,13.626701190571115
5247,2020-08-07 15:00:00,9029.17,13.482246347922061
5248,2020-08-07 16:00:00,8524.15,13.058374494836102
5249,2020-08-07 17:00:00,8459.41,13.00403711459614
5250,2020-08-07 18:00:00,8732.93,13.233607090549711
5251,2020-08-07 19:00:00,9065.66,13.512873023933123
5252,2020-08-07 20:00:00,9254.62,13.671470357423129
5253,2020-08-07 21:00:00,9449.78,13.835271456089036
5254,2020-08-07 22:00:00,9349.93,13.751465657248133
5255,2020-08-07 23:00:00,9578.61,13.943400660542451
5256,2020-08-08 00:00:00,9136.22,13.572095228902718
5257,2020-08-08 01:00:00,9300.48,13.70996143338551
5258,2020-08-08 02:00:00,9160.87,13.592784392061741
5259,2020-08-08 03:00:00,8904.6,13.377692633734668
5260,2020-08-08 04:00:00,9012.28,13.468070284402554
5261,2020-08-08 05:00:00,9003.97,13.46109556043292
5262,2020-08-08 06:00:00,7977.71,12.599738133107277
5263,2020-08-08 07:00:00,8127.78,12.72569442987297
5264,2020-08-08 08:00:00,8214.1,12.798144270192918
5265,2020-08-08 09:00:00,8602.77,13.124361594534369
5266,2020-08-08 10:00:00,9126.02,13.563534195871402
5267,2020-08-08 11:00:00,8936.12,13.404147904435371
5268,2020-08-08 12:00:00,9294.48,13.704925531602381
5269,2020-08-08 13:00:00,9728.26,14.069004444183324
5270,2020-08-08 14:00:00,10037.04,14.328168736282414
5271,2020-08-08 15:00:00,9703.79,14.048466358077796
5272,2020-08-08 16:00:00,9093.98,13.536642480349492
5273,2020-08-08 17:00:00,9027.0,13.480425030110496
5274,2020-08-08 18:00:00,8346.19,12.909009647948501
5275,2020-08-08 19:00:00,8715.34,13.218843505155505
5276,2020-08-08 20:00:00,8777.5,13.27101544762872
5277,2020-08-08 21:00:00,8500.85,13.038818409578287
5278,2020-08-08 22:00:00,8796.13,13.286651922665335
5279,2020-08-08 23:00:00,9611.62,13.971106513519299
5280,2020-08-09 00:00:00,9175.12,13.604744658796672
5281,2020-08-09 01:00:00,9083.67,13.527989122452148
5282,2020-08-09 02:00:00,9399.19,13.79281041088762
5283,2020-08-09 03:00:00,9266.97,13.681835921926735
5284,2020-08-09 04:00:00,9407.54,13.799818707535808
5285,2020-08-09 05:00:00,9314.38,13.721627939183092
5286,2020-08-09 06:00:00,8087.82,12.69215532399733
5287,2020-08-09 07:00:00,8383.7,12.940492427262694
5288,2020-08-09 08:00:00,8075.54,12.681848511681194
5289,2020-08-09 09:00:00,8566.2,13.093667773166198
5290,2020-08-09 10:00:00,9146.67,13.580866091175002
5291,2020-08-09 11:00:00,9321.66,13.727738166679956
5292,2020-08-09 12:00:00,9365.42,13.764466677018243
5293,2020-08-09 13:00:00,9272.04,13.68609125893348
5294,2020-08-09 14:00:00,9133.86,13.570114440868021
5295,2020-08-09 15:00:00,8484.24,13.024877354808655
5296,2020-08-09 16:00:00,7727.28,12.389547985849116
5297,2020-08-09 17:00:00,7475.32,12.178073683636256
5298,2020-08-09 18:00:00,7785.03,12.438018540511731
5299,2020-08-09 19:00:00,8388.0,12.94410149020727
5300,2020-08-09 20:00:00,8701.78,13.207462367125633
5301,2020-08-09 21:00:00,9078.76,13.523868076159623
5302,2020-08-09 22:00:00,9106.47,13.547125549228038
5303,2020-08-09 23:00:00,8921.13,13.391566543147185
5304,2020-08-10 00:00:00,8825.28,13.311118012161703
5305,2020-08-10 01:00:00,8653.86,13.167242298217712
5306,2020-08-10 02:00:00,8456.39,13.001502377365298
5307,2020-08-10 03:00:00,8162.16,12.754550147090299
5308,2020-08-10 04:00:00,8079.38,12.685071488822397
5309,2020-08-10 05:00:00,8195.39,12.782440649799193
5310,2020-08-10 06:00:00,7144.14,11.90010869154682
5311,2020-08-10 07:00:00,7326.58,12.053233678432491
5312,2020-08-10 08:00:00,7490.77,12.191041130727815
5313,2020-08-10 09:00:00,7856.09,12.497660403963256
5314,2020-08-10 10:00:00,8269.72,12.84482707972252
5315,2020-08-10 11:00:00,8503.63,13.0411517107378
5316,2020-08-10 12:00:00,8976.77,13.438266139016068
5317,2020-08-10 13:00:00,9194.14,13.62070846744919
5318,2020-08-10 14:00:00,9360.19,13.760077049297283
5319,2020-08-10 15:00:00,8799.04,13.289094335030153
5320,2020-08-10 16:00:00,8443.26,12.990482145629887
5321,2020-08-10 17:00:00,8238.62,12.818724322146638
5322,2020-08-10 18:00:00,8570.57,13.097335588298243
5323,2020-08-10 19:00:00,8932.85,13.401403337963565
5324,2020-08-10 20:00:00,9059.89,13.50803016505168
5325,2020-08-10 21:00:00,8694.12,13.201033199182506
5326,2020-08-10 22:00:00,9017.99,13.472862784266164
5327,2020-08-10 23:00:00,9059.86,13.508004985542765
5328,2020-08-11 00:00:00,8919.36,13.390080952121163
5329,2020-08-11 01:00:00,8673.78,13.183961492137698
5330,2020-08-11 02:00:00,8588.17,13.112107566862088
5331,2020-08-11 03:00:00,8387.46,12.943648259046787
5332,2020-08-11 04:00:00,8384.05,12.940786188200043
5333,2020-08-11 05:00:00,8319.19,12.88634808992442
5334,2020-08-11 06:00:00,7243.44,11.983452866057602
5335,2020-08-11 07:00:00,7203.53,11.949955726030156
5336,2020-08-11 08:00:00,7389.5,12.106043501798236
5337,2020-08-11 09:00:00,7724.67,12.387357368573454
5338,2020-08-11 10:00:00,8084.95,12.689746484311067
5339,2020-08-11 11:00:00,8283.88,12.856711807930704
5340,2020-08-11 12:00:00,8902.01,13.375518802798283
5341,2020-08-11 13:00:00,8994.22,13.452912220035333
5342,2020-08-11 14:00:00,9189.61,13.616906361602929
5343,2020-08-11 15:00:00,8709.33,13.213799210202737
5344,2020-08-11 16:00:00,8110.12,12.710872092291293
5345,2020-08-11 17:00:00,7874.69,12.513271699490954
5346,2020-08-11 18:00:00,8240.91,12.820646357993866
5347,2020-08-11 19:00:00,8826.79,13.312385380777124
5348,2020-08-11 20:00:00,9021.58,13.475875932166403
5349,2020-08-11 21:00:00,9175.3,13.604895735850164
5350,2020-08-11 22:00:00,9118.51,13.557230925472851
5351,2020-08-11 23:00:00,9039.88,13.491235432604945
5352,2020-08-12 00:00:00,9072.09,13.51826983201071
5353,2020-08-12 01:00:00,8747.07,13.245475032418618
5354,2020-08-12 02:00:00,8463.07,13.00710901468385
5355,2020-08-12 03:00:00,8117.02,12.716663379341892
5356,2020-08-12 04:00:00,8158.4,12.751394315306204
5357,2020-08-12 05:00:00,8124.38,12.722840752195864
5358,2020-08-12 06:00:00,7137.08,11.894183113782004
5359,2020-08-12 07:00:00,7197.0,11.944474986256186
5360,2020-08-12 08:00:00,6988.33,11.7693347154086
5361,2020-08-12 09:00:00,7347.83,12.071069163914405
5362,2020-08-12 10:00:00,7856.34,12.497870233204218
5363,2020-08-12 11:00:00,8161.56,12.754046556911986
5364,2020-08-12 12:00:00,8729.05,13.230350540729955
5365,2020-08-12 13:00:00,9001.61,13.459114772398223
5366,2020-08-12 14:00:00,9245.53,13.66384096622169
5367,2020-08-12 15:00:00,8914.21,13.38575846975731
5368,2020-08-12 16:00:00,7934.76,12.563689469509713
5369,2020-08-12 17:00:00,7880.21,12.517904729131434
5370,2020-08-12 18:00:00,8330.91,12.896184884740798
5371,2020-08-12 19:00:00,8870.29,13.34889566870481
5372,2020-08-12 20:00:00,9270.94,13.685168010273241
5373,2020-08-12 21:00:00,9239.57,13.658838637117114
5374,2020-08-12 22:00:00,8983.58,13.44398188753992
5375,2020-08-12 23:00:00,8591.96,13.115288578155097
5376,2020-08-13 00:00:00,8483.51,13.024264653425043
5377,2020-08-13 01:00:00,8279.24,12.852817377218418
5378,2020-08-13 02:00:00,8001.45,12.61966351782919
5379,2020-08-13 03:00:00,7430.51,12.140463890485922
5380,2020-08-13 04:00:00,6858.35,11.660240296446752
5381,2020-08-13 05:00:00,6635.49,11.473190117882067
5382,2020-08-13 06:00:00,5676.5,10.668293542714938
5383,2020-08-13 07:00:00,5762.93,10.74083570790091
5384,2020-08-13 08:00:00,5679.14,10.670509339499516
5385,2020-08-13 09:00:00,6087.6,11.013336746555654
5386,2020-08-13 10:00:00,6321.26,11.20945154832997
5387,2020-08-13 11:00:00,6418.38,11.290966011859549
5388,2020-08-13 12:00:00,6921.09,11.712899042759002
5389,2020-08-13 13:00:00,7033.52,11.8072634490052
5390,2020-08-13 14:00:00,7221.6,11.965122183567013
5391,2020-08-13 15:00:00,7008.39,11.786171413703528
5392,2020-08-13 16:00:00,6458.9,11.324975135234945
5393,2020-08-13 17:00:00,6453.81,11.320703011888925
5394,2020-08-13 18:00:00,7031.29,11.805391772175803
5395,2020-08-13 19:00:00,7658.72,12.33200441480723
5396,2020-08-13 20:00:00,7845.15,12.488478276378682
5397,2020-08-13 21:00:00,7966.87,12.590639937219091
5398,2020-08-13 22:00:00,7919.94,12.551250792105385
5399,2020-08-13 23:00:00,7730.37,12.392141475267428
5400,2020-08-14 00:00:00,7630.01,12.307907624774959
5401,2020-08-14 01:00:00,7383.05,12.100629907381373
5402,2020-08-14 02:00:00,7168.93,11.92091535908078
5403,2020-08-14 03:00:00,6971.79,11.755452412826441
5404,2020-08-14 04:00:00,6919.25,11.71135469954551
5405,2020-08-14 05:00:00,6916.12,11.708727637448645
5406,2020-08-14 06:00:00,5990.17,10.931562094767278
5407,2020-08-14 07:00:00,5986.56,10.928532160527762
5408,2020-08-14 08:00:00,6181.71,11.092324866024029
5409,2020-08-14 09:00:00,6696.6,11.524480777543236
5410,2020-08-14 10:00:00,7142.67,11.898874895609953
5411,2020-08-14 11:00:00,7208.56,11.954177490358347
5412,2020-08-14 12:00:00,7699.94,12.366601060057324
5413,2020-08-14 13:00:00,7692.39,12.360264216980223
5414,2020-08-14 14:00:00,8052.34,12.662376358119761
5415,2020-08-14 15:00:00,7806.33,12.455895991841839
5416,2020-08-14 16:00:00,6994.68,11.774664378129078
5417,2020-08-14 17:00:00,7151.85,11.90657982533814
5418,2020-08-14 18:00:00,7686.35,12.355194742518538
5419,2020-08-14 19:00:00,8189.09,12.777152952926908
5420,2020-08-14 20:00:00,8400.27,12.954399909353768
5421,2020-08-14 21:00:00,8473.7,13.016030954009628
5422,2020-08-14 22:00:00,8318.52,12.885785747558637
5423,2020-08-14 23:00:00,8303.18,12.872910625333105
5424,2020-08-15 00:00:00,8182.04,12.771235768331731
5425,2020-08-15 01:00:00,7948.41,12.57514614606633
5426,2020-08-15 02:00:00,7725.93,12.388414907947912
5427,2020-08-15 03:00:00,7510.22,12.20736584567479
5428,2020-08-15 04:00:00,7461.94,12.16684362265988
5429,2020-08-15 05:00:00,7324.22,12.051252890397794
5430,2020-08-15 06:00:00,6426.54,11.297814838284605
5431,2020-08-15 07:00:00,6460.07,11.325957136082657
5432,2020-08-15 08:00:00,6454.31,11.321122670370853
5433,2020-08-15 09:00:00,6355.65,11.238315658716935
5434,2020-08-15 10:00:00,6842.77,11.647163738149894
5435,2020-08-15 11:00:00,6979.43,11.761864794430293
5436,2020-08-15 12:00:00,7335.49,12.060711992580437
5437,2020-08-15 13:00:00,7350.79,12.073553542127417
5438,2020-08-15 14:00:00,7430.97,12.140849976289296
5439,2020-08-15 15:00:00,7156.12,11.9101637087738
5440,2020-08-15 16:00:00,6902.47,11.697270960892027
5441,2020-08-15 17:00:00,6709.85,11.535601727314312
5442,2020-08-15 18:00:00,7140.05,11.896675885164653
5443,2020-08-15 19:00:00,7938.92,12.56718102807935
5444,2020-08-15 20:00:00,8326.2,12.892231701841043
5445,2020-08-15 21:00:00,8470.18,13.01307655829686
5446,2020-08-15 22:00:00,8457.93,13.002794925489637
5447,2020-08-15 23:00:00,8370.38,12.929312725304147
5448,2020-08-16 00:00:00,8289.97,12.861823248240581
5449,2020-08-16 01:00:00,8048.33,12.659010697094704
5450,2020-08-16 02:00:00,7821.44,12.468578071165684
5451,2020-08-16 03:00:00,7585.77,12.270776242294023
5452,2020-08-16 04:00:00,7523.44,12.218461615936949
5453,2020-08-16 05:00:00,7312.15,12.041122334644067
5454,2020-08-16 06:00:00,6420.23,11.29251874824268
5455,2020-08-16 07:00:00,6584.19,11.430133157636316
5456,2020-08-16 08:00:00,6573.4,11.42107692759632
5457,2020-08-16 09:00:00,6710.97,11.53654176231383
5458,2020-08-16 10:00:00,6985.66,11.767093739115108
5459,2020-08-16 11:00:00,7074.02,11.84125578604132
5460,2020-08-16 12:00:00,7726.87,12.389203865893936
5461,2020-08-16 13:00:00,7905.05,12.538753362513587
5462,2020-08-16 14:00:00,8118.69,12.71806503867153
5463,2020-08-16 15:00:00,7766.88,12.422784937617767
5464,2020-08-16 16:00:00,7136.47,11.893671130434054
5465,2020-08-16 17:00:00,7072.65,11.840105921800838
5466,2020-08-16 18:00:00,7637.31,12.314034638611098
5467,2020-08-16 19:00:00,8405.6,12.958873468771113
5468,2020-08-16 20:00:00,8374.06,12.932401411731133
5469,2020-08-16 21:00:00,8629.26,13.146595100906882
5470,2020-08-16 22:00:00,8552.6,13.082253062457772
5471,2020-08-16 23:00:00,8487.16,13.027328160343114
5472,2020-08-17 00:00:00,8647.84,13.162189610095304
5473,2020-08-17 01:00:00,8467.23,13.010600573253486
5474,2020-08-17 02:00:00,8278.52,12.852213069004446
5475,2020-08-17 03:00:00,8112.87,12.713180213941893
5476,2020-08-17 04:00:00,8103.8,12.705567609079731
5477,2020-08-17 05:00:00,7913.23,12.545618975277918
5478,2020-08-17 06:00:00,6973.24,11.756669422424032
5479,2020-08-17 07:00:00,7134.48,11.89200088967598
5480,2020-08-17 08:00:00,7437.72,12.146515365795317
5481,2020-08-17 09:00:00,7646.91,12.322092081464104
5482,2020-08-17 10:00:00,8073.32,12.679985228021437
5483,2020-08-17 11:00:00,8122.73,12.721455879205502
5484,2020-08-17 12:00:00,8626.66,13.14441287680086
5485,2020-08-17 13:00:00,8626.87,13.144589133363269
5486,2020-08-17 14:00:00,8829.07,13.314299023454712
5487,2020-08-17 15:00:00,8489.57,13.029350914226002
5488,2020-08-17 16:00:00,8059.85,12.668679628518312
5489,2020-08-17 17:00:00,7836.38,12.481117466605676
5490,2020-08-17 18:00:00,8354.89,12.916311705534035
5491,2020-08-17 19:00:00,8787.38,13.279307899231604
5492,2020-08-17 20:00:00,8866.07,13.34535375111734
5493,2020-08-17 21:00:00,8976.32,13.437888446382335
5494,2020-08-17 22:00:00,9034.88,13.487038847785671
5495,2020-08-17 23:00:00,8794.8,13.285535631103407
5496,2020-08-18 00:00:00,8790.62,13.282027286194495
5497,2020-08-18 01:00:00,8738.55,13.238324051886575
5498,2020-08-18 02:00:00,8561.28,13.089538333704033
5499,2020-08-18 03:00:00,8253.24,12.830995136158194
5500,2020-08-18 04:00:00,8075.8,12.682066734091796
5501,2020-08-18 05:00:00,7759.76,12.41680900083512
5502,2020-08-18 06:00:00,6924.7,11.71592897699852
5503,2020-08-18 07:00:00,7156.07,11.910121742925607
5504,2020-08-18 08:00:00,7428.39,12.13868453852255
5505,2020-08-18 09:00:00,7362.89,12.08370927739006
5506,2020-08-18 10:00:00,7717.91,12.381683585897797
5507,2020-08-18 11:00:00,7781.67,12.435198435513179
5508,2020-08-18 12:00:00,8777.42,13.270948302271613
5509,2020-08-18 13:00:00,8757.84,13.254514476119335
5510,2020-08-18 14:00:00,8752.08,13.24968001040753
5511,2020-08-18 15:00:00,8356.8,12.917914800934998
5512,2020-08-18 16:00:00,7967.51,12.591177100075958
5513,2020-08-18 17:00:00,7512.76,12.209497710762982
5514,2020-08-18 18:00:00,7762.63,12.419217840521384
5515,2020-08-18 19:00:00,8482.31,13.023257473068416
5516,2020-08-18 20:00:00,8764.05,13.259726634464872
5517,2020-08-18 21:00:00,8723.53,13.225717511089476
5518,2020-08-18 22:00:00,8789.0,13.280667592713051
5519,2020-08-18 23:00:00,8602.67,13.124277662837983
5520,2020-08-19 00:00:00,8439.15,12.987032552908442
5521,2020-08-19 01:00:00,8167.94,12.759401399141378
5522,2020-08-19 02:00:00,7809.77,12.4587832421975
5523,2020-08-19 03:00:00,7598.23,12.281234131663652
5524,2020-08-19 04:00:00,7560.21,12.249323300697892
5525,2020-08-19 05:00:00,7277.08,12.011687488721678
5526,2020-08-19 06:00:00,6362.26,11.243863543848017
5527,2020-08-19 07:00:00,6151.65,11.067094998090553
5528,2020-08-19 08:00:00,6490.24,11.351279328882155
5529,2020-08-19 09:00:00,6813.28,11.622412280885815
5530,2020-08-19 10:00:00,6918.26,11.710523775751295
5531,2020-08-19 11:00:00,6884.4,11.68210450335517
5532,2020-08-19 12:00:00,7013.04,11.790074237585454
5533,2020-08-19 13:00:00,6690.08,11.519008430938902
5534,2020-08-19 14:00:00,6243.82,11.14445484264905
5535,2020-08-19 15:00:00,5938.26,10.887993151173575
5536,2020-08-19 16:00:00,5798.83,10.770967186903299
5537,2020-08-19 17:00:00,5719.38,10.704283454125033
5538,2020-08-19 18:00:00,6118.33,11.039128956854912
5539,2020-08-19 19:00:00,6852.37,11.6552211810029
5540,2020-08-19 20:00:00,7014.1,11.79096391356714
5541,2020-08-19 21:00:00,7044.63,11.816588260473626
5542,2020-08-19 22:00:00,6872.35,11.671990733940719
5543,2020-08-19 23:00:00,6699.04,11.526528710935041
5544,2020-08-20 00:00:00,6541.61,11.394395041315377
5545,2020-08-20 01:00:00,6277.02,11.172320165849033
5546,2020-08-20 02:00:00,6006.33,10.945125456903172
5547,2020-08-20 03:00:00,5716.38,10.701765503233469
5548,2020-08-20 04:00:00,5435.54,10.466051727104482
5549,2020-08-20 05:00:00,5323.2,10.371762859385033
5550,2020-08-20 06:00:00,4753.82,9.893872566505378
5551,2020-08-20 07:00:00,4487.81,9.670605860950358
5552,2020-08-20 08:00:00,4595.39,9.76089957992186
5553,2020-08-20 09:00:00,4916.93,10.030773556479737
5554,2020-08-20 10:00:00,5301.06,10.353180381805288
5555,2020-08-20 11:00:00,5559.22,10.569858449194045
5556,2020-08-20 12:00:00,6130.58,11.049410589662134
5557,2020-08-20 13:00:00,6186.4,11.096261262584509
5558,2020-08-20 14:00:00,6424.63,11.296211742883642
5559,2020-08-20 15:00:00,6244.86,11.145327732291461
5560,2020-08-20 16:00:00,5571.07,10.579804355215725
5561,2020-08-20 17:00:00,5567.96,10.577194079458136
5562,2020-08-20 18:00:00,6201.96,11.10932103454209
5563,2020-08-20 19:00:00,6887.69,11.684865856166251
5564,2020-08-20 20:00:00,7014.8,11.791551435441837
5565,2020-08-20 21:00:00,7026.67,11.801514127802793
5566,2020-08-20 22:00:00,6832.71,11.638720209493513
5567,2020-08-20 23:00:00,6533.81,11.387848368997311
5568,2020-08-21 00:00:00,6299.48,11.19117122485721
5569,2020-08-21 01:00:00,6081.41,11.008141374549393
5570,2020-08-21 02:00:00,5944.92,10.893583002152848
5571,2020-08-21 03:00:00,5792.47,10.765629131013181
5572,2020-08-21 04:00:00,5774.4,10.750462673476324
5573,2020-08-21 05:00:00,5692.12,10.681403673690351
5574,2020-08-21 06:00:00,4942.72,10.052419540977553
5575,2020-08-21 07:00:00,4985.29,10.088149264128852
5576,2020-08-21 08:00:00,5081.06,10.168530649757228
5577,2020-08-21 09:00:00,5418.69,10.451909236263528
5578,2020-08-21 10:00:00,5827.95,10.79540809689075
5579,2020-08-21 11:00:00,6096.0,11.020387009052033
5580,2020-08-21 12:00:00,6653.61,11.488398541267117
5581,2020-08-21 13:00:00,6424.9,11.296438358463881
5582,2020-08-21 14:00:00,6793.53,11.605835770849684
5583,2020-08-21 15:00:00,6801.72,11.612709776783653
5584,2020-08-21 16:00:00,6190.37,11.099593350931013
5585,2020-08-21 17:00:00,6073.07,11.001141471070842
5586,2020-08-21 18:00:00,6614.05,11.45519516217702
5587,2020-08-21 19:00:00,7141.63,11.898002005967545
5588,2020-08-21 20:00:00,7326.22,12.052931524325505
5589,2020-08-21 21:00:00,7340.55,12.064958936417543
5590,2020-08-21 22:00:00,7260.64,11.997889117835905
5591,2020-08-21 23:00:00,7024.04,11.799306724187856
5592,2020-08-22 00:00:00,6788.08,11.601261493396674
5593,2020-08-22 01:00:00,6612.22,11.453659212133166
5594,2020-08-22 02:00:00,6434.48,11.30447901497761
5595,2020-08-22 03:00:00,6277.99,11.173134303303971
5596,2020-08-22 04:00:00,6257.64,11.156054203089525
5597,2020-08-22 05:00:00,6223.36,11.127282417568583
5598,2020-08-22 06:00:00,5376.85,10.416792214495842
5599,2020-08-22 07:00:00,5348.04,10.392611492767186
5600,2020-08-22 08:00:00,5634.26,10.632840794161712
5601,2020-08-22 09:00:00,5963.43,10.9091187591538
5602,2020-08-22 10:00:00,6239.42,11.14076184800809
5603,2020-08-22 11:00:00,6585.11,11.43090532924306
5604,2020-08-22 12:00:00,6787.62,11.6008754075933
5605,2020-08-22 13:00:00,6804.88,11.615362018389435
5606,2020-08-22 14:00:00,6947.15,11.734771642837059
5607,2020-08-22 15:00:00,6822.55,11.63019274914075
5608,2020-08-22 16:00:00,6544.95,11.397198359974652
5609,2020-08-22 17:00:00,6388.68,11.266038298033061
5610,2020-08-22 18:00:00,6809.31,11.619080192539311
5611,2020-08-22 19:00:00,7630.69,12.308478360310378
5612,2020-08-22 20:00:00,7921.59,12.552635665095746
5613,2020-08-22 21:00:00,7969.3,12.592679477441258
5614,2020-08-22 22:00:00,7879.45,12.517266848238904
5615,2020-08-22 23:00:00,7716.58,12.380567294335869
5616,2020-08-23 00:00:00,7552.83,12.243129141504642
5617,2020-08-23 01:00:00,7193.8,11.941789171971848
5618,2020-08-23 02:00:00,6799.81,11.61110668138269
5619,2020-08-23 03:00:00,6813.6,11.62268086231425
5620,2020-08-23 04:00:00,6857.3,11.659359013634704
5621,2020-08-23 05:00:00,6767.14,11.583686196173554
5622,2020-08-23 06:00:00,5789.9,10.763472086416074
5623,2020-08-23 07:00:00,5533.5,10.5482712168837
5624,2020-08-23 08:00:00,5573.7,10.582011758830664
5625,2020-08-23 09:00:00,5723.41,10.707665901489367
5626,2020-08-23 10:00:00,5748.21,10.728480962192968
5627,2020-08-23 11:00:00,5878.52,10.837852355752888
5628,2020-08-23 12:00:00,6501.3,11.360562174502391
5629,2020-08-23 13:00:00,6535.29,11.389090558103815
5630,2020-08-23 14:00:00,6605.51,11.4480273953057
5631,2020-08-23 15:00:00,6354.2,11.237098649119346
5632,2020-08-23 16:00:00,5855.45,10.818489313396757
5633,2020-08-23 17:00:00,5963.29,10.909001254778861
5634,2020-08-23 18:00:00,6551.63,11.402804997293202
5635,2020-08-23 19:00:00,7295.05,12.02677001456215
5636,2020-08-23 20:00:00,7577.36,12.263717586628001
5637,2020-08-23 21:00:00,7566.47,12.254577424891623
5638,2020-08-23 22:00:00,7464.09,12.168648154132168
5639,2020-08-23 23:00:00,7330.47,12.056498621421888
5640,2020-08-24 00:00:00,7225.26,11.968194083654723
5641,2020-08-24 01:00:00,7040.2,11.812870086323748
5642,2020-08-24 02:00:00,6866.0,11.66666107122024
5643,2020-08-24 03:00:00,6714.18,11.539235969767804
5644,2020-08-24 04:00:00,6711.49,11.536978207135032
5645,2020-08-24 05:00:00,6637.83,11.475154119577489
5646,2020-08-24 06:00:00,5804.07,10.775365207793897
5647,2020-08-24 07:00:00,5885.61,10.843803113026619
5648,2020-08-24 08:00:00,6377.96,11.257040820180537
5649,2020-08-24 09:00:00,6577.75,11.424727956389091
5650,2020-08-24 10:00:00,6905.82,11.700082672720939
5651,2020-08-24 11:00:00,6901.64,11.696574327812026
5652,2020-08-24 12:00:00,7426.1,12.136762502675323
5653,2020-08-24 13:00:00,7608.65,12.289979814427019
5654,2020-08-24 14:00:00,7787.35,12.439965755867874
5655,2020-08-24 15:00:00,7428.11,12.138449529772672
5656,2020-08-24 16:00:00,7217.56,11.96173134303304
5657,2020-08-24 17:00:00,6892.2,11.688651175673236
5658,2020-08-24 18:00:00,7413.3,12.126019245537982
5659,2020-08-24 19:00:00,8031.7,12.6450528559858
5660,2020-08-24 20:00:00,8199.13,12.78557969524401
5661,2020-08-24 21:00:00,8369.33,12.9284314424921
5662,2020-08-24 22:00:00,8396.62,12.951336402435699
5663,2020-08-24 23:00:00,8171.59,12.76246490605945
5664,2020-08-25 00:00:00,7765.33,12.421483996323792
5665,2020-08-25 01:00:00,7509.51,12.206769930630454
5666,2020-08-25 02:00:00,7314.04,12.042708643705751
5667,2020-08-25 03:00:00,7104.52,11.866854953438892
5668,2020-08-25 04:00:00,7196.3,11.943887464381486
5669,2020-08-25 05:00:00,7188.73,11.937533834965105
5670,2020-08-25 06:00:00,6489.6,11.350742166025288
5671,2020-08-25 07:00:00,6459.66,11.325613016127475
5672,2020-08-25 08:00:00,6867.18,11.66765146523759
5673,2020-08-25 09:00:00,7114.24,11.87501311432756
5674,2020-08-25 10:00:00,7373.22,12.092379421626681
5675,2020-08-25 11:00:00,7456.18,12.162009156948077
5676,2020-08-25 12:00:00,7862.44,12.502990066683733
5677,2020-08-25 13:00:00,7949.39,12.57596867669091
5678,2020-08-25 14:00:00,8079.2,12.684920411768903
5679,2020-08-25 15:00:00,7811.38,12.460134542509305
5680,2020-08-25 16:00:00,7359.56,12.080914351900423
5681,2020-08-25 17:00:00,7149.54,11.904641003151635
5682,2020-08-25 18:00:00,7624.93,12.303643894598576
5683,2020-08-25 19:00:00,8227.31,12.80923164728544
5684,2020-08-25 20:00:00,8369.94,12.928943425840052
5685,2020-08-25 21:00:00,8386.12,12.942523574315224
5686,2020-08-25 22:00:00,8277.99,12.851768231013601
5687,2020-08-25 23:00:00,8200.62,12.786830277520155
5688,2020-08-26 00:00:00,7947.83,12.574659342227296
5689,2020-08-26 01:00:00,7656.03,12.32974665217446
5690,2020-08-26 02:00:00,7419.32,12.131071933660387
5691,2020-08-26 03:00:00,7252.77,11.991283693330368
5692,2020-08-26 04:00:00,7323.25,12.050438752942856
5693,2020-08-26 05:00:00,7175.62,11.926530389568969
5694,2020-08-26 06:00:00,6432.61,11.302909492255203
5695,2020-08-26 07:00:00,6346.89,11.230963242113567
5696,2020-08-26 08:00:00,6641.3,11.478066549442065
5697,2020-08-26 09:00:00,7143.68,11.899722605743445
5698,2020-08-26 10:00:00,7462.69,12.167473110382769
5699,2020-08-26 11:00:00,7498.37,12.197419939653109
5700,2020-08-26 12:00:00,7916.66,12.54849783246394
5701,2020-08-26 13:00:00,7929.68,12.559425739333332
5702,2020-08-26 14:00:00,7890.31,12.526381830466367
5703,2020-08-26 15:00:00,7823.9,12.470642790896768
5704,2020-08-26 16:00:00,7257.97,11.995648141542414
5705,2020-08-26 17:00:00,7408.51,12.121998917281116
5706,2020-08-26 18:00:00,7728.4,12.390488020848633
5707,2020-08-26 19:00:00,8356.78,12.917898014595723
5708,2020-08-26 20:00:00,8403.54,12.957144475825574
5709,2020-08-26 21:00:00,8482.02,13.0230140711489
5710,2020-08-26 22:00:00,8552.91,13.082513250716566
5711,2020-08-26 23:00:00,8437.67,12.98579036380194
5712,2020-08-27 00:00:00,8184.18,12.773031906634381
5713,2020-08-27 01:00:00,8092.78,12.69631833613805
5714,2020-08-27 02:00:00,7916.02,12.547960669607075
5715,2020-08-27 03:00:00,7764.41,12.420711824717046
5716,2020-08-27 04:00:00,7775.23,12.429793234265954
5717,2020-08-27 05:00:00,7662.38,12.335076314894938
5718,2020-08-27 06:00:00,6775.74,11.590904322062705
5719,2020-08-27 07:00:00,6798.34,11.609872885445824
5720,2020-08-27 08:00:00,7058.79,11.82847298868181
5721,2020-08-27 09:00:00,7518.37,12.214206278930206
5722,2020-08-27 10:00:00,7825.94,12.472354997503032
5723,2020-08-27 11:00:00,7731.43,12.393031151249113
5724,2020-08-27 12:00:00,8231.78,12.812983394113871
5725,2020-08-27 13:00:00,8190.02,12.777933517703293
5726,2020-08-27 14:00:00,8062.86,12.671205972579514
5727,2020-08-27 15:00:00,8224.33,12.806730482733151
5728,2020-08-27 16:00:00,7861.58,12.502268254094819
5729,2020-08-27 17:00:00,7745.61,12.404932665796576
5730,2020-08-27 18:00:00,7554.59,12.244606339361027
5731,2020-08-27 19:00:00,8789.3,13.280919387802207
5732,2020-08-27 20:00:00,8983.67,13.444057426066667
5733,2020-08-27 21:00:00,8947.56,13.41374969050187
5734,2020-08-27 22:00:00,8506.95,13.0439382430578
5735,2020-08-27 23:00:00,8944.73,13.41137442349416
5736,2020-08-28 00:00:00,8717.55,13.220698395645623
5737,2020-08-28 01:00:00,8472.89,13.015351107268904
5738,2020-08-28 02:00:00,8083.55,12.68857144056167
5739,2020-08-28 03:00:00,7908.79,12.541892407958404
5740,2020-08-28 04:00:00,7944.96,12.572250502541031
5741,2020-08-28 05:00:00,7995.2,12.614417786805099
5742,2020-08-28 06:00:00,6928.81,11.719378569719963
5743,2020-08-28 07:00:00,6945.83,11.73366374444477
5744,2020-08-28 08:00:00,7349.03,12.072076344271032
5745,2020-08-28 09:00:00,7617.9,12.297743496342676
5746,2020-08-28 10:00:00,7262.16,11.999164879620963
5747,2020-08-28 11:00:00,7488.93,12.189496787514322
5748,2020-08-28 12:00:00,8025.41,12.639773552283152
5749,2020-08-28 13:00:00,8081.7,12.68701870417854
5750,2020-08-28 14:00:00,8175.54,12.765780208066676
5751,2020-08-28 15:00:00,7712.27,12.376949838221655
5752,2020-08-28 16:00:00,7255.62,11.993675746677354
5753,2020-08-28 17:00:00,7223.63,11.966825997003639
5754,2020-08-28 18:00:00,7475.38,12.178124042654089
5755,2020-08-28 19:00:00,7993.24,12.612772725555942
5756,2020-08-28 20:00:00,7967.74,12.591370142977645
5757,2020-08-28 21:00:00,8369.32,12.928423049322461
5758,2020-08-28 22:00:00,8402.8,12.95652338127232
5759,2020-08-28 23:00:00,8345.85,12.908724280180788
5760,2020-08-29 00:00:00,8223.68,12.806184926706646
5761,2020-08-29 01:00:00,7982.34,12.603624170649926
5762,2020-08-29 02:00:00,7749.1,12.407861882000429
5763,2020-08-29 03:00:00,7581.96,12.267578444661734
5764,2020-08-29 04:00:00,7560.02,12.24916383047476
5765,2020-08-29 05:00:00,7539.2,12.231689251287303
5766,2020-08-29 06:00:00,6644.69,11.48091183394953
5767,2020-08-29 07:00:00,6789.98,11.602856195627997
5768,2020-08-29 08:00:00,6926.54,11.717473320212012
5769,2020-08-29 09:00:00,7082.31,11.848213723671677
5770,2020-08-29 10:00:00,7466.08,12.170318394890238
5771,2020-08-29 11:00:00,7360.75,12.081913139087412
5772,2020-08-29 12:00:00,7956.0,12.581516561821989
5773,2020-08-29 13:00:00,7819.55,12.466991762104
5774,2020-08-29 14:00:00,8141.95,12.737587551250792
5775,2020-08-29 15:00:00,7985.26,12.60607497618438
5776,2020-08-29 16:00:00,7637.44,12.314143749816399
5777,2020-08-29 17:00:00,7664.6,12.336939598554697
5778,2020-08-29 18:00:00,8134.5,12.731334639870074
5779,2020-08-29 19:00:00,8828.28,13.313635963053269
5780,2020-08-29 20:00:00,8649.36,13.163465371880363
5781,2020-08-29 21:00:00,8719.66,13.222469354439358
5782,2020-08-29 22:00:00,8808.4,13.296950341811833
5783,2020-08-29 23:00:00,8699.31,13.205389254224912
5784,2020-08-30 00:00:00,8301.26,12.871299136762502
5785,2020-08-30 01:00:00,8440.97,12.988560109782657
5786,2020-08-30 02:00:00,8191.59,12.779251245336546
5787,2020-08-30 03:00:00,7991.63,12.611421425244137
5788,2020-08-30 04:00:00,7908.24,12.541430783628282
5789,2020-08-30 05:00:00,7753.81,12.411815064900185
5790,2020-08-30 06:00:00,6742.44,11.562955067166339
5791,2020-08-30 07:00:00,6678.63,11.509398251702764
5792,2020-08-30 08:00:00,6726.39,11.54948402989647
5793,2020-08-30 09:00:00,6982.57,11.764500249696797
5794,2020-08-30 10:00:00,6916.48,11.709029791555633
5795,2020-08-30 11:00:00,7020.25,11.796125712894845
5796,2020-08-30 12:00:00,7154.52,11.908820801631633
5797,2020-08-30 13:00:00,7023.2,11.798601697938217
5798,2020-08-30 14:00:00,7207.06,11.952918514912565
5799,2020-08-30 15:00:00,7121.04,11.880720469681773
5800,2020-08-30 16:00:00,6756.91,11.575099983633319
5801,2020-08-30 17:00:00,6737.27,11.558615798463212
5802,2020-08-30 18:00:00,6997.73,11.777224294868835
5803,2020-08-30 19:00:00,7362.94,12.083751243238252
5804,2020-08-30 20:00:00,7489.57,12.190033950371188
5805,2020-08-30 21:00:00,7412.86,12.125649946073885
5806,2020-08-30 22:00:00,7145.93,11.90161106891212
5807,2020-08-30 23:00:00,7050.56,11.821565410069287
5808,2020-08-31 00:00:00,6984.38,11.766019413401374
5809,2020-08-31 01:00:00,6793.51,11.605818984510407
5810,2020-08-31 02:00:00,6579.76,11.426414983486438
5811,2020-08-31 03:00:00,6450.61,11.31801719760459
5812,2020-08-31 04:00:00,6538.32,11.391633688504296
5813,2020-08-31 05:00:00,6687.04,11.516456907368784
5814,2020-08-31 06:00:00,6207.05,11.113593157888111
5815,2020-08-31 07:00:00,6166.34,11.079424564289582
5816,2020-08-31 08:00:00,6416.39,11.289295771101479
5817,2020-08-31 09:00:00,6840.39,11.645166163775919
5818,2020-08-31 10:00:00,7064.65,11.83339138609
5819,2020-08-31 11:00:00,7271.37,12.006894988858068
5820,2020-08-31 12:00:00,7587.58,12.272295405998598
5821,2020-08-31 13:00:00,7522.56,12.217723017008758
5822,2020-08-31 14:00:00,7853.74,12.495688009098195
5823,2020-08-31 15:00:00,7662.78,12.335412041680481
5824,2020-08-31 16:00:00,7356.54,12.078379614669583
5825,2020-08-31 17:00:00,7420.2,12.13181053258858
5826,2020-08-31 18:00:00,7501.99,12.200458267062265
5827,2020-08-31 19:00:00,7965.14,12.589187918871623
5828,2020-08-31 20:00:00,8152.35,12.746316447674882
5829,2020-08-31 21:00:00,8005.56,12.623113110550634
5830,2020-08-31 22:00:00,8027.2,12.641275929648451
5831,2020-08-31 23:00:00,7980.51,12.60208822060607
5832,2020-09-01 00:00:00,7717.88,12.38165840638888
5833,2020-09-01 01:00:00,7581.21,12.266948956938844
5834,2020-09-01 02:00:00,7501.77,12.200273617330218
5835,2020-09-01 03:00:00,7203.33,11.949787862637386
5836,2020-09-01 04:00:00,7248.91,11.988043929849887
5837,2020-09-01 05:00:00,7331.16,12.057077750126947
5838,2020-09-01 06:00:00,6534.66,11.388561788416586
5839,2020-09-01 07:00:00,6583.45,11.429512063083063
5840,2020-09-01 08:00:00,6892.51,11.688911363932032
5841,2020-09-01 09:00:00,7377.81,12.096231886490774
5842,2020-09-01 10:00:00,7485.7,12.18678579372107
5843,2020-09-01 11:00:00,7665.3,12.337527120429396
5844,2020-09-01 12:00:00,8161.08,12.753643684769335
5845,2020-09-01 13:00:00,8121.69,12.720582989563093
5846,2020-09-01 14:00:00,8271.35,12.846195166373604
5847,2020-09-01 15:00:00,7820.47,12.467763933710746
5848,2020-09-01 16:00:00,7465.96,12.170217676854577
5849,2020-09-01 17:00:00,7911.9,12.544502683715992
5850,2020-09-01 18:00:00,8070.42,12.677551208826257
5851,2020-09-01 19:00:00,8250.95,12.829073100310968
5852,2020-09-01 20:00:00,8369.93,12.928935032670413
5853,2020-09-01 21:00:00,8399.02,12.95335076314895
5854,2020-09-01 22:00:00,8416.46,12.967988450998575
5855,2020-09-01 23:00:00,8373.96,12.932317480034747
5856,2020-09-02 00:00:00,8342.03,12.905518089378864
5857,2020-09-02 01:00:00,8068.11,12.675612386639752
5858,2020-09-02 02:00:00,7731.42,12.393022758079475
5859,2020-09-02 03:00:00,7689.68,12.357989668008175
5860,2020-09-02 04:00:00,7763.63,12.420057157485239
5861,2020-09-02 05:00:00,7752.15,12.410421798740185
5862,2020-09-02 06:00:00,6960.98,11.746379396447171
5863,2020-09-02 07:00:00,6961.2,11.74656404617922
5864,2020-09-02 08:00:00,7416.74,12.128906495893641
5865,2020-09-02 09:00:00,7700.54,12.367104650235639
5866,2020-09-02 10:00:00,8031.02,12.644482120450377
5867,2020-09-02 11:00:00,7951.08,12.577387122359823
5868,2020-09-02 12:00:00,8366.83,12.926333150082463
5869,2020-09-02 13:00:00,8551.51,13.081338206967171
5870,2020-09-02 14:00:00,8754.89,13.252038491075961
5871,2020-09-02 15:00:00,8393.32,12.948566656454977
5872,2020-09-02 16:00:00,8007.61,12.624833710326536
5873,2020-09-02 17:00:00,7890.77,12.52676791626974
5874,2020-09-02 18:00:00,7978.22,12.600166184758844
5875,2020-09-02 19:00:00,9077.32,13.52265945973167
5876,2020-09-02 20:00:00,8541.46,13.072903071480429
5877,2020-09-02 21:00:00,8530.49,13.063695764386942
5878,2020-09-02 22:00:00,8956.83,13.421530158756804
5879,2020-09-02 23:00:00,8980.58,13.441463936648356
5880,2020-09-03 00:00:00,8874.4,13.352345261426251
5881,2020-09-03 01:00:00,8793.89,13.2847718526663
5882,2020-09-03 02:00:00,8551.46,13.081296241118977
5883,2020-09-03 03:00:00,8259.36,12.836131755976986
5884,2020-09-03 04:00:00,8325.14,12.891342025859355
5885,2020-09-03 05:00:00,8142.23,12.737822560000671
5886,2020-09-03 06:00:00,7516.94,12.213006055671894
5887,2020-09-03 07:00:00,7497.61,12.19678205876058
5888,2020-09-03 08:00:00,7922.03,12.553004964559841
5889,2020-09-03 09:00:00,8260.75,12.837298406556744
5890,2020-09-03 10:00:00,8477.81,13.01948054673107
5891,2020-09-03 11:00:00,8436.15,12.984514602016878
5892,2020-09-03 12:00:00,8889.48,13.365002161241183
5893,2020-09-03 13:00:00,9027.12,13.48052574814616
5894,2020-09-03 14:00:00,8751.06,13.248823907104399
5895,2020-09-03 15:00:00,8354.49,12.915975978748495
5896,2020-09-03 16:00:00,7893.87,12.52936979885769
5897,2020-09-03 17:00:00,7851.09,12.49346381914398
5898,2020-09-03 18:00:00,8386.66,12.942976805475704
5899,2020-09-03 19:00:00,8542.66,13.073910251837056
5900,2020-09-03 20:00:00,8842.46,13.325537477600728
5901,2020-09-03 21:00:00,8751.9,13.249528933354036
5902,2020-09-03 22:00:00,8702.74,13.208268111410934
5903,2020-09-03 23:00:00,8704.59,13.209820847794067
5904,2020-09-04 00:00:00,8596.97,13.11949355614401
5905,2020-09-04 01:00:00,8388.68,12.944672225742691
5906,2020-09-04 02:00:00,8189.86,12.777799226989076
5907,2020-09-04 03:00:00,7982.23,12.603531845783902
5908,2020-09-04 04:00:00,8030.66,12.64417996634339
5909,2020-09-04 05:00:00,8063.19,12.671482947177587
5910,2020-09-04 06:00:00,7309.57,12.03895689687732
5911,2020-09-04 07:00:00,7259.43,11.99687354430964
5912,2020-09-04 08:00:00,7517.57,12.213534825359122
5913,2020-09-04 09:00:00,7988.18,12.608525781718837
5914,2020-09-04 10:00:00,8264.23,12.840219229590959
5915,2020-09-04 11:00:00,8377.43,12.935229909899324
5916,2020-09-04 12:00:00,8582.72,13.107533289409078
5917,2020-09-04 13:00:00,8619.28,13.13821871760761
5918,2020-09-04 14:00:00,8549.94,13.080020479333918
5919,2020-09-04 15:00:00,8012.5,12.628937970279786
5920,2020-09-04 16:00:00,7519.22,12.214919698349483
5921,2020-09-04 17:00:00,7410.82,12.123937739467621
5922,2020-09-04 18:00:00,8171.83,12.762666342130775
5923,2020-09-04 19:00:00,8745.59,13.244232843312112
5924,2020-09-04 20:00:00,8735.66,13.235898425861034
5925,2020-09-04 21:00:00,8880.47,13.35743991539685
5926,2020-09-04 22:00:00,8584.86,13.109329427711728
5927,2020-09-04 23:00:00,8508.84,13.045524552119485
5928,2020-09-05 00:00:00,8479.8,13.021150787489141
5929,2020-09-05 01:00:00,8180.5,12.769943220207395
5930,2020-09-05 02:00:00,8032.5,12.645724309556883
5931,2020-09-05 03:00:00,7914.55,12.546726873670208
5932,2020-09-05 04:00:00,7878.45,12.516427531275049
5933,2020-09-05 05:00:00,7984.31,12.60527762506872
5934,2020-09-05 06:00:00,7017.02,11.793414719101595
5935,2020-09-05 07:00:00,6951.57,11.738481423817298
5936,2020-09-05 08:00:00,7124.21,11.883381104457193
5937,2020-09-05 09:00:00,7742.06,12.40195309057489
5938,2020-09-05 10:00:00,8081.23,12.686624225205527
5939,2020-09-05 11:00:00,9206.38,13.630981707086772
5940,2020-09-05 12:00:00,8438.51,12.986495390051576
5941,2020-09-05 13:00:00,8592.71,13.115918065877988
5942,2020-09-05 14:00:00,8349.13,12.911477239822233
5943,2020-09-05 15:00:00,7897.12,12.532097578990218
5944,2020-09-05 16:00:00,7405.17,12.119195598621841
5945,2020-09-05 17:00:00,7107.96,11.869742203794551
5946,2020-09-05 18:00:00,7029.94,11.804258694274598
5947,2020-09-05 19:00:00,7170.06,11.921863787249936
5948,2020-09-05 20:00:00,7306.72,12.036564843530336
5949,2020-09-05 21:00:00,7306.37,12.036271082592986
5950,2020-09-05 22:00:00,7232.57,11.974329490660502
5951,2020-09-05 23:00:00,7243.17,11.983226250477362
5952,2020-09-06 00:00:00,7175.78,11.926664680283185
5953,2020-09-06 01:00:00,7005.78,11.783980796427866
5954,2020-09-06 02:00:00,6867.96,11.668306132469397
5955,2020-09-06 03:00:00,6686.65,11.51612957375288
5956,2020-09-06 04:00:00,6716.41,11.5411076465972
5957,2020-09-06 05:00:00,6777.48,11.592364733579814
5958,2020-09-06 06:00:00,5868.21,10.829198997855546
5959,2020-09-06 07:00:00,5722.81,10.707162311311055
5960,2020-09-06 08:00:00,5692.5,10.681722614136616
5961,2020-09-06 09:00:00,5791.12,10.764496053111976
5962,2020-09-06 10:00:00,6178.38,11.089529940534394
5963,2020-09-06 11:00:00,6268.33,11.165026501433132
5964,2020-09-06 12:00:00,6686.25,11.515793846967338
5965,2020-09-06 13:00:00,6988.27,11.76928435639077
5966,2020-09-06 14:00:00,7071.48,11.839123920953128
5967,2020-09-06 15:00:00,6806.46,11.616688139192325
5968,2020-09-06 16:00:00,6329.9,11.216703246897675
5969,2020-09-06 17:00:00,6401.67,11.276941025393535
5970,2020-09-06 18:00:00,6848.71,11.652149280915191
5971,2020-09-06 19:00:00,7572.35,12.25951260863909
5972,2020-09-06 20:00:00,7742.17,12.402045415440913
5973,2020-09-06 21:00:00,7788.71,12.441107226938717
5974,2020-09-06 22:00:00,7710.1,12.37512852041009
5975,2020-09-06 23:00:00,7634.73,12.311869200844352
5976,2020-09-07 00:00:00,7531.07,12.224865604371162
5977,2020-09-07 01:00:00,7397.52,12.112774823848353
5978,2020-09-07 02:00:00,7276.48,12.011183898543365
5979,2020-09-07 03:00:00,7045.11,11.816991132616277
5980,2020-09-07 04:00:00,7049.18,11.820407152659167
5981,2020-09-07 05:00:00,7161.01,11.91426796872705
5982,2020-09-07 06:00:00,6352.6,11.23575574197718
5983,2020-09-07 07:00:00,6357.95,11.240246087733802
5984,2020-09-07 08:00:00,6770.69,11.58666577139524
5985,2020-09-07 09:00:00,7264.45,12.001086915468193
5986,2020-09-07 10:00:00,7600.22,12.282904372421722
5987,2020-09-07 11:00:00,7746.33,12.40553697401055
5988,2020-09-07 12:00:00,8182.61,12.77171417900113
5989,2020-09-07 13:00:00,8020.49,12.635644112820987
5990,2020-09-07 14:00:00,8099.68,12.70210962318865
5991,2020-09-07 15:00:00,7804.24,12.454141819387383
5992,2020-09-07 16:00:00,7350.13,12.072999592931271
5993,2020-09-07 17:00:00,7335.33,12.060577701866222
5994,2020-09-07 18:00:00,7789.66,12.44190457805438
5995,2020-09-07 19:00:00,8541.51,13.072945037328623
5996,2020-09-07 20:00:00,8425.61,12.97566820121785
5997,2020-09-07 21:00:00,8443.83,12.990960556299283
5998,2020-09-07 22:00:00,8391.69,12.947198569803895
5999,2020-09-07 23:00:00,8349.14,12.911485632991871
6000,2020-09-08 00:00:00,8059.89,12.668713201196866
6001,2020-09-08 01:00:00,7828.72,12.47468829866255
6002,2020-09-08 02:00:00,7679.82,12.349714002744566
6003,2020-09-08 03:00:00,7566.58,12.254669749757646
6004,2020-09-08 04:00:00,7603.43,12.285598579875696
6005,2020-09-08 05:00:00,7641.13,12.317240829413024
6006,2020-09-08 06:00:00,6908.11,11.702004708568168
6007,2020-09-08 07:00:00,6837.65,11.642866435294955
6008,2020-09-08 08:00:00,7166.44,11.918825459840782
6009,2020-09-08 09:00:00,7838.85,12.483190579506399
6010,2020-09-08 10:00:00,7925.7,12.556085257817188
6011,2020-09-08 11:00:00,7957.84,12.583060905035483
6012,2020-09-08 12:00:00,8370.54,12.929447016018365
6013,2020-09-08 13:00:00,8352.37,12.914196626785124
6014,2020-09-08 14:00:00,8612.18,13.132259567164242
6015,2020-09-08 15:00:00,8099.04,12.701572460331782
6016,2020-09-08 16:00:00,7605.21,12.287092564071358
6017,2020-09-08 17:00:00,7595.25,12.278732967111365
6018,2020-09-08 18:00:00,8224.14,12.80657101251002
6019,2020-09-08 19:00:00,8959.87,13.424081682326923
6020,2020-09-08 20:00:00,8896.88,13.371213106773707
6021,2020-09-08 21:00:00,8842.53,13.3255962297882
6022,2020-09-08 22:00:00,8895.25,13.369845020122625
6023,2020-09-08 23:00:00,8783.35,13.27592545186727
6024,2020-09-09 00:00:00,8687.5,13.195476920881786
6025,2020-09-09 01:00:00,8386.46,12.942808942082932
6026,2020-09-09 02:00:00,8178.39,12.768172261413662
6027,2020-09-09 03:00:00,7975.65,12.598009140161736
6028,2020-09-09 04:00:00,8111.8,12.71228214479057
6029,2020-09-09 05:00:00,8112.86,12.713171820772256
6030,2020-09-09 06:00:00,7433.32,12.142822371154354
6031,2020-09-09 07:00:00,7375.69,12.094452534527402
6032,2020-09-09 08:00:00,7699.28,12.366047110861182
6033,2020-09-09 09:00:00,7997.79,12.61659161774148
6034,2020-09-09 10:00:00,8295.38,12.866363953015036
6035,2020-09-09 11:00:00,8432.79,12.981694497018328
6036,2020-09-09 12:00:00,8923.71,13.39373198091393
6037,2020-09-09 13:00:00,8855.68,13.336633247862888
6038,2020-09-09 14:00:00,8919.56,13.390248815513935
6039,2020-09-09 15:00:00,8554.66,13.083982055403313
6040,2020-09-09 16:00:00,7959.73,12.584647214097167
6041,2020-09-09 17:00:00,8015.63,12.631565032376653
6042,2020-09-09 18:00:00,8621.56,13.1401323602852
6043,2020-09-09 19:00:00,9163.31,13.594832325453545
6044,2020-09-09 20:00:00,9257.84,13.674172958046743
6045,2020-09-09 21:00:00,9252.32,13.669539928406262
6046,2020-09-09 22:00:00,9378.34,13.775310652191248
6047,2020-09-09 23:00:00,9121.92,13.560092996319595
6048,2020-09-10 00:00:00,8967.18,13.4302170893327
6049,2020-09-10 01:00:00,8693.78,13.200747831414795
6050,2020-09-10 02:00:00,8483.55,13.024298226103596
6051,2020-09-10 03:00:00,8298.95,12.869360314576
6052,2020-09-10 04:00:00,8356.88,12.917981946292107
6053,2020-09-10 05:00:00,8306.01,12.875285892340813
6054,2020-09-10 06:00:00,7482.19,12.183839791177938
6055,2020-09-10 07:00:00,7723.45,12.386333401877552
6056,2020-09-10 08:00:00,7923.35,12.554112862952131
6057,2020-09-10 09:00:00,8321.99,12.888698177423212
6058,2020-09-10 10:00:00,8418.49,12.969692264435203
6059,2020-09-10 11:00:00,8505.57,13.04277998564768
6060,2020-09-10 12:00:00,8960.9,13.424946178799694
6061,2020-09-10 13:00:00,9001.58,13.459089592889306
6062,2020-09-10 14:00:00,9203.82,13.628833055659303
6063,2020-09-10 15:00:00,8822.75,13.30899454024315
6064,2020-09-10 16:00:00,8313.29,12.881396119837678
6065,2020-09-10 17:00:00,8225.32,12.807561406527368
6066,2020-09-10 18:00:00,8734.47,13.234899638674047
6067,2020-09-10 19:00:00,9421.41,13.811460033824474
6068,2020-09-10 20:00:00,9599.17,13.960657017319306
6069,2020-09-10 21:00:00,9451.83,13.836992055864936
6070,2020-09-10 22:00:00,9314.29,13.721552400656346
6071,2020-09-10 23:00:00,9256.88,13.673367213761441
6072,2020-09-11 00:00:00,9188.94,13.616344019237145
6073,2020-09-11 01:00:00,8916.93,13.388041411898996
6074,2020-09-11 02:00:00,8671.84,13.182333217227821
6075,2020-09-11 03:00:00,8457.33,13.002291335311323
6076,2020-09-11 04:00:00,8500.73,13.038717691542622
6077,2020-09-11 05:00:00,8614.41,13.134131243993638
6078,2020-09-11 06:00:00,7780.17,12.433939460067396
6079,2020-09-11 07:00:00,7617.42,12.297340624200025
6080,2020-09-11 08:00:00,7972.56,12.595415650743426
6081,2020-09-11 09:00:00,8382.61,12.939577571772093
6082,2020-09-11 10:00:00,8680.52,13.18961848847408
6083,2020-09-11 11:00:00,8722.54,13.22488658729526
6084,2020-09-11 12:00:00,9214.37,13.637687849627973
6085,2020-09-11 13:00:00,9219.19,13.641733357393754
6086,2020-09-11 14:00:00,9371.72,13.769754373890528
6087,2020-09-11 15:00:00,8931.46,13.400236687383806
6088,2020-09-11 16:00:00,8488.41,13.028377306547931
6089,2020-09-11 17:00:00,8363.2,12.923286429503671
6090,2020-09-11 18:00:00,8898.73,13.372765843156838
6091,2020-09-11 19:00:00,9588.03,13.951307026341963
6092,2020-09-11 20:00:00,9568.75,13.935124995278843
6093,2020-09-11 21:00:00,9524.11,13.897657886012365
6094,2020-09-11 22:00:00,9440.77,13.827709210244702
6095,2020-09-11 23:00:00,9514.07,13.88923114369526
6096,2020-09-12 00:00:00,9407.85,13.800078895794602
6097,2020-09-12 01:00:00,9026.09,13.479661251673388
6098,2020-09-12 02:00:00,8945.36,13.41190319318139
6099,2020-09-12 03:00:00,8723.15,13.225398570643211
6100,2020-09-12 04:00:00,8748.28,13.246490605944881
6101,2020-09-12 05:00:00,8814.92,13.302422688416167
6102,2020-09-12 06:00:00,7749.06,12.407828309321875
6103,2020-09-12 07:00:00,7586.42,12.271321798320526
6104,2020-09-12 08:00:00,8001.79,12.619948885596902
6105,2020-09-12 09:00:00,8317.27,12.884736601353818
6106,2020-09-12 10:00:00,8613.03,13.132972986583518
6107,2020-09-12 11:00:00,8773.11,13.267330846157398
6108,2020-09-12 12:00:00,9144.32,13.578893696309944
6109,2020-09-12 13:00:00,9209.81,13.633860564272794
6110,2020-09-12 14:00:00,9316.34,13.723273000432249
6111,2020-09-12 15:00:00,9067.08,13.514064854021797
6112,2020-09-12 16:00:00,8543.27,13.074422235185008
6113,2020-09-12 17:00:00,8363.92,12.923890737717645
6114,2020-09-12 18:00:00,8902.12,13.375611127664307
6115,2020-09-12 19:00:00,9626.95,13.983973242575193
6116,2020-09-12 20:00:00,9587.37,13.95075307714582
6117,2020-09-12 21:00:00,9635.34,13.991015111901934
6118,2020-09-12 22:00:00,9555.87,13.924314592784393
6119,2020-09-12 23:00:00,9495.49,13.873636634506838
6120,2020-09-13 00:00:00,9428.81,13.817670979356999
6121,2020-09-13 01:00:00,9255.51,13.67221734952096
6122,2020-09-13 02:00:00,9046.14,13.496489556798677
6123,2020-09-13 03:00:00,8820.37,13.306996965869176
6124,2020-09-13 04:00:00,8825.22,13.311067653143871
6125,2020-09-13 05:00:00,8813.27,13.301037815425808
6126,2020-09-13 06:00:00,7843.11,12.486766069772418
6127,2020-09-13 07:00:00,7823.35,12.470181166566649
6128,2020-09-13 08:00:00,7721.65,12.384822631342614
6129,2020-09-13 09:00:00,7847.67,12.490593355127597
6130,2020-09-13 10:00:00,8024.06,12.638640474381948
6131,2020-09-13 11:00:00,8391.59,12.947114638107507
6132,2020-09-13 12:00:00,8708.58,13.213169722479847
6133,2020-09-13 13:00:00,8661.07,13.173293773527103
6134,2020-09-13 14:00:00,8579.01,13.104419423473178
6135,2020-09-13 15:00:00,8407.76,12.960686393413042
6136,2020-09-13 16:00:00,7913.11,12.545518257242257
6137,2020-09-13 17:00:00,7818.23,12.46588386371171
6138,2020-09-13 18:00:00,8439.24,12.98710809143519
6139,2020-09-13 19:00:00,8962.82,13.426557667370293
6140,2020-09-13 20:00:00,9051.47,13.500963116216024
6141,2020-09-13 21:00:00,9037.98,13.489640730373623
6142,2020-09-13 22:00:00,9097.82,13.539865457490695
6143,2020-09-13 23:00:00,9111.85,13.551641074493578
6144,2020-09-14 00:00:00,9097.5,13.53959687606226
6145,2020-09-14 01:00:00,8922.17,13.392439432789596
6146,2020-09-14 02:00:00,8685.28,13.193613637222029
6147,2020-09-14 03:00:00,8449.07,12.995358577189883
6148,2020-09-14 04:00:00,8481.33,13.022434942443839
6149,2020-09-14 05:00:00,8506.42,13.043493405066958
6150,2020-09-14 06:00:00,8031.9,12.64522071937857
6151,2020-09-14 07:00:00,8191.77,12.77940232239004
6152,2020-09-14 08:00:00,8555.7,13.084854945045723
6153,2020-09-14 09:00:00,8935.56,13.403677886935611
6154,2020-09-14 10:00:00,9158.77,13.591021826437647
6155,2020-09-14 11:00:00,9265.37,13.68049301478457
6156,2020-09-14 12:00:00,9630.56,13.987003176814708
6157,2020-09-14 13:00:00,9608.77,13.968714460172311
6158,2020-09-14 14:00:00,9762.01,14.097331391713425
6159,2020-09-14 15:00:00,9095.45,13.537876276286358
6160,2020-09-14 16:00:00,8722.61,13.22494533948273
6161,2020-09-14 17:00:00,8677.62,13.1871844692789
6162,2020-09-14 18:00:00,9004.89,13.461867732039666
6163,2020-09-14 19:00:00,9595.44,13.957526365044128
6164,2020-09-14 20:00:00,9505.05,13.881660504681289
6165,2020-09-14 21:00:00,9519.38,13.89368791677333
6166,2020-09-14 22:00:00,9428.35,13.817284893553627
6167,2020-09-14 23:00:00,9621.62,13.979499683157847
6168,2020-09-15 00:00:00,9645.43,13.99948382006723
6169,2020-09-15 01:00:00,9289.05,13.70036804048865
6170,2020-09-15 02:00:00,9113.57,13.553084699671407
6171,2020-09-15 03:00:00,8910.03,13.3822501248484
6172,2020-09-15 04:00:00,8920.49,13.39102938029032
6173,2020-09-15 05:00:00,8957.25,13.421882671881622
6174,2020-09-15 06:00:00,8333.88,12.898677656123446
6175,2020-09-15 07:00:00,8089.14,12.69326322238962
6176,2020-09-15 08:00:00,8512.38,13.048495734171532
6177,2020-09-15 09:00:00,8798.0,13.288221445387745
6178,2020-09-15 10:00:00,9233.01,13.653332717834227
6179,2020-09-15 11:00:00,9408.96,13.801010537624482
6180,2020-09-15 12:00:00,9706.67,14.050883590933697
6181,2020-09-15 13:00:00,9692.65,14.039116367100453
6182,2020-09-15 14:00:00,9736.05,14.075542723331752
6183,2020-09-15 15:00:00,9001.65,13.459148345076777
6184,2020-09-15 16:00:00,8599.94,13.12198632752666
6185,2020-09-15 17:00:00,8518.52,13.0536491403296
6186,2020-09-15 18:00:00,9093.77,13.536466223787084
6187,2020-09-15 19:00:00,9611.86,13.971307949590624
6188,2020-09-15 20:00:00,9537.86,13.909198494265368
6189,2020-09-15 21:00:00,9531.27,13.903667395473564
6190,2020-09-15 22:00:00,9466.57,13.849363587912157
6191,2020-09-15 23:00:00,9730.99,14.071295779494648
6192,2020-09-16 00:00:00,9732.6,14.072647079806455
6193,2020-09-16 01:00:00,9473.96,13.855566140275045
6194,2020-09-16 02:00:00,9269.25,13.683749564604325
6195,2020-09-16 03:00:00,9131.15,13.567839891895975
6196,2020-09-16 04:00:00,9222.05,13.644133803910378
6197,2020-09-16 05:00:00,9226.15,13.647575003462183
6198,2020-09-16 06:00:00,8420.95,12.971756984166287
6199,2020-09-16 07:00:00,8333.41,12.898283177150436
6200,2020-09-16 08:00:00,8400.85,12.954886713192804
6201,2020-09-16 09:00:00,8852.42,13.333897074560722
6202,2020-09-16 10:00:00,9164.3,13.595663249247762
6203,2020-09-16 11:00:00,9308.56,13.716743114453458
6204,2020-09-16 12:00:00,9619.85,13.978014092131824
6205,2020-09-16 13:00:00,9633.76,13.989688991099044
6206,2020-09-16 14:00:00,9753.84,14.09047417211873
6207,2020-09-16 15:00:00,9016.04,13.47122611618665
6208,2020-09-16 16:00:00,8656.94,13.169827394466385
6209,2020-09-16 17:00:00,8530.07,13.063343251262122
6210,2020-09-16 18:00:00,8978.52,13.439734943702815
6211,2020-09-16 19:00:00,9652.22,14.005182782251804
6212,2020-09-16 20:00:00,9570.94,13.936963099429684
6213,2020-09-16 21:00:00,9601.28,13.962427976113041
6214,2020-09-16 22:00:00,9545.94,13.915980175333313
6215,2020-09-16 23:00:00,9775.72,14.108838427287873
6216,2020-09-17 00:00:00,9770.81,14.104717380995346
6217,2020-09-17 01:00:00,9499.09,13.876658175576715
6218,2020-09-17 02:00:00,9313.15,13.720595579317552
6219,2020-09-17 03:00:00,9078.02,13.52324698160637
6220,2020-09-17 04:00:00,9141.51,13.576535215641512
6221,2020-09-17 05:00:00,9154.52,13.587454729341262
6222,2020-09-17 06:00:00,8370.47,12.929388263830894
6223,2020-09-17 07:00:00,8239.83,12.819739895672901
6224,2020-09-17 08:00:00,8396.85,12.951529445337385
6225,2020-09-17 09:00:00,8762.65,13.258551590715475
6226,2020-09-17 10:00:00,8975.6,13.437284138168359
6227,2020-09-17 11:00:00,9080.28,13.525143837944682
6228,2020-09-17 12:00:00,9414.94,13.806029653068332
6229,2020-09-17 13:00:00,9335.86,13.739656467566695
6230,2020-09-17 14:00:00,9469.24,13.85160456420565
6231,2020-09-17 15:00:00,8756.89,13.253717125003671
6232,2020-09-17 16:00:00,8452.35,12.998111536831328
6233,2020-09-17 17:00:00,8556.69,13.085685868839938
6234,2020-09-17 18:00:00,8894.46,13.369181959721178
6235,2020-09-17 19:00:00,9449.01,13.834625182026866
6236,2020-09-17 20:00:00,9478.67,13.859519323174801
6237,2020-09-17 21:00:00,9483.15,13.86327946317287
6238,2020-09-17 22:00:00,9462.1,13.845611841083727
6239,2020-09-17 23:00:00,9718.64,14.06093021499104
6240,2020-09-18 00:00:00,9731.64,14.071841335521153
6241,2020-09-18 01:00:00,9461.61,13.845200575771438
6242,2020-09-18 02:00:00,9277.9,13.69100965634167
6243,2020-09-18 03:00:00,9097.87,13.539907423338889
6244,2020-09-18 04:00:00,9109.82,13.549937261056952
6245,2020-09-18 05:00:00,9152.22,13.585524300324396
6246,2020-09-18 06:00:00,8300.04,12.8702751700666
6247,2020-09-18 07:00:00,8122.05,12.720885143670081
6248,2020-09-18 08:00:00,8443.34,12.990549290986994
6249,2020-09-18 09:00:00,8820.1,13.306770350288936
6250,2020-09-18 10:00:00,9318.47,13.725060745565258
6251,2020-09-18 11:00:00,9368.43,13.766993021079447
6252,2020-09-18 12:00:00,9651.73,14.004771516939513
6253,2020-09-18 13:00:00,9745.9,14.083809995425723
6254,2020-09-18 14:00:00,9886.73,14.202011003445396
6255,2020-09-18 15:00:00,9276.17,13.6895576379942
6256,2020-09-18 16:00:00,8885.75,13.361871508966004
6257,2020-09-18 17:00:00,8884.85,13.361116123698535
6258,2020-09-18 18:00:00,9064.38,13.511798698219389
6259,2020-09-18 19:00:00,9664.24,14.015271372157338
6260,2020-09-18 20:00:00,9674.88,14.024201704652754
6261,2020-09-18 21:00:00,9748.15,14.085698458594397
6262,2020-09-18 22:00:00,9674.07,14.02352185791203
6263,2020-09-18 23:00:00,9933.76,14.24148408025549
6264,2020-09-19 00:00:00,9723.31,14.064849825212242
6265,2020-09-19 01:00:00,9353.83,13.754738993407166
6266,2020-09-19 02:00:00,9339.28,13.742526931583079
6267,2020-09-19 03:00:00,9137.63,13.573278665821753
6268,2020-09-19 04:00:00,9153.01,13.586187360725841
6269,2020-09-19 05:00:00,9063.75,13.511269928532162
6270,2020-09-19 06:00:00,8366.71,12.926232432046799
6271,2020-09-19 07:00:00,8403.95,12.957488595780754
6272,2020-09-19 08:00:00,8358.62,12.919442357809215
6273,2020-09-19 09:00:00,8798.46,13.288607531191115
6274,2020-09-19 10:00:00,9108.22,13.548594353914783
6275,2020-09-19 11:00:00,9202.91,13.628069277222195
6276,2020-09-19 12:00:00,9087.68,13.531354783477207
6277,2020-09-19 13:00:00,9350.05,13.751566375283794
6278,2020-09-19 14:00:00,9465.13,13.848154971484206
6279,2020-09-19 15:00:00,8732.52,13.23326297059453
6280,2020-09-19 16:00:00,8624.16,13.142314584391222
6281,2020-09-19 17:00:00,8472.39,13.014931448786978
6282,2020-09-19 18:00:00,8488.57,13.028511597262149
6283,2020-09-19 19:00:00,8766.6,13.261866892722702
6284,2020-09-19 20:00:00,9265.4,13.680518194293484
6285,2020-09-19 21:00:00,9492.05,13.870749384151178
6286,2020-09-19 22:00:00,9384.1,13.78014511790305
6287,2020-09-19 23:00:00,9731.2,14.071472036057058
6288,2020-09-20 00:00:00,9675.85,14.025015842107694
6289,2020-09-20 01:00:00,9456.67,13.841054349969994
6290,2020-09-20 02:00:00,9142.57,13.577424891623197
6291,2020-09-20 03:00:00,8937.83,13.405583136443562
6292,2020-09-20 04:00:00,8938.9,13.406481205594886
6293,2020-09-20 05:00:00,8907.83,13.380403627527919
6294,2020-09-20 06:00:00,8100.96,12.703183948902383
6295,2020-09-20 07:00:00,8043.76,12.655175018569889
6296,2020-09-20 08:00:00,8000.34,12.618731875999313
6297,2020-09-20 09:00:00,8262.93,12.839128117537948
6298,2020-09-20 10:00:00,8333.65,12.898484613221761
6299,2020-09-20 11:00:00,8522.62,13.057090339881405
6300,2020-09-20 12:00:00,8692.8,13.199925300790216
6301,2020-09-20 13:00:00,8787.73,13.279601660168954
6302,2020-09-20 14:00:00,8545.37,13.076184800809102
6303,2020-09-20 15:00:00,8089.47,12.69354019698769
6304,2020-09-20 16:00:00,7706.89,12.372434312956116
6305,2020-09-20 17:00:00,7589.46,12.273873321890646
6306,2020-09-20 18:00:00,7981.67,12.603061828284144
6307,2020-09-20 19:00:00,8580.41,13.105594467222573
6308,2020-09-20 20:00:00,8588.0,13.111964882978231
6309,2020-09-20 21:00:00,8686.21,13.194394201998414
6310,2020-09-20 22:00:00,8679.5,13.188762385170948
6311,2020-09-20 23:00:00,9034.12,13.486400966893143
6312,2020-09-21 00:00:00,8921.38,13.39177637238815
6313,2020-09-21 01:00:00,8665.81,13.177272135935775
6314,2020-09-21 02:00:00,8513.35,13.04930987162647
6315,2020-09-21 03:00:00,8267.8,12.843215591151921
6316,2020-09-21 04:00:00,8400.04,12.954206866452083
6317,2020-09-21 05:00:00,8429.52,12.978949930546522
6318,2020-09-21 06:00:00,7814.44,12.462702852418701
6319,2020-09-21 07:00:00,7661.23,12.334111100386504
6320,2020-09-21 08:00:00,8174.24,12.764689096013665
6321,2020-09-21 09:00:00,8638.38,13.154249671617237
6322,2020-09-21 10:00:00,9009.41,13.46566144471629
6323,2020-09-21 11:00:00,9116.0,13.555124239893575
6324,2020-09-21 12:00:00,9501.4,13.878596997763221
6325,2020-09-21 13:00:00,9460.5,13.844268933941558
6326,2020-09-21 14:00:00,9589.38,13.952440104243166
6327,2020-09-21 15:00:00,8911.18,13.38321533935683
6328,2020-09-21 16:00:00,8452.78,12.998472443125785
6329,2020-09-21 17:00:00,8456.79,13.001838104150842
6330,2020-09-21 18:00:00,9030.18,13.483094058055554
6331,2020-09-21 19:00:00,9491.78,13.870522768570938
6332,2020-09-21 20:00:00,9481.54,13.861928162861066
6333,2020-09-21 21:00:00,9421.21,13.811292170431702
6334,2020-09-21 22:00:00,9326.32,13.731649383731519
6335,2020-09-21 23:00:00,9507.09,13.883372711287555
6336,2020-09-22 00:00:00,9367.2,13.765960661213905
6337,2020-09-22 01:00:00,9068.73,13.515449727012157
6338,2020-09-22 02:00:00,8853.53,13.334828716390602
6339,2020-09-22 03:00:00,8642.23,13.15748104192808
6340,2020-09-22 04:00:00,8664.94,13.176541930177223
6341,2020-09-22 05:00:00,8711.65,13.21574642555888
6342,2020-09-22 06:00:00,7866.27,12.506204650655297
6343,2020-09-22 07:00:00,7675.26,12.345886717389389
6344,2020-09-22 08:00:00,8115.45,12.715345651708638
6345,2020-09-22 09:00:00,8488.35,13.0283269475301
6346,2020-09-22 10:00:00,8949.31,13.415218495188615
6347,2020-09-22 11:00:00,9068.28,13.515072034378424
6348,2020-09-22 12:00:00,9220.13,13.642522315339775
6349,2020-09-22 13:00:00,9194.99,13.621421886868466
6350,2020-09-22 14:00:00,9301.59,13.71089307521539
6351,2020-09-22 15:00:00,8570.21,13.097033434191253
6352,2020-09-22 16:00:00,8119.53,12.718770064921166
6353,2020-09-22 17:00:00,8052.76,12.662728871244582
6354,2020-09-22 18:00:00,8711.1,13.21528480122876
6355,2020-09-22 19:00:00,9270.97,13.685193189782154
6356,2020-09-22 20:00:00,9215.68,13.638787354850624
6357,2020-09-22 21:00:00,9195.63,13.621959049725334
6358,2020-09-22 22:00:00,9094.8,13.537330720259853
6359,2020-09-22 23:00:00,9232.88,13.653223606628924
6360,2020-09-23 00:00:00,9088.44,13.531992664369737
6361,2020-09-23 01:00:00,8812.68,13.300542618417133
6362,2020-09-23 02:00:00,8577.45,13.103110089009565
6363,2020-09-23 03:00:00,8341.2,12.904821456298865
6364,2020-09-23 04:00:00,8337.57,12.901774735720071
6365,2020-09-23 05:00:00,8305.3,12.874689977296477
6366,2020-09-23 06:00:00,7512.47,12.209254308843462
6367,2020-09-23 07:00:00,7434.15,12.143519004234353
6368,2020-09-23 08:00:00,7538.62,12.231202447448267
6369,2020-09-23 09:00:00,7914.75,12.546894737062978
6370,2020-09-23 10:00:00,8436.4,12.984724431257842
6371,2020-09-23 11:00:00,8532.91,13.06572691143947
6372,2020-09-23 12:00:00,8947.75,13.413909160725002
6373,2020-09-23 13:00:00,8780.94,13.273902697984381
6374,2020-09-23 14:00:00,8901.57,13.375149503334185
6375,2020-09-23 15:00:00,8136.37,12.732904162592483
6376,2020-09-23 16:00:00,8011.97,12.628493132288943
6377,2020-09-23 17:00:00,8013.8,12.630029082332797
6378,2020-09-23 18:00:00,8718.95,13.221873439395022
6379,2020-09-23 19:00:00,9117.14,13.55608106123237
6380,2020-09-23 20:00:00,9002.51,13.45987015766569
6381,2020-09-23 21:00:00,9075.57,13.521190655044924
6382,2020-09-23 22:00:00,8924.25,13.394185212074415
6383,2020-09-23 23:00:00,8975.69,13.437359676695106
6384,2020-09-24 00:00:00,8712.62,13.21656056301382
6385,2020-09-24 01:00:00,8506.58,13.043627695781172
6386,2020-09-24 02:00:00,8200.3,12.78656169609172
6387,2020-09-24 03:00:00,8015.06,12.631086621707254
6388,2020-09-24 04:00:00,7981.54,12.602952717078841
6389,2020-09-24 05:00:00,7871.15,12.510300517438907
6390,2020-09-24 06:00:00,7130.53,11.888685587668755
6391,2020-09-24 07:00:00,7121.88,11.88142549593141
6392,2020-09-24 08:00:00,7321.17,12.048692973658037
6393,2020-09-24 09:00:00,7745.25,12.404630511689586
6394,2020-09-24 10:00:00,8135.64,12.732291461208868
6395,2020-09-24 11:00:00,8345.3,12.908262655850669
6396,2020-09-24 12:00:00,8645.64,13.160343112774823
6397,2020-09-24 13:00:00,8645.67,13.160368292283739
6398,2020-09-24 14:00:00,8846.68,13.329079395188195
6399,2020-09-24 15:00:00,8317.4,12.88484571255912
6400,2020-09-24 16:00:00,7929.36,12.559157157904897
6401,2020-09-24 17:00:00,7779.01,12.432965852389326
6402,2020-09-24 18:00:00,8042.01,12.653706213883142
6403,2020-09-24 19:00:00,8638.25,13.154140560411937
6404,2020-09-24 20:00:00,8898.64,13.37269030463009
6405,2020-09-24 21:00:00,8915.99,13.387252453952973
6406,2020-09-24 22:00:00,8818.99,13.305838708459056
6407,2020-09-24 23:00:00,8924.44,13.394344682297547
6408,2020-09-25 00:00:00,8682.61,13.191372660928536
6409,2020-09-25 01:00:00,8462.43,13.006571851826983
6410,2020-09-25 02:00:00,8284.07,12.85687127815384
6411,2020-09-25 03:00:00,8100.32,12.702646786045516
6412,2020-09-25 04:00:00,8110.18,12.710922451309125
6413,2020-09-25 05:00:00,8098.29,12.70094297260889
6414,2020-09-25 06:00:00,7202.47,11.94906605004847
6415,2020-09-25 07:00:00,7116.12,11.876591030219608
6416,2020-09-25 08:00:00,7358.39,12.079932351052713
6417,2020-09-25 09:00:00,7834.84,12.47982491848134
6418,2020-09-25 10:00:00,8172.62,12.763329402532218
6419,2020-09-25 11:00:00,8345.65,12.908556416788016
6420,2020-09-25 12:00:00,8570.45,13.097234870262582
6421,2020-09-25 13:00:00,8585.51,13.109874983738234
6422,2020-09-25 14:00:00,8696.1,13.202695046770938
6423,2020-09-25 15:00:00,8053.84,12.663635333565544
6424,2020-09-25 16:00:00,7803.2,12.453268929744972
6425,2020-09-25 17:00:00,7827.31,12.473504861743514
6426,2020-09-25 18:00:00,8474.31,13.016542937357578
6427,2020-09-25 19:00:00,8761.89,13.257913709822946
6428,2020-09-25 20:00:00,8800.54,13.290353310475936
6429,2020-09-25 21:00:00,8899.01,13.373000851906719
6430,2020-09-25 22:00:00,8820.77,13.307332692654718
6431,2020-09-25 23:00:00,8835.9,13.32003155831784
6432,2020-09-26 00:00:00,8643.14,13.158244820365187
6433,2020-09-26 01:00:00,8403.02,12.956708031004368
6434,2020-09-26 02:00:00,8187.41,12.775742900427632
6435,2020-09-26 03:00:00,7943.94,12.5713943992379
6436,2020-09-26 04:00:00,7942.97,12.570580261782961
6437,2020-09-26 05:00:00,7971.16,12.594240606994028
6438,2020-09-26 06:00:00,7291.08,12.023437926215646
6439,2020-09-26 07:00:00,7075.43,11.842439222960355
6440,2020-09-26 08:00:00,7255.97,11.993969507614704
6441,2020-09-26 09:00:00,7634.11,12.311348824326764
6442,2020-09-26 10:00:00,7988.28,12.608609713415223
6443,2020-09-26 11:00:00,8009.68,12.626571096441715
6444,2020-09-26 12:00:00,8148.24,12.742866854953439
6445,2020-09-26 13:00:00,8149.59,12.743999932854642
6446,2020-09-26 14:00:00,8219.49,12.802668188628093
6447,2020-09-26 15:00:00,7577.05,12.263457398369209
6448,2020-09-26 16:00:00,7263.96,12.000675650155904
6449,2020-09-26 17:00:00,7227.58,11.970141299010866
6450,2020-09-26 18:00:00,7843.89,12.487420737004227
6451,2020-09-26 19:00:00,8376.99,12.934860610435226
6452,2020-09-26 20:00:00,8157.1,12.750303203253193
6453,2020-09-26 21:00:00,8077.31,12.683334102707217
6454,2020-09-26 22:00:00,8194.1,12.78135793091582
6455,2020-09-26 23:00:00,8024.14,12.638707619739057
6456,2020-09-27 00:00:00,7831.05,12.476643907188329
6457,2020-09-27 01:00:00,7632.47,12.309972344506042
6458,2020-09-27 02:00:00,7357.58,12.079252504311992
6459,2020-09-27 03:00:00,7142.9,11.899067938511639
6460,2020-09-27 04:00:00,7169.04,11.921007683946804
6461,2020-09-27 05:00:00,7259.51,11.996940689666749
6462,2020-09-27 06:00:00,6517.71,11.374335365879247
6463,2020-09-27 07:00:00,6432.91,11.30316128734436
6464,2020-09-27 08:00:00,6477.29,11.340410174200237
6465,2020-09-27 09:00:00,6596.15,11.440171388524018
6466,2020-09-27 10:00:00,6853.43,11.656110856984586
6467,2020-09-27 11:00:00,7117.75,11.877959116870692
6468,2020-09-27 12:00:00,7324.46,12.05145432646912
6469,2020-09-27 13:00:00,7331.94,12.057732417358753
6470,2020-09-27 14:00:00,7342.09,12.06625148454188
6471,2020-09-27 15:00:00,6715.78,11.54057887690997
6472,2020-09-27 16:00:00,6301.39,11.192774320258174
6473,2020-09-27 17:00:00,6227.4,11.130673258102556
6474,2020-09-27 18:00:00,7028.02,11.802647205703998
6475,2020-09-27 19:00:00,7508.24,12.205703998086356
6476,2020-09-27 20:00:00,7405.54,12.119506145898468
6477,2020-09-27 21:00:00,7403.01,12.117382673979915
6478,2020-09-27 22:00:00,7458.34,12.163822081590002
6479,2020-09-27 23:00:00,7625.25,12.303912476027008
6480,2020-09-28 00:00:00,7528.33,12.2225658758902
6481,2020-09-28 01:00:00,7344.12,12.067955297978505
6482,2020-09-28 02:00:00,7142.03,11.898337732753085
6483,2020-09-28 03:00:00,6943.59,11.731783674445737
6484,2020-09-28 04:00:00,7007.58,11.785491566962806
6485,2020-09-28 05:00:00,7166.76,11.919094041269215
6486,2020-09-28 06:00:00,6552.32,11.403384125998262
6487,2020-09-28 07:00:00,6564.52,11.413623792957292
6488,2020-09-28 08:00:00,7037.54,11.810637503199896
6489,2020-09-28 09:00:00,7598.81,12.281720935502689
6490,2020-09-28 10:00:00,7853.01,12.495075307714583
6491,2020-09-28 11:00:00,8040.54,12.652472417946274
6492,2020-09-28 12:00:00,8206.75,12.791975290508585
6493,2020-09-28 13:00:00,8261.39,12.83783556941361
6494,2020-09-28 14:00:00,8274.31,12.848679544586615
6495,2020-09-28 15:00:00,7689.89,12.358165924570585
6496,2020-09-28 16:00:00,7451.46,12.15804758087868
6497,2020-09-28 17:00:00,7442.88,12.150846241328807
6498,2020-09-28 18:00:00,7939.49,12.567659438748747
6499,2020-09-28 19:00:00,8414.62,12.966444107785085
6500,2020-09-28 20:00:00,8492.26,13.031608676858774
6501,2020-09-28 21:00:00,8355.55,12.91686565473018
6502,2020-09-28 22:00:00,8222.34,12.805060241975081
6503,2020-09-28 23:00:00,8296.56,12.867354347032386
6504,2020-09-29 00:00:00,8029.38,12.643105640629656
6505,2020-09-29 01:00:00,7788.68,12.441082047429802
6506,2020-09-29 02:00:00,7568.89,12.256608571944152
6507,2020-09-29 03:00:00,7376.84,12.095417749035835
6508,2020-09-29 04:00:00,7411.91,12.124852594958224
6509,2020-09-29 05:00:00,7517.7,12.213643936564424
6510,2020-09-29 06:00:00,6852.41,11.655254753681454
6511,2020-09-29 07:00:00,6857.77,11.659753492607717
6512,2020-09-29 08:00:00,7157.56,11.91137232520175
6513,2020-09-29 09:00:00,7680.03,12.349890259306976
6514,2020-09-29 10:00:00,7989.11,12.609306346495222
6515,2020-09-29 11:00:00,8056.05,12.665490224055663
6516,2020-09-29 12:00:00,8202.47,12.788383013903285
6517,2020-09-29 13:00:00,8217.78,12.801232956619902
6518,2020-09-29 14:00:00,8294.53,12.86565053359576
6519,2020-09-29 15:00:00,7638.81,12.31529361405688
6520,2020-09-29 16:00:00,7371.8,12.091187591538006
6521,2020-09-29 17:00:00,7361.27,12.082349583908616
6522,2020-09-29 18:00:00,8201.17,12.787291901850274
6523,2020-09-29 19:00:00,8493.06,13.032280130429855
6524,2020-09-29 20:00:00,8426.23,12.976188577735439
6525,2020-09-29 21:00:00,8259.19,12.835989072093131
6526,2020-09-29 22:00:00,7963.99,12.58822270436319
6527,2020-09-29 23:00:00,8088.71,12.69290231609516
6528,2020-09-30 00:00:00,7956.42,12.581869074946809
6529,2020-09-30 01:00:00,7699.22,12.365996751843351
6530,2020-09-30 02:00:00,7508.18,12.205653639068526
6531,2020-09-30 03:00:00,7323.18,12.050380000755386
6532,2020-09-30 04:00:00,7338.17,12.06296136204357
6533,2020-09-30 05:00:00,7512.41,12.209203949825632
6534,2020-09-30 06:00:00,6886.65,11.683992966523842
6535,2020-09-30 07:00:00,6757.24,11.575376958231391
6536,2020-09-30 08:00:00,7079.69,11.846014713226376
6537,2020-09-30 09:00:00,7786.56,12.43930269546643
6538,2020-09-30 10:00:00,8245.77,12.8247254384382
6539,2020-09-30 11:00:00,7997.2,12.616096420732807
6540,2020-09-30 12:00:00,8099.17,12.701681571537083
6541,2020-09-30 13:00:00,8110.18,12.710922451309125
6542,2020-09-30 14:00:00,8044.78,12.65603112187302
6543,2020-09-30 15:00:00,7740.92,12.400996269236096
6544,2020-09-30 16:00:00,7374.18,12.093185165911981
6545,2020-09-30 17:00:00,7406.87,12.120622437460394
6546,2020-09-30 18:00:00,8156.95,12.750177305708615
6547,2020-09-30 19:00:00,8330.53,12.895865944294535
6548,2020-09-30 20:00:00,8104.63,12.70626424215973
6549,2020-09-30 21:00:00,7887.02,12.523620477655285
6550,2020-09-30 22:00:00,7821.72,12.468813079915565
6551,2020-09-30 23:00:00,7846.58,12.489678499636995
6552,2020-10-01 00:00:00,7759.75,12.416800607665483
6553,2020-10-01 01:00:00,7551.29,12.241836593380306
6554,2020-10-01 02:00:00,7348.91,12.07197562623537
6555,2020-10-01 03:00:00,7149.41,11.904531891946334
6556,2020-10-01 04:00:00,7290.82,12.023219703805044
6557,2020-10-01 05:00:00,7484.99,12.186189878676732
6558,2020-10-01 06:00:00,6851.63,11.654600086449648
6559,2020-10-01 07:00:00,6764.34,11.581336108674762
6560,2020-10-01 08:00:00,7079.51,11.845863636172883
6561,2020-10-01 09:00:00,7544.41,12.236062092668986
6562,2020-10-01 10:00:00,7881.29,12.518811191452397
6563,2020-10-01 11:00:00,7964.31,12.588491285791623
6564,2020-10-01 12:00:00,8101.6,12.70372111175925
6565,2020-10-01 13:00:00,7932.92,12.562145126296219
6566,2020-10-01 14:00:00,8115.75,12.715597446797796
6567,2020-10-01 15:00:00,7551.56,12.242063208960548
6568,2020-10-01 16:00:00,7387.34,12.104230577156311
6569,2020-10-01 17:00:00,7442.91,12.150871420837722
6570,2020-10-01 18:00:00,8123.21,12.721858751348153
6571,2020-10-01 19:00:00,8215.37,12.799210202737013
6572,2020-10-01 20:00:00,7917.65,12.549328756258156
6573,2020-10-01 21:00:00,7802.51,12.452689801039913
6574,2020-10-01 22:00:00,7651.9,12.32628027311374
6575,2020-10-01 23:00:00,7806.24,12.455820453315091
6576,2020-10-02 00:00:00,7746.21,12.405436255974887
6577,2020-10-02 01:00:00,7531.06,12.224857211201524
6578,2020-10-02 02:00:00,7328.29,12.054668910440682
6579,2020-10-02 03:00:00,7102.14,11.864857379064917
6580,2020-10-02 04:00:00,7136.2,11.893444514853812
6581,2020-10-02 05:00:00,7206.47,11.95242331790389
6582,2020-10-02 06:00:00,6616.78,11.457486497488343
6583,2020-10-02 07:00:00,6479.68,11.342416141743849
6584,2020-10-02 08:00:00,6673.11,11.504765222062286
6585,2020-10-02 09:00:00,6437.42,11.306946606851344
6586,2020-10-02 10:00:00,6565.74,11.414647759653194
6587,2020-10-02 11:00:00,6444.71,11.313065227517846
6588,2020-10-02 12:00:00,6661.42,11.494953606754823
6589,2020-10-02 13:00:00,6667.61,11.500148978761084
6590,2020-10-02 14:00:00,6654.76,11.48936375577555
6591,2020-10-02 15:00:00,6163.85,11.077334665049584
6592,2020-10-02 16:00:00,6022.76,10.958915434619307
6593,2020-10-02 17:00:00,6133.49,11.05185300202695
6594,2020-10-02 18:00:00,6934.22,11.723919274494417
6595,2020-10-02 19:00:00,7224.16,11.967270834994482
6596,2020-10-02 20:00:00,7016.07,11.792617367985933
6597,2020-10-02 21:00:00,6943.34,11.731573845204773
6598,2020-10-02 22:00:00,6877.89,11.676640549920474
6599,2020-10-02 23:00:00,7016.81,11.793238462539186
6600,2020-10-03 00:00:00,6985.76,11.767177670811494
6601,2020-10-03 01:00:00,6808.1,11.618064619013047
6602,2020-10-03 02:00:00,6646.7,11.482598861046881
6603,2020-10-03 03:00:00,6510.8,11.368535685659012
6604,2020-10-03 04:00:00,6650.07,11.48542735921507
6605,2020-10-03 05:00:00,6856.93,11.659048466358078
6606,2020-10-03 06:00:00,6339.65,11.22488658729526
6607,2020-10-03 07:00:00,6431.85,11.302271611362674
6608,2020-10-03 08:00:00,6784.61,11.598349063532098
6609,2020-10-03 09:00:00,7288.69,12.021431958672032
6610,2020-10-03 10:00:00,7517.63,12.213585184376953
6611,2020-10-03 11:00:00,7489.02,12.189572326041068
6612,2020-10-03 12:00:00,7714.51,12.378829908220691
6613,2020-10-03 13:00:00,7560.21,12.249323300697892
6614,2020-10-03 14:00:00,7721.21,12.384453331878518
6615,2020-10-03 15:00:00,7251.92,11.990570273911091
6616,2020-10-03 16:00:00,7007.25,11.785214592364735
6617,2020-10-03 17:00:00,7128.82,11.887250355660562
6618,2020-10-03 18:00:00,7833.5,12.478700233749773
6619,2020-10-03 19:00:00,7890.97,12.52693577966251
6620,2020-10-03 20:00:00,7606.21,12.287931881035213
6621,2020-10-03 21:00:00,7334.47,12.059855889277307
6622,2020-10-03 22:00:00,7135.49,11.892848599809476
6623,2020-10-03 23:00:00,7255.46,11.993541455963136
6624,2020-10-04 00:00:00,7202.9,11.949426956342927
6625,2020-10-04 01:00:00,7032.63,11.806516456907369
6626,2020-10-04 02:00:00,6842.58,11.64700426792676
6627,2020-10-04 03:00:00,6645.67,11.481734364574109
6628,2020-10-04 04:00:00,6779.14,11.593757999739811
6629,2020-10-04 05:00:00,7028.03,11.802655598873637
6630,2020-10-04 06:00:00,6213.57,11.119065504492443
6631,2020-10-04 07:00:00,6388.96,11.26627330678294
6632,2020-10-04 08:00:00,6487.71,11.349155856963602
6633,2020-10-04 09:00:00,6630.77,11.469228541812672
6634,2020-10-04 10:00:00,6836.72,11.642085870518573
6635,2020-10-04 11:00:00,6859.48,11.661188724615908
6636,2020-10-04 12:00:00,7034.96,11.80847206543315
6637,2020-10-04 13:00:00,6937.51,11.726680627305498
6638,2020-10-04 14:00:00,6909.95,11.70354905178166
6639,2020-10-04 15:00:00,6695.98,11.523960401025645
6640,2020-10-04 16:00:00,6188.17,11.09774685361053
6641,2020-10-04 17:00:00,6221.2,11.125469492926655
6642,2020-10-04 18:00:00,7003.55,11.78210911959847
6643,2020-10-04 19:00:00,7096.87,11.860434178665402
6644,2020-10-04 20:00:00,6848.23,11.65174640877254
6645,2020-10-04 21:00:00,6670.46,11.50254103210807
6646,2020-10-04 22:00:00,6517.57,11.374217861504308
6647,2020-10-04 23:00:00,6608.87,11.450847500304253
6648,2020-10-05 00:00:00,6573.83,11.42143783389078
6649,2020-10-05 01:00:00,6349.44,11.233103500371397
6650,2020-10-05 02:00:00,6319.21,11.207730948554067
6651,2020-10-05 03:00:00,6221.18,11.12545270658738
6652,2020-10-05 04:00:00,6402.78,11.277872667223413
6653,2020-10-05 05:00:00,6776.22,11.591307194205356
6654,2020-10-05 06:00:00,6307.98,11.198305419049976
6655,2020-10-05 07:00:00,6276.78,11.172118729777708
6656,2020-10-05 08:00:00,6728.78,11.551489997440083
6657,2020-10-05 09:00:00,7254.24,11.992517489267234
6658,2020-10-05 10:00:00,7577.87,12.264145638279569
6659,2020-10-05 11:00:00,7478.66,12.180877002295531
6660,2020-10-05 12:00:00,7587.45,12.272186294793297
6661,2020-10-05 13:00:00,7480.05,12.18204365287529
6662,2020-10-05 14:00:00,7535.02,12.22818090637839
6663,2020-10-05 15:00:00,7009.7,11.787270918926179
6664,2020-10-05 16:00:00,6698.6,11.526159411470946
6665,2020-10-05 17:00:00,6709.99,11.535719231689251
6666,2020-10-05 18:00:00,7527.53,12.221894422319117
6667,2020-10-05 19:00:00,7459.0,12.164376030786146
6668,2020-10-05 20:00:00,7354.94,12.077036707527414
6669,2020-10-05 21:00:00,7215.25,11.959792520846534
6670,2020-10-05 22:00:00,6932.82,11.722744230745018
6671,2020-10-05 23:00:00,6981.67,11.763744864429327
6672,2020-10-06 00:00:00,6561.65,11.411214953271028
6673,2020-10-06 01:00:00,6345.01,11.229385326221522
6674,2020-10-06 02:00:00,6310.41,11.200344959272144
6675,2020-10-06 03:00:00,6216.71,11.121700959758948
6676,2020-10-06 04:00:00,6446.37,11.314458493677844
6677,2020-10-06 05:00:00,6780.39,11.594807145944632
6678,2020-10-06 06:00:00,6255.25,11.154048235545913
6679,2020-10-06 07:00:00,6296.41,11.188594521778176
6680,2020-10-06 08:00:00,6785.87,11.599406602906555
6681,2020-10-06 09:00:00,7283.41,12.017000365102879
6682,2020-10-06 10:00:00,7590.99,12.275157476845344
6683,2020-10-06 11:00:00,7487.26,12.188095128184685
6684,2020-10-06 12:00:00,7562.76,12.251463558955722
6685,2020-10-06 13:00:00,7362.27,12.083188900872472
6686,2020-10-06 14:00:00,7478.86,12.181044865688303
6687,2020-10-06 15:00:00,7034.37,11.807976868424475
6688,2020-10-06 16:00:00,7002.59,11.78130337531317
6689,2020-10-06 17:00:00,7129.59,11.887896629722732
6690,2020-10-06 18:00:00,7724.5,12.3872146846896
6691,2020-10-06 19:00:00,7719.38,12.382917381834663
6692,2020-10-06 20:00:00,7316.23,12.044546747856593
6693,2020-10-06 21:00:00,7066.88,11.835263062919395
6694,2020-10-06 22:00:00,6849.8,11.653064136405792
6695,2020-10-06 23:00:00,6942.72,11.731053468687183
6696,2020-10-07 00:00:00,6930.34,11.72066272467466
6697,2020-10-07 01:00:00,6802.45,11.613322478167268
6698,2020-10-07 02:00:00,6609.09,11.451032150036301
6699,2020-10-07 03:00:00,6488.99,11.350230182677336
6700,2020-10-07 04:00:00,6689.51,11.518530020269505
6701,2020-10-07 05:00:00,6993.7,11.7738418475045
6702,2020-10-07 06:00:00,6501.74,11.360931473966485
6703,2020-10-07 07:00:00,6659.25,11.493132288943258
6704,2020-10-07 08:00:00,6927.81,11.718539252756107
6705,2020-10-07 09:00:00,7375.67,12.094435748188126
6706,2020-10-07 10:00:00,7640.8,12.31696385481495
6707,2020-10-07 11:00:00,7593.96,12.277650248227992
6708,2020-10-07 12:00:00,7662.22,12.334942024180723
6709,2020-10-07 13:00:00,7523.63,12.218621086160084
6710,2020-10-07 14:00:00,7596.69,12.279941583539316
6711,2020-10-07 15:00:00,7166.78,11.919110827608492
6712,2020-10-07 16:00:00,7108.72,11.870380084687081
6713,2020-10-07 17:00:00,7278.01,12.012468053498065
6714,2020-10-07 18:00:00,7771.28,12.426477932258727
6715,2020-10-07 19:00:00,7812.99,12.461485842821112
6716,2020-10-07 20:00:00,7327.57,12.054064602226708
6717,2020-10-07 21:00:00,7045.68,11.817469543285675
6718,2020-10-07 22:00:00,7195.72,11.943400660542451
6719,2020-10-07 23:00:00,7052.62,11.823294403014827
6720,2020-10-08 00:00:00,7022.18,11.797745594635085
6721,2020-10-08 01:00:00,6844.65,11.64874165404194
6722,2020-10-08 02:00:00,6678.13,11.508978593220837
6723,2020-10-08 03:00:00,6524.07,11.379673421769365
6724,2020-10-08 04:00:00,6751.89,11.57088661247477
6725,2020-10-08 05:00:00,7091.08,11.855574533444683
6726,2020-10-08 06:00:00,6624.13,11.463655477172676
6727,2020-10-08 07:00:00,6704.78,11.531346390307569
6728,2020-10-08 08:00:00,6930.26,11.720595579317552
6729,2020-10-08 09:00:00,7320.71,12.048306887854665
6730,2020-10-08 10:00:00,7548.88,12.239813839497417
6731,2020-10-08 11:00:00,7514.75,12.211167951521052
6732,2020-10-08 12:00:00,7474.79,12.177628845645414
6733,2020-10-08 13:00:00,7418.54,12.13041726642858
6734,2020-10-08 14:00:00,7407.82,12.121419788576056
6735,2020-10-08 15:00:00,7079.74,11.846056679074568
6736,2020-10-08 16:00:00,7016.37,11.792869163075089
6737,2020-10-08 17:00:00,7192.99,11.941109325231126
6738,2020-10-08 18:00:00,7894.63,12.53000767975022
6739,2020-10-08 19:00:00,7638.76,12.315251648208687
6740,2020-10-08 20:00:00,7419.89,12.131550344329785
6741,2020-10-08 21:00:00,7014.6,11.791383572049067
6742,2020-10-08 22:00:00,6764.03,11.581075920415966
6743,2020-10-08 23:00:00,6880.34,11.678696876481919
6744,2020-10-09 00:00:00,6896.34,11.692125947903596
6745,2020-10-09 01:00:00,6744.56,11.564734419129714
6746,2020-10-09 02:00:00,6617.0,11.457671147220392
6747,2020-10-09 03:00:00,6526.98,11.382115834134181
6748,2020-10-09 04:00:00,6788.34,11.601479715807276
6749,2020-10-09 05:00:00,7029.64,11.804006899185442
6750,2020-10-09 06:00:00,6527.7,11.382720142348157
6751,2020-10-09 07:00:00,6589.79,11.434833332633904
6752,2020-10-09 08:00:00,6929.87,11.720268245701648
6753,2020-10-09 09:00:00,7287.21,12.020189769565528
6754,2020-10-09 10:00:00,7424.27,12.135226552631469
6755,2020-10-09 11:00:00,7484.26,12.18557717729312
6756,2020-10-09 12:00:00,7262.94,11.99981954685277
6757,2020-10-09 13:00:00,7211.0,11.956225423750151
6758,2020-10-09 14:00:00,7351.96,12.074535542975127
6759,2020-10-09 15:00:00,7019.92,11.795848738296774
6760,2020-10-09 16:00:00,6808.9,11.61873607258413
6761,2020-10-09 17:00:00,6868.4,11.668675431933492
6762,2020-10-09 18:00:00,7401.39,12.116022980498471
6763,2020-10-09 19:00:00,7411.91,12.124852594958224
6764,2020-10-09 20:00:00,7122.22,11.881710863699123
6765,2020-10-09 21:00:00,6779.63,11.594169265052102
6766,2020-10-09 22:00:00,6557.25,11.407521958630067
6767,2020-10-09 23:00:00,6551.85,11.402989647025251
6768,2020-10-10 00:00:00,6628.31,11.467163822081591
6769,2020-10-10 01:00:00,6474.39,11.337976155005057
6770,2020-10-10 02:00:00,6351.46,11.234798920638385
6771,2020-10-10 03:00:00,6233.18,11.135524510153637
6772,2020-10-10 04:00:00,6393.1,11.269748079013299
6773,2020-10-10 05:00:00,6868.52,11.668776149969155
6774,2020-10-10 06:00:00,6477.39,11.34049410589662
6775,2020-10-10 07:00:00,6391.9,11.268740898656674
6776,2020-10-10 08:00:00,6577.36,11.424400622773188
6777,2020-10-10 09:00:00,6922.74,11.714283915749363
6778,2020-10-10 10:00:00,7165.85,11.918330262832107
6779,2020-10-10 11:00:00,7095.78,11.859519323174801
6780,2020-10-10 12:00:00,7211.46,11.956611509553525
6781,2020-10-10 13:00:00,7188.47,11.937315612554503
6782,2020-10-10 14:00:00,7081.38,11.847433158895292
6783,2020-10-10 15:00:00,6887.14,11.684404231836133
6784,2020-10-10 16:00:00,6990.18,11.770887451791733
6785,2020-10-10 17:00:00,7010.7,11.788110235890032
6786,2020-10-10 18:00:00,7801.12,12.451523150460154
6787,2020-10-10 19:00:00,7619.22,12.298851394734964
6788,2020-10-10 20:00:00,7246.92,11.986373689091817
6789,2020-10-10 21:00:00,6910.0,11.703591017629853
6790,2020-10-10 22:00:00,6692.61,11.521131902857455
6791,2020-10-10 23:00:00,6714.1,11.539168824410694
6792,2020-10-11 00:00:00,6757.8,11.57584697573115
6793,2020-10-11 01:00:00,6607.26,11.449496199992446
6794,2020-10-11 02:00:00,6487.48,11.348962814061917
6795,2020-10-11 03:00:00,6388.43,11.265828468792098
6796,2020-10-11 04:00:00,6556.61,11.4069847957732
6797,2020-10-11 05:00:00,6895.96,11.691807007457331
6798,2020-10-11 06:00:00,6395.24,11.271544217315949
6799,2020-10-11 07:00:00,6361.21,11.24298226103597
6800,2020-10-11 08:00:00,6472.06,11.336020546479276
6801,2020-10-11 09:00:00,6746.47,11.566337514530675
6802,2020-10-11 10:00:00,6770.1,11.586170574386564
6803,2020-10-11 11:00:00,6675.34,11.506636898891681
6804,2020-10-11 12:00:00,6899.94,11.695147488973472
6805,2020-10-11 13:00:00,6513.16,11.370516473693709
6806,2020-10-11 14:00:00,6417.47,11.290202233422441
6807,2020-10-11 15:00:00,6331.76,11.218264376450445
6808,2020-10-11 16:00:00,6040.62,10.973905635593754
6809,2020-10-11 17:00:00,6107.14,11.029737000029376
6810,2020-10-11 18:00:00,6776.27,11.59134916005355
6811,2020-10-11 19:00:00,7009.27,11.78691001263172
6812,2020-10-11 20:00:00,6566.33,11.415142956661867
6813,2020-10-11 21:00:00,6246.78,11.146939220862063
6814,2020-10-11 22:00:00,6196.76,11.104956586330044
6815,2020-10-11 23:00:00,6190.02,11.099299589993663
6816,2020-10-12 00:00:00,6227.36,11.130639685424
6817,2020-10-12 01:00:00,6124.36,11.044190038146954
6818,2020-10-12 02:00:00,6005.12,10.944109883376907
6819,2020-10-12 03:00:00,5933.84,10.884283370193337
6820,2020-10-12 04:00:00,6266.7,11.16365841478205
6821,2020-10-12 05:00:00,6607.82,11.449966217492204
6822,2020-10-12 06:00:00,6301.91,11.193210765079378
6823,2020-10-12 07:00:00,6437.84,11.307299119976165
6824,2020-10-12 08:00:00,6608.23,11.450310337447384
6825,2020-10-12 09:00:00,6987.75,11.768847911569566
6826,2020-10-12 10:00:00,7185.35,11.934696943627277
6827,2020-10-12 11:00:00,7082.18,11.848104612466376
6828,2020-10-12 12:00:00,7383.9,12.101343326800649
6829,2020-10-12 13:00:00,7202.61,11.94918355442341
6830,2020-10-12 14:00:00,7325.07,12.051966309817072
6831,2020-10-12 15:00:00,6910.15,11.70371691517443
6832,2020-10-12 16:00:00,6731.23,11.553546324001527
6833,2020-10-12 17:00:00,6938.22,11.727276542349836
6834,2020-10-12 18:00:00,7409.4,12.122745909378947
6835,2020-10-12 19:00:00,7564.66,12.253058261187046
6836,2020-10-12 20:00:00,7144.82,11.90067942708224
6837,2020-10-12 21:00:00,6851.64,11.654608479619286
6838,2020-10-12 22:00:00,6845.29,11.649278816898807
6839,2020-10-12 23:00:00,6712.38,11.537725199232863
6840,2020-10-13 00:00:00,6733.02,11.555048701366829
6841,2020-10-13 01:00:00,6557.92,11.40808430099585
6842,2020-10-13 02:00:00,6442.39,11.311118012161703
6843,2020-10-13 03:00:00,6333.44,11.21967442894972
6844,2020-10-13 04:00:00,6571.57,11.419540977552469
6845,2020-10-13 05:00:00,6833.32,11.639232192841465
6846,2020-10-13 06:00:00,6608.23,11.450310337447384
6847,2020-10-13 07:00:00,6623.53,11.463151886994364
6848,2020-10-13 08:00:00,6852.78,11.65556530095808
6849,2020-10-13 09:00:00,7153.8,11.908216493417658
6850,2020-10-13 10:00:00,7558.47,12.247862889180784
6851,2020-10-13 11:00:00,7582.11,12.267704342206311
6852,2020-10-13 12:00:00,7513.35,12.209992907771657
6853,2020-10-13 13:00:00,7319.99,12.047702579640688
6854,2020-10-13 14:00:00,7427.62,12.138038264460382
6855,2020-10-13 15:00:00,7060.12,11.829589280243738
6856,2020-10-13 16:00:00,6975.83,11.758843253360414
6857,2020-10-13 17:00:00,7222.94,11.966246868298578
6858,2020-10-13 18:00:00,7874.74,12.513313665339147
6859,2020-10-13 19:00:00,7811.41,12.460159722018222
6860,2020-10-13 20:00:00,7265.68,12.002119275333733
6861,2020-10-13 21:00:00,6970.86,11.754671848050057
6862,2020-10-13 22:00:00,6778.66,11.59335512759716
6863,2020-10-13 23:00:00,6857.92,11.659879390152295
6864,2020-10-14 00:00:00,6909.64,11.703288863522864
6865,2020-10-14 01:00:00,6761.09,11.578608328542233
6866,2020-10-14 02:00:00,6666.81,11.49947752519
6867,2020-10-14 03:00:00,6556.56,11.406942829925008
6868,2020-10-14 04:00:00,6782.89,11.596905438354268
6869,2020-10-14 05:00:00,7185.11,11.934495507555951
6870,2020-10-14 06:00:00,6777.48,11.592364733579814
6871,2020-10-14 07:00:00,6804.61,11.615135402809194
6872,2020-10-14 08:00:00,6909.4,11.703087427451539
6873,2020-10-14 09:00:00,7355.05,12.077129032393438
6874,2020-10-14 10:00:00,7644.58,12.320136472938323
6875,2020-10-14 11:00:00,7618.28,12.29806243678894
6876,2020-10-14 12:00:00,7630.25,12.308109060846284
6877,2020-10-14 13:00:00,7433.38,12.142872730172186
6878,2020-10-14 14:00:00,7382.51,12.100176676220892
6879,2020-10-14 15:00:00,7045.27,11.817125423330495
6880,2020-10-14 16:00:00,7069.2,11.837210278275538
6881,2020-10-14 17:00:00,7089.58,11.8543155579989
6882,2020-10-14 18:00:00,7930.81,12.560374167502488
6883,2020-10-14 19:00:00,7692.63,12.360465653051547
6884,2020-10-14 20:00:00,7222.88,11.966196509280747
6885,2020-10-14 21:00:00,6916.04,11.708660492091536
6886,2020-10-14 22:00:00,6697.25,11.525026333569741
6887,2020-10-14 23:00:00,6685.48,11.51514757290517
6888,2020-10-15 00:00:00,6767.61,11.584080675146566
6889,2020-10-15 01:00:00,6640.47,11.477369916362065
6890,2020-10-15 02:00:00,6482.23,11.344556400001679
6891,2020-10-15 03:00:00,6404.74,11.27951772847257
6892,2020-10-15 04:00:00,6596.63,11.440574260666668
6893,2020-10-15 05:00:00,6979.25,11.7617137173768
6894,2020-10-15 06:00:00,6513.39,11.370709516595394
6895,2020-10-15 07:00:00,6484.37,11.346352538304327
6896,2020-10-15 08:00:00,6701.64,11.528710935041063
6897,2020-10-15 09:00:00,7174.13,11.925279807292824
6898,2020-10-15 10:00:00,7505.06,12.2030349701413
6899,2020-10-15 11:00:00,7439.88,12.148328290437242
6900,2020-10-15 12:00:00,7367.12,12.087259588147166
6901,2020-10-15 13:00:00,7194.5,11.942376693846548
6902,2020-10-15 14:00:00,7301.32,12.03203253192552
6903,2020-10-15 15:00:00,6857.26,11.659325440956149
6904,2020-10-15 16:00:00,6761.12,11.578633508051148
6905,2020-10-15 17:00:00,6978.43,11.761025477466438
6906,2020-10-15 18:00:00,7501.99,12.200458267062265
6907,2020-10-15 19:00:00,7491.08,12.191301318986609
6908,2020-10-15 20:00:00,7065.06,11.83373550604518
6909,2020-10-15 21:00:00,6599.09,11.442638980397753
6910,2020-10-15 22:00:00,6635.79,11.473441912971225
6911,2020-10-15 23:00:00,6487.97,11.349374079374204
6912,2020-10-16 00:00:00,6463.7,11.329003856661448
6913,2020-10-16 01:00:00,6315.43,11.204558330430697
6914,2020-10-16 02:00:00,6196.48,11.104721577580165
6915,2020-10-16 03:00:00,6092.0,11.017029741196614
6916,2020-10-16 04:00:00,6356.49,11.239020684966574
6917,2020-10-16 05:00:00,6830.16,11.636579951235685
6918,2020-10-16 06:00:00,6373.24,11.253079244111142
6919,2020-10-16 07:00:00,6394.6,11.271007054459082
6920,2020-10-16 08:00:00,6805.2,11.615630599817868
6921,2020-10-16 09:00:00,7233.66,11.975244346151102
6922,2020-10-16 10:00:00,7246.88,11.986340116413263
6923,2020-10-16 11:00:00,7311.67,12.040719462501416
6924,2020-10-16 12:00:00,7155.97,11.910037811229222
6925,2020-10-16 13:00:00,6881.56,11.679720843177822
6926,2020-10-16 14:00:00,7108.25,11.86998560571407
6927,2020-10-16 15:00:00,6700.07,11.527393207407812
6928,2020-10-16 16:00:00,6553.36,11.40425701564067
6929,2020-10-16 17:00:00,6903.96,11.69852154316817
6930,2020-10-16 18:00:00,7473.01,12.176134861449754
6931,2020-10-16 19:00:00,7463.13,12.167842409846866
6932,2020-10-16 20:00:00,6866.74,11.667282165773493
6933,2020-10-16 21:00:00,6385.48,11.263352483748726
6934,2020-10-16 22:00:00,6624.51,11.463974417618942
6935,2020-10-16 23:00:00,6465.99,11.330925892508677
6936,2020-10-17 00:00:00,6512.43,11.369903772310094
6937,2020-10-17 01:00:00,6404.87,11.27962683967787
6938,2020-10-17 02:00:00,6294.71,11.187167682939624
6939,2020-10-17 03:00:00,6203.53,11.110638762175341
6940,2020-10-17 04:00:00,6009.93,10.94814699797305
6941,2020-10-17 05:00:00,6238.13,11.139679129124719
6942,2020-10-17 06:00:00,6478.73,11.341618790628186
6943,2020-10-17 07:00:00,6612.29,11.453717964320635
6944,2020-10-17 08:00:00,6725.16,11.548451670030929
6945,2020-10-17 09:00:00,7119.37,11.879318810352135
6946,2020-10-17 10:00:00,7171.85,11.923366164615237
6947,2020-10-17 11:00:00,7204.03,11.950375384512084
6948,2020-10-17 12:00:00,7588.48,12.273050791266067
6949,2020-10-17 13:00:00,7146.53,11.902114659090433
6950,2020-10-17 14:00:00,6960.01,11.745565258992233
6951,2020-10-17 15:00:00,6899.48,11.6947614031701
6952,2020-10-17 16:00:00,6838.16,11.643294486946523
6953,2020-10-17 17:00:00,6928.39,11.719026056595144
6954,2020-10-17 18:00:00,6919.68,11.711715605839967
6955,2020-10-17 19:00:00,6877.82,11.676581797733004
6956,2020-10-17 20:00:00,6275.94,11.171413703528067
6957,2020-10-17 21:00:00,5730.53,10.713641838272014
6958,2020-10-17 22:00:00,6845.82,11.649723654889652
6959,2020-10-17 23:00:00,6741.66,11.562300399934532
6960,2020-10-18 00:00:00,6484.7,11.3466295129024
6961,2020-10-18 01:00:00,6338.87,11.224231920063453
6962,2020-10-18 02:00:00,6211.33,11.11718543449341
6963,2020-10-18 03:00:00,6142.17,11.05913827327321
6964,2020-10-18 04:00:00,5942.0,10.891132196618392
6965,2020-10-18 05:00:00,6135.22,11.05330502037442
6966,2020-10-18 06:00:00,6354.8,11.23760223929766
6967,2020-10-18 07:00:00,6574.43,11.421941424069093
6968,2020-10-18 08:00:00,6470.33,11.334568528131806
6969,2020-10-18 09:00:00,6443.57,11.312108406179052
6970,2020-10-18 10:00:00,6427.53,11.29864576207882
6971,2020-10-18 11:00:00,6615.02,11.45600929963196
6972,2020-10-18 12:00:00,6923.04,11.714535710838518
6973,2020-10-18 13:00:00,6225.36,11.128961051496292
6974,2020-10-18 14:00:00,5571.51,10.580173654679822
6975,2020-10-18 15:00:00,5934.51,10.88484571255912
6976,2020-10-18 16:00:00,5811.98,10.782004204977989
6977,2020-10-18 17:00:00,5668.36,10.66146150262916
6978,2020-10-18 18:00:00,5832.23,10.79900037349605
6979,2020-10-18 19:00:00,5979.66,10.922740873477164
6980,2020-10-18 20:00:00,5591.69,10.597111071010412
6981,2020-10-18 21:00:00,5053.92,10.145751587358209
6982,2020-10-18 22:00:00,6020.23,10.956791962700754
6983,2020-10-18 23:00:00,6003.5,10.942750189895463
6984,2020-10-19 00:00:00,5792.41,10.76557877199535
6985,2020-10-19 01:00:00,5680.81,10.671910998829153
6986,2020-10-19 02:00:00,5608.54,10.611253561851365
6987,2020-10-19 03:00:00,5558.49,10.569245747810431
6988,2020-10-19 04:00:00,5298.09,10.350687610422638
6989,2020-10-19 05:00:00,5758.08,10.736765020626214
6990,2020-10-19 06:00:00,6197.14,11.10527552677631
6991,2020-10-19 07:00:00,6605.45,11.447977036287869
6992,2020-10-19 08:00:00,6925.89,11.716927764185506
6993,2020-10-19 09:00:00,7055.75,11.825921465111692
6994,2020-10-19 10:00:00,7185.83,11.935099815769927
6995,2020-10-19 11:00:00,7145.79,11.90149356453718
6996,2020-10-19 12:00:00,6772.9,11.588520661885358
6997,2020-10-19 13:00:00,6556.82,11.40716105233561
6998,2020-10-19 14:00:00,6680.14,11.510665620318186
6999,2020-10-19 15:00:00,6679.69,11.51028792768445
7000,2020-10-19 16:00:00,6745.97,11.565917856048749
7001,2020-10-19 17:00:00,6489.61,11.350750559194926
7002,2020-10-19 18:00:00,6626.2,11.465392863287857
7003,2020-10-19 19:00:00,6367.0,11.247841906256689
7004,2020-10-19 20:00:00,6222.64,11.126678109354607
7005,2020-10-19 21:00:00,6187.28,11.0969998615127
7006,2020-10-19 22:00:00,6550.2,11.40160477403489
7007,2020-10-19 23:00:00,6339.91,11.225104809705861
7008,2020-10-20 00:00:00,6067.65,10.996592373126749
7009,2020-10-20 01:00:00,5925.4,10.877199535018402
7010,2020-10-20 02:00:00,5832.73,10.799420031977975
7011,2020-10-20 03:00:00,5772.07,10.748507064950543
7012,2020-10-20 04:00:00,5701.74,10.689477902882633
7013,2020-10-20 05:00:00,6115.64,11.036871194222142
7014,2020-10-20 06:00:00,6654.56,11.489195892382778
7015,2020-10-20 07:00:00,6803.77,11.614430376559557
7016,2020-10-20 08:00:00,6810.1,11.619743252940758
7017,2020-10-20 09:00:00,6977.68,11.760395989743547
7018,2020-10-20 10:00:00,7023.88,11.79917243347364
7019,2020-10-20 11:00:00,7031.59,11.80564356726496
7020,2020-10-20 12:00:00,6213.55,11.119048718153167
7021,2020-10-20 13:00:00,5573.19,10.581583707179098
7022,2020-10-20 14:00:00,6072.41,11.0005875218747
7023,2020-10-20 15:00:00,6542.14,11.394839879306222
7024,2020-10-20 16:00:00,6682.2,11.512394613263726
7025,2020-10-20 17:00:00,6609.86,11.451678424098468
7026,2020-10-20 18:00:00,6542.12,11.394823092966943
7027,2020-10-20 19:00:00,6511.39,11.369030882667685
7028,2020-10-20 20:00:00,5797.79,10.77009429726089
7029,2020-10-20 21:00:00,5499.13,10.51942389283601
7030,2020-10-20 22:00:00,6549.34,11.400882961445976
7031,2020-10-20 23:00:00,6423.34,11.295129024000268
7032,2020-10-21 00:00:00,6194.43,11.103000977804264
7033,2020-10-21 01:00:00,6081.26,11.008015477004815
7034,2020-10-21 02:00:00,5966.2,10.91144366714368
7035,2020-10-21 03:00:00,5833.97,10.800460785013156
7036,2020-10-21 04:00:00,5680.97,10.67204528954337
7037,2020-10-21 05:00:00,6148.66,11.064585440368628
7038,2020-10-21 06:00:00,6426.31,11.297621795382918
7039,2020-10-21 07:00:00,6457.22,11.32356508273567
7040,2020-10-21 08:00:00,6675.48,11.506754403266621
7041,2020-10-21 09:00:00,6996.69,11.776351405226427
7042,2020-10-21 10:00:00,6899.09,11.694434069554198
7043,2020-10-21 11:00:00,7018.13,11.794346360931474
7044,2020-10-21 12:00:00,6154.41,11.069411512910794
7045,2020-10-21 13:00:00,5560.01,10.57052150959549
7046,2020-10-21 14:00:00,5704.91,10.692138537658053
7047,2020-10-21 15:00:00,6320.39,11.208721342571415
7048,2020-10-21 16:00:00,6621.61,11.461540398423763
7049,2020-10-21 17:00:00,6508.3,11.366437393249374
7050,2020-10-21 18:00:00,6580.22,11.426801069289812
7051,2020-10-21 19:00:00,6327.71,11.214865142746833
7052,2020-10-21 20:00:00,5807.76,10.778462287390521
7053,2020-10-21 21:00:00,5425.25,10.457415155546416
7054,2020-10-21 22:00:00,6336.99,11.222654004171405
7055,2020-10-21 23:00:00,6195.66,11.104033337669804
7056,2020-10-22 00:00:00,6020.66,10.957152868995212
7057,2020-10-22 01:00:00,5945.61,10.894162130857907
7058,2020-10-22 02:00:00,5765.84,10.743278120265728
7059,2020-10-22 03:00:00,5679.01,10.670400228294215
7060,2020-10-22 04:00:00,5550.62,10.562640323304894
7061,2020-10-22 05:00:00,6041.48,10.97462744818267
7062,2020-10-22 06:00:00,6311.84,11.201545182530456
7063,2020-10-22 07:00:00,6363.04,11.244518211079823
7064,2020-10-22 08:00:00,6586.4,11.431988048126435
7065,2020-10-22 09:00:00,6818.83,11.627070490035209
7066,2020-10-22 10:00:00,6796.9,11.608664269017872
7067,2020-10-22 11:00:00,6742.16,11.56272005841646
7068,2020-10-22 12:00:00,6189.0,11.098443486690531
7069,2020-10-22 13:00:00,5657.91,10.652690640356877
7070,2020-10-22 14:00:00,5493.05,10.514320845695773
7071,2020-10-22 15:00:00,6284.28,11.178413607006618
7072,2020-10-22 16:00:00,6532.37,11.386639752569359
7073,2020-10-22 17:00:00,6647.52,11.483287100957241
7074,2020-10-22 18:00:00,6593.01,11.437535933257514
7075,2020-10-22 19:00:00,6175.87,11.087423254955118
7076,2020-10-22 20:00:00,5656.17,10.65123022883977
7077,2020-10-22 21:00:00,5463.55,10.489560995262057
7078,2020-10-22 22:00:00,6241.55,11.142549593141101
7079,2020-10-22 23:00:00,6084.55,11.010776829815896
7080,2020-10-23 00:00:00,5844.85,10.809592553579897
7081,2020-10-23 01:00:00,5716.49,10.701857828099492
7082,2020-10-23 02:00:00,5633.81,10.632463101527977
7083,2020-10-23 03:00:00,5580.21,10.587475712265359
7084,2020-10-23 04:00:00,5587.3,10.59342646953909
7085,2020-10-23 05:00:00,6034.02,10.968366143632313
7086,2020-10-23 06:00:00,6266.53,11.163515730898194
7087,2020-10-23 07:00:00,6222.84,11.126845972747379
7088,2020-10-23 08:00:00,6523.93,11.379555917394423
7089,2020-10-23 09:00:00,6764.56,11.581520758406809
7090,2020-10-23 10:00:00,6818.5,11.626793515437138
7091,2020-10-23 11:00:00,6757.68,11.575746257695489
7092,2020-10-23 12:00:00,6066.67,10.995769842502172
7093,2020-10-23 13:00:00,5468.33,10.49357293034928
7094,2020-10-23 14:00:00,5503.76,10.523309930378659
7095,2020-10-23 15:00:00,6215.02,11.120282514090034
7096,2020-10-23 16:00:00,6423.17,11.294986340116413
7097,2020-10-23 17:00:00,6484.83,11.3467386241077
7098,2020-10-23 18:00:00,6449.71,11.31726181233712
7099,2020-10-23 19:00:00,6089.5,11.014931448786978
7100,2020-10-23 20:00:00,5636.73,10.634913907062433
7101,2020-10-23 21:00:00,5318.83,10.368095044252987
7102,2020-10-23 22:00:00,6044.05,10.976784492779776
7103,2020-10-23 23:00:00,5965.07,10.910495238974523
7104,2020-10-24 00:00:00,5789.64,10.763253864005472
7105,2020-10-24 01:00:00,5651.48,10.64729383227929
7106,2020-10-24 02:00:00,5537.23,10.551401869158878
7107,2020-10-24 03:00:00,5519.05,10.536143086755999
7108,2020-10-24 04:00:00,5419.69,10.452748553227384
7109,2020-10-24 05:00:00,5806.71,10.777581004578474
7110,2020-10-24 06:00:00,6148.59,11.064526688181157
7111,2020-10-24 07:00:00,6158.3,11.072676455900188
7112,2020-10-24 08:00:00,6495.54,11.355727708790585
7113,2020-10-24 09:00:00,6579.4,11.42611282937945
7114,2020-10-24 10:00:00,6553.41,11.404298981488864
7115,2020-10-24 11:00:00,6439.26,11.308490950064837
7116,2020-10-24 12:00:00,6088.97,11.014486610796133
7117,2020-10-24 13:00:00,5448.82,10.477197856384475
7118,2020-10-24 14:00:00,5329.68,10.377201633310811
7119,2020-10-24 15:00:00,6007.25,10.945897628509918
7120,2020-10-24 16:00:00,6435.44,11.30528475926291
7121,2020-10-24 17:00:00,6374.14,11.253834629378613
7122,2020-10-24 18:00:00,6376.12,11.255496476967044
7123,2020-10-24 19:00:00,6092.21,11.017205997759024
7124,2020-10-24 20:00:00,5435.65,10.466144051970506
7125,2020-10-24 21:00:00,5088.11,10.174447834352403
7126,2020-10-24 22:00:00,5751.85,10.7315360759414
7127,2020-10-24 23:00:00,5643.36,10.64047857853279
7128,2020-10-25 00:00:00,5508.0,10.526868634305401
7129,2020-10-25 01:00:00,5390.07,10.427887984758003
7130,2020-10-25 02:00:00,5239.35,10.301386131965806
7131,2020-10-25 03:00:00,5185.96,10.256574999265597
7132,2020-10-25 04:00:00,5091.97,10.177687597832884
7133,2020-10-25 05:00:00,5759.43,10.737898098527419
7134,2020-10-25 06:00:00,5880.73,10.839707246243007
7135,2020-10-25 07:00:00,5638.43,10.636340745900986
7136,2020-10-25 08:00:00,5697.23,10.685692583375648
7137,2020-10-25 09:00:00,5851.22,10.814939002639651
7138,2020-10-25 10:00:00,5847.13,10.811506196257486
7139,2020-10-25 11:00:00,5639.34,10.637104524338094
7140,2020-10-25 12:00:00,4951.44,10.059738384902365
7141,2020-10-25 13:00:00,4846.5,9.971660462715441
7142,2020-10-25 14:00:00,4863.99,9.986340116413263
7143,2020-10-25 15:00:00,5367.81,10.409204789142596
7144,2020-10-25 16:00:00,5433.25,10.464129691257256
7145,2020-10-25 17:00:00,5402.85,10.438614455556069
7146,2020-10-25 18:00:00,5096.35,10.181363806134568
7147,2020-10-25 19:00:00,5092.19,10.177872247564931
7148,2020-10-25 20:00:00,4268.25,9.486325428366396
7149,2020-10-25 21:00:00,3981.09,9.245307169025846
7150,2020-10-25 22:00:00,4759.06,9.898270587395977
7151,2020-10-25 23:00:00,4620.56,9.782025187902086
7152,2020-10-26 00:00:00,4506.37,9.686183583799505
7153,2020-10-26 01:00:00,4404.69,9.600841834914746
7154,2020-10-26 02:00:00,4347.05,9.552463605118156
7155,2020-10-26 03:00:00,4420.41,9.614035897586543
7156,2020-10-26 04:00:00,4487.94,9.67071497215566
7157,2020-10-26 05:00:00,5048.65,10.141328386958692
7158,2020-10-26 06:00:00,5313.77,10.363848100415883
7159,2020-10-26 07:00:00,5718.26,10.703343419125517
7160,2020-10-26 08:00:00,5854.63,10.817801073486397
7161,2020-10-26 09:00:00,6093.12,11.017969776196132
7162,2020-10-26 10:00:00,6042.57,10.97554230367327
7163,2020-10-26 11:00:00,6101.27,11.024810209451548
7164,2020-10-26 12:00:00,5786.64,10.760735913113908
7165,2020-10-26 13:00:00,5543.81,10.556924574781043
7166,2020-10-26 14:00:00,5348.31,10.392838108347426
7167,2020-10-26 15:00:00,5915.06,10.868520997612144
7168,2020-10-26 16:00:00,5924.93,10.876805056045391
7169,2020-10-26 17:00:00,5940.62,10.889973939208272
7170,2020-10-26 18:00:00,6293.35,11.186026211868782
7171,2020-10-26 19:00:00,5910.47,10.86466853274805
7172,2020-10-26 20:00:00,5231.76,10.295015716210148
7173,2020-10-26 21:00:00,5084.38,10.171317182077225
7174,2020-10-26 22:00:00,5541.4,10.554901820898152
7175,2020-10-26 23:00:00,5345.17,10.390202653080923
7176,2020-10-27 00:00:00,5250.18,10.310475934684355
7177,2020-10-27 01:00:00,5130.19,10.209766292191414
7178,2020-10-27 02:00:00,5008.78,10.107864819609802
7179,2020-10-27 03:00:00,4999.21,10.09983255626571
7180,2020-10-27 04:00:00,5198.54,10.26713360667089
7181,2020-10-27 05:00:00,5809.99,10.780333964219917
7182,2020-10-27 06:00:00,5800.45,10.772326880384743
7183,2020-10-27 07:00:00,5768.24,10.745292480978978
7184,2020-10-27 08:00:00,5855.42,10.818464133887842
7185,2020-10-27 09:00:00,6098.45,11.022443335613477
7186,2020-10-27 10:00:00,6112.57,11.034294491143108
7187,2020-10-27 11:00:00,6057.19,10.987813117684828
7188,2020-10-27 12:00:00,6185.04,11.095119791513667
7189,2020-10-27 13:00:00,5912.23,10.866145730604433
7190,2020-10-27 14:00:00,5991.16,10.932393018561495
7191,2020-10-27 15:00:00,5669.11,10.662090990352052
7192,2020-10-27 16:00:00,5779.09,10.754399070036804
7193,2020-10-27 17:00:00,5664.14,10.657919585041693
7194,2020-10-27 18:00:00,6083.8,11.010147342093004
7195,2020-10-27 19:00:00,5890.86,10.848209527086857
7196,2020-10-27 20:00:00,5586.6,10.59283894766439
7197,2020-10-27 21:00:00,5280.15,10.335630264091083
7198,2020-10-27 22:00:00,5431.42,10.4625937412134
7199,2020-10-27 23:00:00,5220.39,10.285472682331118
7200,2020-10-28 00:00:00,4995.83,10.096995664927881
7201,2020-10-28 01:00:00,4881.5,10.00103655645036
7202,2020-10-28 02:00:00,4822.87,9.951827402859553
7203,2020-10-28 03:00:00,4795.27,9.92866225465716
7204,2020-10-28 04:00:00,5022.18,10.119111666925455
7205,2020-10-28 05:00:00,5512.62,10.53074627867841
7206,2020-10-28 06:00:00,5426.13,10.458153754474608
7207,2020-10-28 07:00:00,5625.57,10.625547129745812
7208,2020-10-28 08:00:00,5746.05,10.726668037551041
7209,2020-10-28 09:00:00,6006.84,10.945553508554738
7210,2020-10-28 10:00:00,5942.69,10.89171132532345
7211,2020-10-28 11:00:00,5825.65,10.793477667873884
7212,2020-10-28 12:00:00,5774.92,10.750899118297529
7213,2020-10-28 13:00:00,5655.91,10.651012006429168
7214,2020-10-28 14:00:00,5681.55,10.672532093382406
7215,2020-10-28 15:00:00,5604.36,10.607745216942451
7216,2020-10-28 16:00:00,5883.61,10.84212447909891
7217,2020-10-28 17:00:00,5764.64,10.742270939909101
7218,2020-10-28 18:00:00,6326.08,11.213497056095749
7219,2020-10-28 19:00:00,6434.14,11.3041936472099
7220,2020-10-28 20:00:00,5562.65,10.572737306380068
7221,2020-10-28 21:00:00,5339.47,10.385418546386951
7222,2020-10-28 22:00:00,5425.92,10.4579774979122
7223,2020-10-28 23:00:00,5208.04,10.275107117827512
7224,2020-10-29 00:00:00,4977.64,10.081728489355363
7225,2020-10-29 01:00:00,4844.11,9.969654495171829
7226,2020-10-29 02:00:00,4788.2,9.922728283722707
7227,2020-10-29 03:00:00,4742.32,9.884220421421048
7228,2020-10-29 04:00:00,4903.86,10.019803683762154
7229,2020-10-29 05:00:00,5438.84,10.468821473085203
7230,2020-10-29 06:00:00,5335.31,10.381926987817314
7231,2020-10-29 07:00:00,5553.78,10.565292564910676
7232,2020-10-29 08:00:00,5825.32,10.793200693275812
7233,2020-10-29 09:00:00,6097.28,11.021461334765768
7234,2020-10-29 10:00:00,5918.32,10.87125717091431
7235,2020-10-29 11:00:00,5525.77,10.541783296753103
7236,2020-10-29 12:00:00,5802.69,10.774206950383778
7237,2020-10-29 13:00:00,5632.19,10.631103408046531
7238,2020-10-29 14:00:00,5737.08,10.719139364385263
7239,2020-10-29 15:00:00,5506.21,10.525366256940103
7240,2020-10-29 16:00:00,5712.0,10.698089294931783
7241,2020-10-29 17:00:00,5676.69,10.66845301293807
7242,2020-10-29 18:00:00,6067.7,10.996634338974943
7243,2020-10-29 19:00:00,5852.94,10.816382627817482
7244,2020-10-29 20:00:00,5426.35,10.458338404206657
7245,2020-10-29 21:00:00,5172.29,10.245101536369702
7246,2020-10-29 22:00:00,5200.67,10.268921351803902
7247,2020-10-29 23:00:00,4978.43,10.082391549756808
7248,2020-10-30 00:00:00,4738.09,9.880670110663942
7249,2020-10-30 01:00:00,4650.3,9.806986474407127
7250,2020-10-30 02:00:00,4619.36,9.781018007545459
7251,2020-10-30 03:00:00,4622.71,9.783829719374374
7252,2020-10-30 04:00:00,4914.93,10.029094922552027
7253,2020-10-30 05:00:00,5411.53,10.445899726802327
7254,2020-10-30 06:00:00,5277.16,10.333120706369156
7255,2020-10-30 07:00:00,5623.1,10.623474016845092
7256,2020-10-30 08:00:00,5800.3,10.772200982840165
7257,2020-10-30 09:00:00,5985.78,10.927877493295956
7258,2020-10-30 10:00:00,5968.84,10.913659463928255
7259,2020-10-30 11:00:00,5711.96,10.69805572225323
7260,2020-10-30 12:00:00,5651.99,10.647721883930856
7261,2020-10-30 13:00:00,5449.88,10.47808753236616
7262,2020-10-30 14:00:00,5474.46,10.498717943337711
7263,2020-10-30 15:00:00,5355.48,10.398856010978266
7264,2020-10-30 16:00:00,5603.6,10.607107336049923
7265,2020-10-30 17:00:00,5645.11,10.641947383219536
7266,2020-10-30 18:00:00,6094.56,11.019178392624083
7267,2020-10-30 19:00:00,5890.12,10.847588432533604
7268,2020-10-30 20:00:00,5468.23,10.493488998652897
7269,2020-10-30 21:00:00,5089.28,10.175429835200113
7270,2020-10-30 22:00:00,5132.38,10.211604396342256
7271,2020-10-30 23:00:00,4877.09,9.997335168639761
7272,2020-10-31 00:00:00,4703.17,9.851361162286132
7273,2020-10-31 01:00:00,4589.82,9.756224584433188
7274,2020-10-31 02:00:00,4586.36,9.75332054773825
7275,2020-10-31 03:00:00,4648.29,9.805299447309778
7276,2020-10-31 04:00:00,4921.92,10.034961748129373
7277,2020-10-31 05:00:00,5392.53,10.429952704489086
7278,2020-10-31 06:00:00,5289.76,10.343696100113728
7279,2020-10-31 07:00:00,5565.8,10.57538115481621
7280,2020-10-31 08:00:00,5710.55,10.696872285334194
7281,2020-10-31 09:00:00,5866.57,10.827822518034823
7282,2020-10-31 10:00:00,5781.87,10.756732371196321
7283,2020-10-31 11:00:00,5564.39,10.574197717897174
7284,2020-10-31 12:00:00,5676.96,10.668679628518312
7285,2020-10-31 13:00:00,5382.02,10.421131483198973
7286,2020-10-31 14:00:00,5405.97,10.441233124483295
7287,2020-10-31 15:00:00,5259.23,10.318071753207239
7288,2020-10-31 16:00:00,5466.82,10.492305561733861
7289,2020-10-31 17:00:00,5294.26,10.347473026451073
7290,2020-10-31 18:00:00,5615.49,10.617086814750156
7291,2020-10-31 19:00:00,5704.56,10.691844776720705
7292,2020-10-31 20:00:00,5301.34,10.353415390555167
7293,2020-10-31 21:00:00,4977.97,10.082005463953434
7294,2020-10-31 22:00:00,5021.26,10.11833949531871
7295,2020-10-31 23:00:00,4871.15,9.992349625874462
7296,2020-11-01 00:00:00,4677.05,9.829438203190243
7297,2020-11-01 01:00:00,4534.65,9.709919467537318
7298,2020-11-01 02:00:00,4468.09,9.654054530423142
7299,2020-11-01 03:00:00,4473.55,9.658637201045789
7300,2020-11-01 04:00:00,4729.19,9.873200189685633
7301,2020-11-01 05:00:00,5186.92,10.257380743550899
7302,2020-11-01 06:00:00,4976.78,10.081006676766448
7303,2020-11-01 07:00:00,5166.15,10.239948130211634
7304,2020-11-01 08:00:00,5207.44,10.274603527649198
7305,2020-11-01 09:00:00,5078.5,10.16638199832976
7306,2020-11-01 10:00:00,4966.55,10.072420464226212
7307,2020-11-01 11:00:00,4896.09,10.013282190953003
7308,2020-11-01 12:00:00,5001.01,10.101343326800649
7309,2020-11-01 13:00:00,4725.74,9.870304546160334
7310,2020-11-01 14:00:00,4549.5,9.722383324450561
7311,2020-11-01 15:00:00,4555.53,9.727444405742606
7312,2020-11-01 16:00:00,4561.29,9.73227887145441
7313,2020-11-01 17:00:00,4621.67,9.782956829731964
7314,2020-11-01 18:00:00,5167.5,10.241081208112838
7315,2020-11-01 19:00:00,4995.15,10.09642492939246
7316,2020-11-01 20:00:00,4431.2,9.623092127626537
7317,2020-11-01 21:00:00,4455.46,9.643453957169655
7318,2020-11-01 22:00:00,4534.99,9.710204835305028
7319,2020-11-01 23:00:00,4345.62,9.551263381859842
7320,2020-11-02 00:00:00,4196.71,9.426280692772222
7321,2020-11-02 01:00:00,4129.38,9.369769481595878
7322,2020-11-02 02:00:00,4108.87,9.352555090667215
7323,2020-11-02 03:00:00,4152.64,9.38929199417514
7324,2020-11-02 04:00:00,4455.23,9.643260914267968
7325,2020-11-02 05:00:00,4998.08,10.098884128096554
7326,2020-11-02 06:00:00,4946.09,10.055248039145743
7327,2020-11-02 07:00:00,5315.97,10.365694597736361
7328,2020-11-02 08:00:00,5570.5,10.579325944546328
7329,2020-11-02 09:00:00,5810.13,10.780451468594858
7330,2020-11-02 10:00:00,5717.05,10.702327845599251
7331,2020-11-02 11:00:00,5474.35,10.498625618471689
7332,2020-11-02 12:00:00,5631.32,10.630373202287977
7333,2020-11-02 13:00:00,5310.59,10.361179072470824
7334,2020-11-02 14:00:00,5268.66,10.32598651217639
7335,2020-11-02 15:00:00,5083.0,10.170158924667106
7336,2020-11-02 16:00:00,5373.84,10.41426587043464
7337,2020-11-02 17:00:00,5438.17,10.46825913071942
7338,2020-11-02 18:00:00,5890.12,10.847588432533604
7339,2020-11-02 19:00:00,5678.93,10.670333082937105
7340,2020-11-02 20:00:00,5200.52,10.268795454259324
7341,2020-11-02 21:00:00,4984.54,10.08751977640596
7342,2020-11-02 22:00:00,4940.0,10.050136598835866
7343,2020-11-02 23:00:00,4736.48,9.879318810352135
7344,2020-11-03 00:00:00,4522.39,9.699629441560457
7345,2020-11-03 01:00:00,4409.83,9.60515592410896
7346,2020-11-03 02:00:00,4359.54,9.562946673996702
7347,2020-11-03 03:00:00,4359.02,9.562510229175498
7348,2020-11-03 04:00:00,4686.54,9.837403321177225
7349,2020-11-03 05:00:00,5254.69,10.314261254191338
7350,2020-11-03 06:00:00,5141.25,10.219049137811648
7351,2020-11-03 07:00:00,5420.89,10.45375573358401
7352,2020-11-03 08:00:00,5546.65,10.55930823495839
7353,2020-11-03 09:00:00,5885.53,10.84373596766951
7354,2020-11-03 10:00:00,5764.22,10.741918426784283
7355,2020-11-03 11:00:00,5421.01,10.453856451619671
7356,2020-11-03 12:00:00,5421.21,10.454024315012443
7357,2020-11-03 13:00:00,5279.6,10.335168639760962
7358,2020-11-03 14:00:00,5407.84,10.442802647205705
7359,2020-11-03 15:00:00,5140.02,10.218016777946108
7360,2020-11-03 16:00:00,5389.81,10.427669762347403
7361,2020-11-03 17:00:00,5543.33,10.556521702638392
7362,2020-11-03 18:00:00,5916.2,10.869477818950937
7363,2020-11-03 19:00:00,5617.79,10.619017243767022
7364,2020-11-03 20:00:00,5198.05,10.266722341358602
7365,2020-11-03 21:00:00,4900.61,10.017075903629626
7366,2020-11-03 22:00:00,4845.26,9.970619709680262
7367,2020-11-03 23:00:00,4622.56,9.783703821829796
7368,2020-11-04 00:00:00,4459.7,9.647012661096399
7369,2020-11-04 01:00:00,4367.48,9.569610850689708
7370,2020-11-04 02:00:00,4365.49,9.567940609931638
7371,2020-11-04 03:00:00,4398.02,9.595243590765834
7372,2020-11-04 04:00:00,4791.05,9.925120337069693
7373,2020-11-04 05:00:00,5327.95,10.375749614963343
7374,2020-11-04 06:00:00,5077.97,10.165937160338917
7375,2020-11-04 07:00:00,5427.2,10.459051823625932
7376,2020-11-04 08:00:00,5598.88,10.603145759980528
7377,2020-11-04 09:00:00,5740.51,10.722018221571286
7378,2020-11-04 10:00:00,5736.04,10.718266474742855
7379,2020-11-04 11:00:00,5416.62,10.45017185014835
7380,2020-11-04 12:00:00,5419.11,10.452261749388347
7381,2020-11-04 13:00:00,5090.93,10.176814708190475
7382,2020-11-04 14:00:00,5210.4,10.27708790586221
7383,2020-11-04 15:00:00,5039.78,10.1338836454893
7384,2020-11-04 16:00:00,5267.52,10.325029690837596
7385,2020-11-04 17:00:00,5458.31,10.485162974371457
7386,2020-11-04 18:00:00,5761.69,10.73979495486573
7387,2020-11-04 19:00:00,5401.61,10.437573702520888
7388,2020-11-04 20:00:00,5002.99,10.103005174389082
7389,2020-11-04 21:00:00,4862.99,9.985500799449408
7390,2020-11-04 22:00:00,4653.83,9.809949263289536
7391,2020-11-04 23:00:00,4379.01,9.579288175282954
7392,2020-11-05 00:00:00,4169.44,9.403392519167902
7393,2020-11-05 01:00:00,4068.49,9.318663471666756
7394,2020-11-05 02:00:00,4028.39,9.28500686141618
7395,2020-11-05 03:00:00,4100.93,9.345890913974209
7396,2020-11-05 04:00:00,4449.37,9.63834251685978
7397,2020-11-05 05:00:00,5163.47,10.237698760748502
7398,2020-11-05 06:00:00,5035.59,10.13036690741075
7399,2020-11-05 07:00:00,5194.64,10.263860270511858
7400,2020-11-05 08:00:00,5521.0,10.537779754835515
7401,2020-11-05 09:00:00,5729.25,10.71256751255828
7402,2020-11-05 10:00:00,5629.95,10.629223338047497
7403,2020-11-05 11:00:00,5314.26,10.36425936572817
7404,2020-11-05 12:00:00,5455.92,10.483157006827843
7405,2020-11-05 13:00:00,5254.62,10.31420250200387
7406,2020-11-05 14:00:00,5247.78,10.308461573971101
7407,2020-11-05 15:00:00,5114.35,10.196471511483955
7408,2020-11-05 16:00:00,5412.45,10.446671898409075
7409,2020-11-05 17:00:00,5482.36,10.505348547352165
7410,2020-11-05 18:00:00,5995.41,10.935960115657878
7411,2020-11-05 19:00:00,5650.45,10.64642933580652
7412,2020-11-05 20:00:00,4936.24,10.046980767051773
7413,2020-11-05 21:00:00,4849.6,9.974262345303393
7414,2020-11-05 22:00:00,4860.96,9.983796986012782
7415,2020-11-05 23:00:00,4640.86,9.799063322268339
7416,2020-11-06 00:00:00,4369.54,9.57133984363525
7417,2020-11-06 01:00:00,4259.98,9.479384277075315
7418,2020-11-06 02:00:00,4236.04,9.459291028960632
7419,2020-11-06 03:00:00,4282.72,9.498470344833375
7420,2020-11-06 04:00:00,4644.92,9.802470949141588
7421,2020-11-06 05:00:00,5264.75,10.322704782847719
7422,2020-11-06 06:00:00,5218.77,10.284112988849675
7423,2020-11-06 07:00:00,5441.87,10.471364603485682
7424,2020-11-06 08:00:00,5567.52,10.576824779994041
7425,2020-11-06 09:00:00,5662.13,10.656232557944346
7426,2020-11-06 10:00:00,5525.71,10.54173293773527
7427,2020-11-06 11:00:00,5309.29,10.360087960417811
7428,2020-11-06 12:00:00,5467.8,10.49312809235844
7429,2020-11-06 13:00:00,5259.01,10.317887103475192
7430,2020-11-06 14:00:00,5216.38,10.28210702130606
7431,2020-11-06 15:00:00,5008.12,10.107310870413658
7432,2020-11-06 16:00:00,5239.74,10.30171346558171
7433,2020-11-06 17:00:00,5611.53,10.61376311957329
7434,2020-11-06 18:00:00,6051.61,10.983129729026517
7435,2020-11-06 19:00:00,5675.93,10.667815132045542
7436,2020-11-06 20:00:00,5192.48,10.26204734586993
7437,2020-11-06 21:00:00,4876.32,9.996688894577591
7438,2020-11-06 22:00:00,4788.58,9.923047224168972
7439,2020-11-06 23:00:00,4546.05,9.719487680925264
7440,2020-11-07 00:00:00,4335.13,9.542458946909004
7441,2020-11-07 01:00:00,4228.34,9.45282828833895
7442,2020-11-07 02:00:00,4203.13,9.43166910768017
7443,2020-11-07 03:00:00,4272.85,9.490186286400128
7444,2020-11-07 04:00:00,4654.04,9.810125519851944
7445,2020-11-07 05:00:00,5291.45,10.345114545782643
7446,2020-11-07 06:00:00,5079.11,10.16689398167771
7447,2020-11-07 07:00:00,5363.73,10.405780375930068
7448,2020-11-07 08:00:00,5492.61,10.513951546231677
7449,2020-11-07 09:00:00,5648.75,10.645002496967967
7450,2020-11-07 10:00:00,5529.18,10.544645367599848
7451,2020-11-07 11:00:00,5205.0,10.272555594257394
7452,2020-11-07 12:00:00,5283.22,10.338206967170116
7453,2020-11-07 13:00:00,5093.2,10.178719957698425
7454,2020-11-07 14:00:00,5219.37,10.284616579027986
7455,2020-11-07 15:00:00,5009.16,10.108183760056066
7456,2020-11-07 16:00:00,5258.09,10.317114931868446
7457,2020-11-07 17:00:00,5508.81,10.527548481046125
7458,2020-11-07 18:00:00,5985.9,10.927978211331618
7459,2020-11-07 19:00:00,5700.09,10.688093029892274
7460,2020-11-07 20:00:00,5224.06,10.288552975588466
7461,2020-11-07 21:00:00,4840.84,9.966909928700023
7462,2020-11-07 22:00:00,4763.8,9.90224894980465
7463,2020-11-07 23:00:00,4517.52,9.695541967946486
7464,2020-11-08 00:00:00,4325.27,9.534183281645397
7465,2020-11-08 01:00:00,4246.91,9.468414404357734
7466,2020-11-08 02:00:00,4224.43,9.449546559010278
7467,2020-11-08 03:00:00,4267.45,9.485653974795312
7468,2020-11-08 04:00:00,4669.9,9.823437086898682
7469,2020-11-08 05:00:00,5234.97,10.297709923664122
7470,2020-11-08 06:00:00,4944.98,10.054316397315864
7471,2020-11-08 07:00:00,5075.13,10.16355350016157
7472,2020-11-08 08:00:00,4786.46,9.921267872205599
7473,2020-11-08 09:00:00,4966.37,10.07226938717272
7474,2020-11-08 10:00:00,5123.48,10.204134475363949
7475,2020-11-08 11:00:00,4794.85,9.928309741532342
7476,2020-11-08 12:00:00,4924.09,10.036783065940938
7477,2020-11-08 13:00:00,4755.7,9.895450482397425
7478,2020-11-08 14:00:00,4650.81,9.807414526058693
7479,2020-11-08 15:00:00,4681.21,9.83292976175988
7480,2020-11-08 16:00:00,4776.09,9.912564155290426
7481,2020-11-08 17:00:00,4704.29,9.852301197285648
7482,2020-11-08 18:00:00,5288.12,10.342319620293004
7483,2020-11-08 19:00:00,5137.52,10.21591848553647
7484,2020-11-08 20:00:00,4670.93,9.824301583371453
7485,2020-11-08 21:00:00,4386.52,9.585591445681505
7486,2020-11-08 22:00:00,4317.35,9.527535891291667
7487,2020-11-08 23:00:00,4120.21,9.362072945037328
7488,2020-11-09 00:00:00,3941.93,9.212439516721293
7489,2020-11-09 01:00:00,3893.49,9.171783002992164
7490,2020-11-09 02:00:00,3883.31,9.163238756300123
7491,2020-11-09 03:00:00,3923.54,9.197004477756002
7492,2020-11-09 04:00:00,4307.34,9.51913432848348
7493,2020-11-09 05:00:00,4915.54,10.029606905899978
7494,2020-11-09 06:00:00,4865.61,9.987699809894707
7495,2020-11-09 07:00:00,5017.81,10.115443851793412
7496,2020-11-09 08:00:00,5389.31,10.427250103865475
7497,2020-11-09 09:00:00,5657.08,10.651994007276878
7498,2020-11-09 10:00:00,5519.45,10.536478813541539
7499,2020-11-09 11:00:00,5158.6,10.23361128713453
7500,2020-11-09 12:00:00,5468.71,10.493891870795547
7501,2020-11-09 13:00:00,5258.63,10.317568163028927
7502,2020-11-09 14:00:00,5254.26,10.313900347896881
7503,2020-11-09 15:00:00,5223.23,10.287856342508466
7504,2020-11-09 16:00:00,5461.79,10.488083797405672
7505,2020-11-09 17:00:00,5591.34,10.596817310073062
7506,2020-11-09 18:00:00,6052.08,10.98352420799953
7507,2020-11-09 19:00:00,5652.22,10.647914926832543
7508,2020-11-09 20:00:00,5217.63,10.28315616751088
7509,2020-11-09 21:00:00,4841.03,9.967069398923156
7510,2020-11-09 22:00:00,4689.73,9.840080742291923
7511,2020-11-09 23:00:00,4432.65,9.624309137224127
7512,2020-11-10 00:00:00,4229.06,9.453432596552926
7513,2020-11-10 01:00:00,4176.21,9.409074695013198
7514,2020-11-10 02:00:00,4147.66,9.385112195695143
7515,2020-11-10 03:00:00,4173.55,9.406842111889345
7516,2020-11-10 04:00:00,4556.79,9.728501945117063
7517,2020-11-10 05:00:00,5210.47,10.277146658049679
7518,2020-11-10 06:00:00,5452.33,10.480143858927605
7519,2020-11-10 07:00:00,5469.78,10.494789939946871
7520,2020-11-10 08:00:00,5552.7,10.564386102589712
7521,2020-11-10 09:00:00,5661.86,10.656005942364104
7522,2020-11-10 10:00:00,5651.93,10.647671524913026
7523,2020-11-10 11:00:00,5457.93,10.484844033925192
7524,2020-11-10 12:00:00,5541.7,10.55515361598731
7525,2020-11-10 13:00:00,5312.95,10.36315986050552
7526,2020-11-10 14:00:00,5345.86,10.390781781785982
7527,2020-11-10 15:00:00,5005.07,10.1047509536739
7528,2020-11-10 16:00:00,5155.67,10.231152088430434
7529,2020-11-10 17:00:00,5543.54,10.556697959200802
7530,2020-11-10 18:00:00,6048.39,10.980427128402905
7531,2020-11-10 19:00:00,5729.6,10.71286127349563
7532,2020-11-10 20:00:00,5192.09,10.261720012254028
7533,2020-11-10 21:00:00,4788.95,9.923357771445598
7534,2020-11-10 22:00:00,4638.71,9.79725879079605
7535,2020-11-10 23:00:00,4398.63,9.595755574113786
7536,2020-11-11 00:00:00,4166.55,9.40096689314236
7537,2020-11-11 01:00:00,4085.46,9.332906680543374
7538,2020-11-11 02:00:00,4039.66,9.294465963598823
7539,2020-11-11 03:00:00,4126.43,9.367293496552506
7540,2020-11-11 04:00:00,4506.79,9.686536096924323
7541,2020-11-11 05:00:00,5069.26,10.158626709583741
7542,2020-11-11 06:00:00,5112.67,10.195061458984679
7543,2020-11-11 07:00:00,5320.4,10.369412771886239
7544,2020-11-11 08:00:00,5396.69,10.433444263058723
7545,2020-11-11 09:00:00,5544.29,10.557327446923694
7546,2020-11-11 10:00:00,5456.62,10.483744528702541
7547,2020-11-11 11:00:00,5296.0,10.348933437968181
7548,2020-11-11 12:00:00,5523.31,10.53971857702202
7549,2020-11-11 13:00:00,5328.7,10.376379102686233
7550,2020-11-11 14:00:00,5295.94,10.34888307895035
7551,2020-11-11 15:00:00,5026.19,10.122477327950513
7552,2020-11-11 16:00:00,5197.9,10.266596443814024
7553,2020-11-11 17:00:00,5508.36,10.52717078841239
7554,2020-11-11 18:00:00,6082.93,11.009417136334452
7555,2020-11-11 19:00:00,5756.82,10.735707481251758
7556,2020-11-11 20:00:00,5298.62,10.35113244841348
7557,2020-11-11 21:00:00,4961.85,10.068475674496096
7558,2020-11-11 22:00:00,4650.1,9.806818611014357
7559,2020-11-11 23:00:00,4400.32,9.5971740197827
7560,2020-11-12 00:00:00,4179.72,9.41202069755633
7561,2020-11-12 01:00:00,4078.66,9.327199325189161
7562,2020-11-12 02:00:00,4087.51,9.334627280319276
7563,2020-11-12 03:00:00,4108.82,9.352513124819023
7564,2020-11-12 04:00:00,4502.82,9.68320400857782
7565,2020-11-12 05:00:00,5106.72,10.190067523049741
7566,2020-11-12 06:00:00,4997.71,10.098573580819929
7567,2020-11-12 07:00:00,5336.61,10.383018099870325
7568,2020-11-12 08:00:00,5380.59,10.419931259940661
7569,2020-11-12 09:00:00,5450.42,10.478540763526642
7570,2020-11-12 10:00:00,5366.86,10.408407438026934
7571,2020-11-12 11:00:00,5169.43,10.242701089853078
7572,2020-11-12 12:00:00,5491.19,10.512759716143002
7573,2020-11-12 13:00:00,5195.48,10.264565296761495
7574,2020-11-12 14:00:00,5119.54,10.20082756652636
7575,2020-11-12 15:00:00,4875.6,9.996084586363617
7576,2020-11-12 16:00:00,4978.33,10.082307618060423
7577,2020-11-12 17:00:00,5356.73,10.399905157183085
7578,2020-11-12 18:00:00,5931.7,10.882487231890687
7579,2020-11-12 19:00:00,5654.39,10.649736244644108
7580,2020-11-12 20:00:00,5084.61,10.171510224978912
7581,2020-11-12 21:00:00,4774.82,9.911498222746328
7582,2020-11-12 22:00:00,4504.81,9.684874249335891
7583,2020-11-12 23:00:00,4274.03,9.491176680417476
7584,2020-11-13 00:00:00,4035.01,9.290563139716898
7585,2020-11-13 01:00:00,3932.36,9.204407253377202
7586,2020-11-13 02:00:00,3940.76,9.211457515873583
7587,2020-11-13 03:00:00,4014.85,9.273642509725585
7588,2020-11-13 04:00:00,4439.01,9.629647193114243
7589,2020-11-13 05:00:00,5019.06,10.116492997998229
7590,2020-11-13 06:00:00,4949.33,10.057967426108632
7591,2020-11-13 07:00:00,5159.4,10.234282740705613
7592,2020-11-13 08:00:00,5155.24,10.230791182135977
7593,2020-11-13 09:00:00,5251.95,10.311961525710377
7594,2020-11-13 10:00:00,5168.25,10.241710695835728
7595,2020-11-13 11:00:00,4894.73,10.01214071988216
7596,2020-11-13 12:00:00,5373.54,10.414014075345484
7597,2020-11-13 13:00:00,5156.56,10.231899080528267
7598,2020-11-13 14:00:00,4872.69,9.993642173998799
7599,2020-11-13 15:00:00,4502.49,9.682927033979746
7600,2020-11-13 16:00:00,4677.9,9.83015162260952
7601,2020-11-13 17:00:00,4912.82,10.027323963758294
7602,2020-11-13 18:00:00,5431.54,10.462694459249063
7603,2020-11-13 19:00:00,5099.74,10.184209090642035
7604,2020-11-13 20:00:00,4614.26,9.7767374910298
7605,2020-11-13 21:00:00,4245.31,9.467071497215567
7606,2020-11-13 22:00:00,3977.03,9.241899542152597
7607,2020-11-13 23:00:00,3722.08,9.027915682217811
7608,2020-11-14 00:00:00,3562.2,8.893725686036703
7609,2020-11-14 01:00:00,3470.51,8.816768713620856
7610,2020-11-14 02:00:00,3439.44,8.790691135553887
7611,2020-11-14 03:00:00,3507.5,8.847815048113844
7612,2020-11-14 04:00:00,3915.23,9.19002975378637
7613,2020-11-14 05:00:00,4524.84,9.701685768121902
7614,2020-11-14 06:00:00,4643.55,9.801321084901108
7615,2020-11-14 07:00:00,4352.56,9.557088241588996
7616,2020-11-14 08:00:00,4534.59,9.709869108519488
7617,2020-11-14 09:00:00,4069.19,9.319250993541456
7618,2020-11-14 10:00:00,3771.32,9.069243649518022
7619,2020-11-14 11:00:00,3628.89,8.94969973435618
7620,2020-11-14 12:00:00,4026.05,9.283042859720759
7621,2020-11-14 13:00:00,3812.58,9.103873867446671
7622,2020-11-14 14:00:00,3367.52,8.730327459513449
7623,2020-11-14 15:00:00,3011.88,8.431832774488122
7624,2020-11-14 16:00:00,2954.26,8.383471331030808
7625,2020-11-14 17:00:00,3814.41,9.105409817490525
7626,2020-11-14 18:00:00,4260.97,9.480215200869532
7627,2020-11-14 19:00:00,4119.87,9.361787577269618
7628,2020-11-14 20:00:00,3811.17,9.102690430527637
7629,2020-11-14 21:00:00,3466.43,8.813344300408328
7630,2020-11-14 22:00:00,3248.04,8.630045868672074
7631,2020-11-14 23:00:00,3003.19,8.424539110072223
7632,2020-11-15 00:00:00,2842.35,8.289543369605815
7633,2020-11-15 01:00:00,2759.49,8.219997565980805
7634,2020-11-15 02:00:00,2724.64,8.190747369790465
7635,2020-11-15 03:00:00,2774.02,8.232192841465615
7636,2020-11-15 04:00:00,3225.79,8.611371066226305
7637,2020-11-15 05:00:00,3837.47,9.124764466677018
7638,2020-11-15 06:00:00,3513.46,8.85281737721842
7639,2020-11-15 07:00:00,3703.17,9.012044198431317
7640,2020-11-15 08:00:00,3773.08,9.070720847374407
7641,2020-11-15 09:00:00,3623.76,8.945394038331607
7642,2020-11-15 10:00:00,3373.95,8.735724267591035
7643,2020-11-15 11:00:00,3247.29,8.629416380949184
7644,2020-11-15 12:00:00,3713.12,9.020395402221672
7645,2020-11-15 13:00:00,3689.14,9.000268581428433
7646,2020-11-15 14:00:00,3250.98,8.632513460545807
7647,2020-11-15 15:00:00,2700.17,8.170209283684937
7648,2020-11-15 16:00:00,2718.77,8.185820579212637
7649,2020-11-15 17:00:00,2876.26,8.318004607850131
7650,2020-11-15 18:00:00,3378.43,8.739484407589105
7651,2020-11-15 19:00:00,3283.1,8.659472321424824
7652,2020-11-15 20:00:00,2907.22,8.343989861051076
7653,2020-11-15 21:00:00,2640.49,8.120118847282082
7654,2020-11-15 22:00:00,2640.67,8.120269924335576
7655,2020-11-15 23:00:00,2449.43,7.9597589481679805
7656,2020-11-16 00:00:00,2295.03,7.830168408948798
7657,2020-11-16 01:00:00,2216.55,7.764298813625472
7658,2020-11-16 02:00:00,2138.13,7.6984795773199775
7659,2020-11-16 03:00:00,2235.61,7.780296194956544
7660,2020-11-16 04:00:00,2611.51,8.09579544166957
7661,2020-11-16 05:00:00,3221.34,8.607636105737152
7662,2020-11-16 06:00:00,3201.34,8.590849766460055
7663,2020-11-16 07:00:00,3630.2,8.950799239578831
7664,2020-11-16 08:00:00,3852.12,9.13706046019749
7665,2020-11-16 09:00:00,3839.81,9.126728468372438
7666,2020-11-16 10:00:00,3714.13,9.021243112355165
7667,2020-11-16 11:00:00,3619.89,8.942145881681487
7668,2020-11-16 12:00:00,4242.7,9.464880879939905
7669,2020-11-16 13:00:00,4130.12,9.37039057614913
7670,2020-11-16 14:00:00,3931.98,9.204088312930937
7671,2020-11-16 15:00:00,3453.89,8.802819265681588
7672,2020-11-16 16:00:00,3566.79,8.897578150900797
7673,2020-11-16 17:00:00,4221.55,9.447129326154375
7674,2020-11-16 18:00:00,4864.66,9.986902458779046
7675,2020-11-16 19:00:00,4581.56,9.749291826311747
7676,2020-11-16 20:00:00,4141.54,9.379975575876351
7677,2020-11-16 21:00:00,3786.82,9.082253062457772
7678,2020-11-16 22:00:00,3464.47,8.811699239159172
7679,2020-11-16 23:00:00,3246.13,8.628442773271113
7680,2020-11-17 00:00:00,3070.9,8.481369261694834
7681,2020-11-17 01:00:00,3021.3,8.439739140287633
7682,2020-11-17 02:00:00,3019.54,8.43826194243125
7683,2020-11-17 03:00:00,3083.0,8.491524996957477
7684,2020-11-17 04:00:00,3495.37,8.837634133342286
7685,2020-11-17 05:00:00,4128.27,9.368837839765998
7686,2020-11-17 06:00:00,4194.23,9.424199186701863
7687,2020-11-17 07:00:00,4139.08,9.377910856145268
7688,2020-11-17 08:00:00,4383.8,9.583308503539818
7689,2020-11-17 09:00:00,4470.39,9.655984959440008
7690,2020-11-17 10:00:00,4396.4,9.593883897284389
7691,2020-11-17 11:00:00,4227.26,9.451921826017987
7692,2020-11-17 12:00:00,4838.28,9.964761277272554
7693,2020-11-17 13:00:00,4708.38,9.855734003667814
7694,2020-11-17 14:00:00,4642.05,9.800062109455325
7695,2020-11-17 15:00:00,4207.15,9.435043161874866
7696,2020-11-17 16:00:00,4265.18,9.483748725287361
7697,2020-11-17 17:00:00,4919.31,10.03277113085371
7698,2020-11-17 18:00:00,5411.8,10.44612634238257
7699,2020-11-17 19:00:00,5227.26,10.291238789872802
7700,2020-11-17 20:00:00,4687.79,9.838452467382044
7701,2020-11-17 21:00:00,4290.33,9.50485754692831
7702,2020-11-17 22:00:00,3962.07,9.229343360373328
7703,2020-11-17 23:00:00,3673.75,8.987351493354709
7704,2020-11-18 00:00:00,3455.22,8.803935557243516
7705,2020-11-18 01:00:00,3423.15,8.777018662212692
7706,2020-11-18 02:00:00,3413.92,8.769271766636312
7707,2020-11-18 03:00:00,3506.78,8.84721073989987
7708,2020-11-18 04:00:00,3941.03,9.211684131453824
7709,2020-11-18 05:00:00,4602.26,9.766665687463542
7710,2020-11-18 06:00:00,4862.88,9.985408474583384
7711,2020-11-18 07:00:00,4618.52,9.780312981295822
7712,2020-11-18 08:00:00,4779.39,9.915333901271145
7713,2020-11-18 09:00:00,4987.38,10.08990343658331
7714,2020-11-18 10:00:00,4809.87,9.94091628232944
7715,2020-11-18 11:00:00,4792.08,9.925984833542463
7716,2020-11-18 12:00:00,5184.17,10.255072621900297
7717,2020-11-18 13:00:00,4951.31,10.059629273697066
7718,2020-11-18 14:00:00,4659.53,9.814733369983507
7719,2020-11-18 15:00:00,4523.39,9.700468758524313
7720,2020-11-18 16:00:00,4560.43,9.731557058865496
7721,2020-11-18 17:00:00,5258.1,10.317123325038084
7722,2020-11-18 18:00:00,5746.87,10.727356277461402
7723,2020-11-18 19:00:00,5392.48,10.429910738640894
7724,2020-11-18 20:00:00,4802.42,9.934663370948723
7725,2020-11-18 21:00:00,4397.61,9.594899470810654
7726,2020-11-18 22:00:00,4065.96,9.316539999748205
7727,2020-11-18 23:00:00,3810.78,9.102363096911734
7728,2020-11-19 00:00:00,3610.99,8.93467596070318
7729,2020-11-19 01:00:00,3569.32,8.89970162281935
7730,2020-11-19 02:00:00,3553.14,8.88612147434418
7731,2020-11-19 03:00:00,3616.98,8.93970346931667
7732,2020-11-19 04:00:00,4068.9,9.319007591621938
7733,2020-11-19 05:00:00,4793.03,9.926782184658125
7734,2020-11-19 06:00:00,5118.98,10.200357549026602
7735,2020-11-19 07:00:00,4789.39,9.923727070909694
7736,2020-11-19 08:00:00,4887.83,10.006349432831561
7737,2020-11-19 09:00:00,5025.26,10.121696763174128
7738,2020-11-19 10:00:00,4829.84,9.957677442097621
7739,2020-11-19 11:00:00,4756.6,9.896205867664895
7740,2020-11-19 12:00:00,5142.84,10.220383651784179
7741,2020-11-19 13:00:00,4970.53,10.075760945742354
7742,2020-11-19 14:00:00,4493.02,9.674978702332043
7743,2020-11-19 15:00:00,4389.57,9.58815136242126
7744,2020-11-19 16:00:00,4657.92,9.8133820696717
7745,2020-11-19 17:00:00,5278.47,10.334220211591807
7746,2020-11-19 18:00:00,5669.05,10.66204063133422
7747,2020-11-19 19:00:00,5473.95,10.498289891686145
7748,2020-11-19 20:00:00,4897.2,10.01421383278288
7749,2020-11-19 21:00:00,4473.58,9.658662380554704
7750,2020-11-19 22:00:00,4139.74,9.378464805341412
7751,2020-11-19 23:00:00,3886.72,9.166100827146868
7752,2020-11-20 00:00:00,3605.46,8.930034537893063
7753,2020-11-20 01:00:00,3546.97,8.880942888677195
7754,2020-11-20 02:00:00,3547.46,8.881354153989482
7755,2020-11-20 03:00:00,3629.43,8.950152965516663
7756,2020-11-20 04:00:00,4080.71,9.328919924965064
7757,2020-11-20 05:00:00,4636.8,9.795655695395087
7758,2020-11-20 06:00:00,5221.47,10.286379144652082
7759,2020-11-20 07:00:00,4883.13,10.002404643101444
7760,2020-11-20 08:00:00,4864.31,9.986608697841696
7761,2020-11-20 09:00:00,5119.37,10.200684882642506
7762,2020-11-20 10:00:00,5059.33,10.150292292132661
7763,2020-11-20 11:00:00,4838.07,9.964585020710146
7764,2020-11-20 12:00:00,5308.89,10.359752233632271
7765,2020-11-20 13:00:00,5112.47,10.194893595591907
7766,2020-11-20 14:00:00,4471.86,9.657218755376874
7767,2020-11-20 15:00:00,4470.16,9.655791916538321
7768,2020-11-20 16:00:00,4524.97,9.701794879327203
7769,2020-11-20 17:00:00,5222.68,10.287394718178346
7770,2020-11-20 18:00:00,5742.8,10.723940257418512
7771,2020-11-20 19:00:00,5388.31,10.42641078690162
7772,2020-11-20 20:00:00,4868.85,9.990419196857598
7773,2020-11-20 21:00:00,4431.83,9.623620897313765
7774,2020-11-20 22:00:00,4138.25,9.37721422306527
7775,2020-11-20 23:00:00,3846.3,9.132175635467856
7776,2020-11-21 00:00:00,3615.03,8.938066801237154
7777,2020-11-21 01:00:00,3545.69,8.87986856296346
7778,2020-11-21 02:00:00,3546.63,8.880657520909484
7779,2020-11-21 03:00:00,3625.4,8.946770518152327
7780,2020-11-21 04:00:00,4041.4,9.295926375115931
7781,2020-11-21 05:00:00,4772.38,9.909450289354524
7782,2020-11-21 06:00:00,5305.39,10.356814624258778
7783,2020-11-21 07:00:00,4982.8,10.086059364888854
7784,2020-11-21 08:00:00,5003.65,10.103559123585226
7785,2020-11-21 09:00:00,5177.46,10.249440805072831
7786,2020-11-21 10:00:00,5082.04,10.169353180381805
7787,2020-11-21 11:00:00,4748.67,9.889550084141526
7788,2020-11-21 12:00:00,5197.4,10.266176785332096
7789,2020-11-21 13:00:00,4935.27,10.046166629596835
7790,2020-11-21 14:00:00,4456.26,9.64412541074074
7791,2020-11-21 15:00:00,4523.97,9.70095556236335
7792,2020-11-21 16:00:00,4599.1,9.764013445857762
7793,2020-11-21 17:00:00,5330.82,10.378158454649606
7794,2020-11-21 18:00:00,5680.17,10.671373835972286
7795,2020-11-21 19:00:00,5443.71,10.472908946699176
7796,2020-11-21 20:00:00,4922.01,10.03503728665612
7797,2020-11-21 21:00:00,4469.78,9.655472976092057
7798,2020-11-21 22:00:00,4245.83,9.46750794203677
7799,2020-11-21 23:00:00,3928.04,9.200781404093348
7800,2020-11-22 00:00:00,3682.59,8.994771055315184
7801,2020-11-22 01:00:00,3617.65,8.940265811682453
7802,2020-11-22 02:00:00,3607.35,8.931620846954749
7803,2020-11-22 03:00:00,3682.54,8.994729089466992
7804,2020-11-22 04:00:00,4093.85,9.339948549870115
7805,2020-11-22 05:00:00,4806.79,9.938331186080767
7806,2020-11-22 06:00:00,5190.89,10.260712831897402
7807,2020-11-22 07:00:00,4791.02,9.925095157560778
7808,2020-11-22 08:00:00,4733.64,9.876935150174788
7809,2020-11-22 09:00:00,4850.18,9.97474914914243
7810,2020-11-22 10:00:00,4803.99,9.935981098581973
7811,2020-11-22 11:00:00,4634.42,9.793658121021114
7812,2020-11-22 12:00:00,5026.17,10.122460541611236
7813,2020-11-22 13:00:00,4831.77,9.95929732383786
7814,2020-11-22 14:00:00,4180.31,9.412515894565004
7815,2020-11-22 15:00:00,3928.23,9.200940874316482
7816,2020-11-22 16:00:00,4075.85,9.324840844520729
7817,2020-11-22 17:00:00,4746.12,9.887409825883696
7818,2020-11-22 18:00:00,5295.11,10.34818644587035
7819,2020-11-22 19:00:00,4917.45,10.031210001300941
7820,2020-11-22 20:00:00,4412.62,9.607497618438115
7821,2020-11-22 21:00:00,4134.58,9.374133929807922
7822,2020-11-22 22:00:00,3894.47,9.172605533616743
7823,2020-11-22 23:00:00,3626.54,8.947727339491122
7824,2020-11-23 00:00:00,3413.96,8.769305339314865
7825,2020-11-23 01:00:00,3353.17,8.718283261082131
7826,2020-11-23 02:00:00,3391.36,8.750336775931746
7827,2020-11-23 03:00:00,3445.85,8.796071157292197
7828,2020-11-23 04:00:00,3819.2,9.10943014574739
7829,2020-11-23 05:00:00,4573.88,9.742845872029342
7830,2020-11-23 06:00:00,5140.57,10.218478402276228
7831,2020-11-23 07:00:00,4839.36,9.965667739593519
7832,2020-11-23 08:00:00,4913.78,10.028129708043593
7833,2020-11-23 09:00:00,5267.82,10.325281485926752
7834,2020-11-23 10:00:00,5182.39,10.253578637704637
7835,2020-11-23 11:00:00,5058.15,10.149301898115313
7836,2020-11-23 12:00:00,5502.79,10.522495792923719
7837,2020-11-23 13:00:00,5449.86,10.478070746026884
7838,2020-11-23 14:00:00,4878.54,9.99855217823735
7839,2020-11-23 15:00:00,4823.87,9.952666719823407
7840,2020-11-23 16:00:00,4828.59,9.956628295892802
7841,2020-11-23 17:00:00,5599.12,10.603347196051853
7842,2020-11-23 18:00:00,5766.48,10.743815283122593
7843,2020-11-23 19:00:00,5495.67,10.516519856141073
7844,2020-11-23 20:00:00,4953.92,10.061819890972727
7845,2020-11-23 21:00:00,4682.91,9.834356600598433
7846,2020-11-23 22:00:00,4394.6,9.592373126749452
7847,2020-11-23 23:00:00,4096.16,9.34188737205662
7848,2020-11-24 00:00:00,3879.29,9.159864702105427
7849,2020-11-24 01:00:00,3793.98,9.088262571918973
7850,2020-11-24 02:00:00,3760.32,9.06001116291562
7851,2020-11-24 03:00:00,3830.67,9.119057111322805
7852,2020-11-24 04:00:00,4282.91,9.498629815056507
7853,2020-11-24 05:00:00,5065.02,10.155068005656997
7854,2020-11-24 06:00:00,5755.78,10.734834591609347
7855,2020-11-24 07:00:00,5596.19,10.600887997347758
7856,2020-11-24 08:00:00,5192.34,10.261929841494991
7857,2020-11-24 09:00:00,5457.6,10.48456705932712
7858,2020-11-24 10:00:00,5385.75,10.424262135474152
7859,2020-11-24 11:00:00,5420.89,10.45375573358401
7860,2020-11-24 12:00:00,5771.58,10.748095799638254
7861,2020-11-24 13:00:00,5571.14,10.579863107403195
7862,2020-11-24 14:00:00,5155.08,10.230656891421761
7863,2020-11-24 15:00:00,5069.48,10.158811359315788
7864,2020-11-24 16:00:00,5158.1,10.233191628652602
7865,2020-11-24 17:00:00,5598.55,10.602868785382455
7866,2020-11-24 18:00:00,6032.87,10.96740092912388
7867,2020-11-24 19:00:00,5782.76,10.757479363294152
7868,2020-11-24 20:00:00,5231.82,10.295066075227979
7869,2020-11-24 21:00:00,4715.2,9.861458145361304
7870,2020-11-24 22:00:00,4448.92,9.637964824226046
7871,2020-11-24 23:00:00,4205.72,9.433842938616554
7872,2020-11-25 00:00:00,3929.19,9.201746618601781
7873,2020-11-25 01:00:00,3798.74,9.092257720666922
7874,2020-11-25 02:00:00,3779.75,9.076319091523319
7875,2020-11-25 03:00:00,3864.6,9.147535135906399
7876,2020-11-25 04:00:00,4283.31,9.498965541842049
7877,2020-11-25 05:00:00,5076.02,10.1643004922594
7878,2020-11-25 06:00:00,5623.09,10.623465623675454
7879,2020-11-25 07:00:00,5433.93,10.464700426792676
7880,2020-11-25 08:00:00,5674.18,10.666346327358795
7881,2020-11-25 09:00:00,5858.82,10.821317811564949
7882,2020-11-25 10:00:00,5786.2,10.760366613649811
7883,2020-11-25 11:00:00,5568.37,10.577538199413317
7884,2020-11-25 12:00:00,5875.97,10.835712097495058
7885,2020-11-25 13:00:00,5608.1,10.61088426238727
7886,2020-11-25 14:00:00,5123.81,10.204411449962022
7887,2020-11-25 15:00:00,5047.14,10.140061018343273
7888,2020-11-25 16:00:00,5033.33,10.128470051072437
7889,2020-11-25 17:00:00,5723.44,10.707691080998284
7890,2020-11-25 18:00:00,6039.09,10.972621480639056
7891,2020-11-25 19:00:00,5608.37,10.61111087796751
7892,2020-11-25 20:00:00,5069.24,10.158609923244462
7893,2020-11-25 21:00:00,4712.84,9.859477357326607
7894,2020-11-25 22:00:00,4300.92,9.513745913575532
7895,2020-11-25 23:00:00,3979.03,9.243578176080305
7896,2020-11-26 00:00:00,3709.81,9.017617263071312
7897,2020-11-26 01:00:00,3594.58,8.920902769326322
7898,2020-11-26 02:00:00,3607.82,8.932015325927761
7899,2020-11-26 03:00:00,3606.98,8.931310299678122
7900,2020-11-26 04:00:00,3906.64,9.182820021066856
7901,2020-11-26 05:00:00,4560.6,9.73169974274935
7902,2020-11-26 06:00:00,5080.08,10.16770811913265
7903,2020-11-26 07:00:00,5066.51,10.15631858793314
7904,2020-11-26 08:00:00,5214.81,10.28078929367281
7905,2020-11-26 09:00:00,5498.59,10.518970661675528
7906,2020-11-26 10:00:00,5464.98,10.490761218520367
7907,2020-11-26 11:00:00,5316.01,10.365728170414917
7908,2020-11-26 12:00:00,5751.2,10.730990519914894
7909,2020-11-26 13:00:00,5515.34,10.533029220820097
7910,2020-11-26 14:00:00,4927.27,10.039452093885995
7911,2020-11-26 15:00:00,4831.77,9.95929732383786
7912,2020-11-26 16:00:00,5041.69,10.135486740890263
7913,2020-11-26 17:00:00,5590.74,10.596313719894749
7914,2020-11-26 18:00:00,6045.49,10.977993109207727
7915,2020-11-26 19:00:00,5688.44,10.678314987263365
7916,2020-11-26 20:00:00,5180.84,10.252277696410662
7917,2020-11-26 21:00:00,4750.21,9.890842632265862
7918,2020-11-26 22:00:00,4444.56,9.634305402263639
7919,2020-11-26 23:00:00,4152.88,9.389493430246466
7920,2020-11-27 00:00:00,3940.46,9.211205720784426
7921,2020-11-27 01:00:00,3801.27,9.094381192585473
7922,2020-11-27 02:00:00,3833.55,9.121474344178708
7923,2020-11-27 03:00:00,3874.52,9.15586116018784
7924,2020-11-27 04:00:00,4194.33,9.424283118398247
7925,2020-11-27 05:00:00,5140.01,10.21800838477647
7926,2020-11-27 06:00:00,5857.88,10.820528853618924
7927,2020-11-27 07:00:00,5636.26,10.63451942808942
7928,2020-11-27 08:00:00,5546.28,10.558997687681764
7929,2020-11-27 09:00:00,5968.96,10.913760181963918
7930,2020-11-27 10:00:00,5814.12,10.783800343280639
7931,2020-11-27 11:00:00,5646.34,10.642979743085078
7932,2020-11-27 12:00:00,5841.95,10.807158534384717
7933,2020-11-27 13:00:00,5562.83,10.572888383433561
7934,2020-11-27 14:00:00,5063.39,10.153699919005913
7935,2020-11-27 15:00:00,4865.54,9.987641057707238
7936,2020-11-27 16:00:00,5176.76,10.248853283198134
7937,2020-11-27 17:00:00,5588.28,10.594249000163666
7938,2020-11-27 18:00:00,6075.02,11.00277813915036
7939,2020-11-27 19:00:00,5699.94,10.687967132347694
7940,2020-11-27 20:00:00,5176.1,10.24829933400199
7941,2020-11-27 21:00:00,4803.52,9.935586619608962
7942,2020-11-27 22:00:00,4557.94,9.729467159625496
7943,2020-11-27 23:00:00,4261.35,9.480534141315797
7944,2020-11-28 00:00:00,3991.44,9.253994099601744
7945,2020-11-28 01:00:00,3881.74,9.161921028666871
7946,2020-11-28 02:00:00,3895.76,9.173688252500115
7947,2020-11-28 03:00:00,3952.97,9.22170557600225
7948,2020-11-28 04:00:00,4286.52,9.501659749296023
7949,2020-11-28 05:00:00,5152.06,10.22812215419092
7950,2020-11-28 06:00:00,5780.12,10.755263566509575
7951,2020-11-28 07:00:00,5711.34,10.697535345735641
7952,2020-11-28 08:00:00,5980.88,10.923764840173067
7953,2020-11-28 09:00:00,5958.95,10.90535861915573
7954,2020-11-28 10:00:00,5964.13,10.909706281028498
7955,2020-11-28 11:00:00,5717.3,10.702537674840215
7956,2020-11-28 12:00:00,5725.22,10.709185065193946
7957,2020-11-28 13:00:00,5415.18,10.448963233720399
7958,2020-11-28 14:00:00,5065.98,10.155873749942296
7959,2020-11-28 15:00:00,4973.22,10.078018708375124
7960,2020-11-28 16:00:00,5376.61,10.416590778424517
7961,2020-11-28 17:00:00,5583.19,10.589976876817644
7962,2020-11-28 18:00:00,6034.53,10.968794195283877
7963,2020-11-28 19:00:00,5680.51,10.671659203739996
7964,2020-11-28 20:00:00,5204.14,10.271833781668478
7965,2020-11-28 21:00:00,4835.51,9.962436369282678
7966,2020-11-28 22:00:00,4665.27,9.819551049356035
7967,2020-11-28 23:00:00,4369.45,9.571264305108503
7968,2020-11-29 00:00:00,4126.03,9.366957769766962
7969,2020-11-29 01:00:00,3982.99,9.24690187125717
7970,2020-11-29 02:00:00,4000.65,9.261724208838848
7971,2020-11-29 03:00:00,4059.99,9.31152927747399
7972,2020-11-29 04:00:00,4359.4,9.56282916962176
7973,2020-11-29 05:00:00,5313.16,10.36333611706793
7974,2020-11-29 06:00:00,5878.61,10.837927894279634
7975,2020-11-29 07:00:00,5681.23,10.672263511953972
7976,2020-11-29 08:00:00,5820.48,10.789138399170755
7977,2020-11-29 09:00:00,5837.89,10.803750907511468
7978,2020-11-29 10:00:00,5626.15,10.626033933584848
7979,2020-11-29 11:00:00,5438.21,10.468292703397974
7980,2020-11-29 12:00:00,5380.67,10.419998405297768
7981,2020-11-29 13:00:00,5112.17,10.194641800502751
7982,2020-11-29 14:00:00,4512.87,9.69163914406456
7983,2020-11-29 15:00:00,4494.78,9.676455900188426
7984,2020-11-29 16:00:00,4924.96,10.037513271699492
7985,2020-11-29 17:00:00,5051.66,10.143854731019896
7986,2020-11-29 18:00:00,5501.48,10.52139628770107
7987,2020-11-29 19:00:00,4988.52,10.090860257922103
7988,2020-11-29 20:00:00,4670.87,9.82425122435362
7989,2020-11-29 21:00:00,4217.12,9.443411152004499
7990,2020-11-29 22:00:00,4233.29,9.456982907310032
7991,2020-11-29 23:00:00,4007.6,9.267557461737638
7992,2020-11-30 00:00:00,3796.74,9.090579086739211
7993,2020-11-30 01:00:00,3690.79,9.001653454418793
7994,2020-11-30 02:00:00,3706.08,9.014486610796133
7995,2020-11-30 03:00:00,3762.33,9.061698190012967
7996,2020-11-30 04:00:00,4084.67,9.332243620141929
7997,2020-11-30 05:00:00,5049.34,10.141907515663753
7998,2020-11-30 06:00:00,5822.79,10.79107722135726
7999,2020-11-30 07:00:00,5949.0,10.897007415365376
8000,2020-11-30 08:00:00,6049.38,10.981258052197122
8001,2020-11-30 09:00:00,6315.69,11.204776552841297
8002,2020-11-30 10:00:00,6248.09,11.148038726084712
8003,2020-11-30 11:00:00,5934.45,10.884795353541287
8004,2020-11-30 12:00:00,5807.2,10.777992269890763
8005,2020-11-30 13:00:00,5397.22,10.433889101049566
8006,2020-11-30 14:00:00,5057.83,10.14903331668688
8007,2020-11-30 15:00:00,4870.72,9.991988719580005
8008,2020-11-30 16:00:00,5349.85,10.394130656471763
8009,2020-11-30 17:00:00,5632.26,10.631162160234002
8010,2020-11-30 18:00:00,5878.69,10.837995039636743
8011,2020-11-30 19:00:00,5523.18,10.539609465816719
8012,2020-11-30 20:00:00,5096.5,10.181489703679146
8013,2020-11-30 21:00:00,4702.13,9.850488272643723
8014,2020-11-30 22:00:00,4547.26,9.720503254451527
8015,2020-11-30 23:00:00,4366.29,9.568612063502721
8016,2020-12-01 00:00:00,4134.9,9.374402511236354
8017,2020-12-01 01:00:00,4010.35,9.269865583388238
8018,2020-12-01 02:00:00,4028.63,9.285208297487504
8019,2020-12-01 03:00:00,4087.47,9.334593707640721
8020,2020-12-01 04:00:00,4303.48,9.515894565003
8021,2020-12-01 05:00:00,5454.81,10.482225364997966
8022,2020-12-01 06:00:00,6196.46,11.104704791240888
8023,2020-12-01 07:00:00,6158.82,11.073112900721393
8024,2020-12-01 08:00:00,6129.88,11.048823067787435
8025,2020-12-01 09:00:00,6334.61,11.22065642979743
8026,2020-12-01 10:00:00,6048.67,10.980662137152786
8027,2020-12-01 11:00:00,5884.92,10.84322398432156
8028,2020-12-01 12:00:00,6048.18,10.980250871840497
8029,2020-12-01 13:00:00,5769.67,10.74649270423729
8030,2020-12-01 14:00:00,5088.2,10.17452337287915
8031,2020-12-01 15:00:00,4745.48,9.886872663026828
8032,2020-12-01 16:00:00,5242.15,10.3037362194646
8033,2020-12-01 17:00:00,5638.84,10.636684865856166
8034,2020-12-01 18:00:00,6093.46,11.018255143963842
8035,2020-12-01 19:00:00,5447.18,10.475821376563752
8036,2020-12-01 20:00:00,4934.68,10.04567143258816
8037,2020-12-01 21:00:00,4791.25,9.925288200462465
8038,2020-12-01 22:00:00,4844.75,9.970191658028696
8039,2020-12-01 23:00:00,4480.51,9.664478847114218
8040,2020-12-02 00:00:00,4288.8,9.503573391973612
8041,2020-12-02 01:00:00,4234.99,9.458409746148584
8042,2020-12-02 02:00:00,4273.47,9.490706662917717
8043,2020-12-02 03:00:00,4332.78,9.540486552043946
8044,2020-12-02 04:00:00,4709.01,9.856262773355043
8045,2020-12-02 05:00:00,5648.25,10.64458283848604
8046,2020-12-02 06:00:00,6636.65,11.474163725560139
8047,2020-12-02 07:00:00,6432.56,11.30286752640701
8048,2020-12-02 08:00:00,6699.37,11.526805685533112
8049,2020-12-02 09:00:00,6887.14,11.684404231836133
8050,2020-12-02 10:00:00,6706.07,11.53242910919094
8051,2020-12-02 11:00:00,6444.52,11.312905757294715
8052,2020-12-02 12:00:00,5934.9,10.885173046175023
8053,2020-12-02 13:00:00,5527.38,10.543134597064908
8054,2020-12-02 14:00:00,5283.95,10.33881966855373
8055,2020-12-02 15:00:00,5212.55,10.278892437334498
8056,2020-12-02 16:00:00,5690.83,10.680320954806978
8057,2020-12-02 17:00:00,5902.58,10.858046321903235
8058,2020-12-02 18:00:00,6210.78,11.11672381016329
8059,2020-12-02 19:00:00,5823.87,10.791983683678222
8060,2020-12-02 20:00:00,5260.29,10.318961429188926
8061,2020-12-02 21:00:00,4924.11,10.036799852280215
8062,2020-12-02 22:00:00,4929.57,10.041382522902861
8063,2020-12-02 23:00:00,4746.73,9.887921809231647
8064,2020-12-03 00:00:00,4379.71,9.579875697157654
8065,2020-12-03 01:00:00,4309.78,9.521182261875285
8066,2020-12-03 02:00:00,4329.96,9.538119678205875
8067,2020-12-03 03:00:00,4350.1,9.555023521857912
8068,2020-12-03 04:00:00,4639.67,9.798064535081352
8069,2020-12-03 05:00:00,5988.87,10.930470982714267
8070,2020-12-03 06:00:00,6687.5,11.516842993172157
8071,2020-12-03 07:00:00,6526.38,11.381612243955868
8072,2020-12-03 08:00:00,6608.71,11.450713209590035
8073,2020-12-03 09:00:00,6737.57,11.558867593552367
8074,2020-12-03 10:00:00,6733.14,11.55514941940249
8075,2020-12-03 11:00:00,6438.53,11.307878248681224
8076,2020-12-03 12:00:00,6022.88,10.95901615265497
8077,2020-12-03 13:00:00,5530.47,10.54572808648322
8078,2020-12-03 14:00:00,5441.74,10.471255492280381
8079,2020-12-03 15:00:00,5235.67,10.29829744553882
8080,2020-12-03 16:00:00,5720.9,10.705559215910093
8081,2020-12-03 17:00:00,5996.12,10.936556030702214
8082,2020-12-03 18:00:00,6177.04,11.088405255802828
8083,2020-12-03 19:00:00,5669.75,10.662628153208919
8084,2020-12-03 20:00:00,5026.21,10.122494114289792
8085,2020-12-03 21:00:00,4792.93,9.92669825296174
8086,2020-12-03 22:00:00,4991.81,10.093621610733186
8087,2020-12-03 23:00:00,4700.52,9.849136972331916
8088,2020-12-04 00:00:00,4451.93,9.640491168287248
8089,2020-12-04 01:00:00,4343.99,9.54989529520876
8090,2020-12-04 02:00:00,4307.95,9.519646311831432
8091,2020-12-04 03:00:00,4351.82,9.556467147035741
8092,2020-12-04 04:00:00,4667.75,9.821632555426394
8093,2020-12-04 05:00:00,5815.28,10.784773950958709
8094,2020-12-04 06:00:00,6738.44,11.559597799310922
8095,2020-12-04 07:00:00,6382.03,11.260456840223426
8096,2020-12-04 08:00:00,6547.43,11.399279866045013
8097,2020-12-04 09:00:00,6817.35,11.625828300928704
8098,2020-12-04 10:00:00,6569.71,11.417979847999698
8099,2020-12-04 11:00:00,6432.96,11.303203253192553
8100,2020-12-04 12:00:00,5789.61,10.763228684496557
8101,2020-12-04 13:00:00,5649.12,10.645313044244594
8102,2020-12-04 14:00:00,5261.3,10.31980913932242
8103,2020-12-04 15:00:00,5026.51,10.122745909378947
8104,2020-12-04 16:00:00,5455.1,10.482468766917483
8105,2020-12-04 17:00:00,5790.87,10.764286223871014
8106,2020-12-04 18:00:00,6202.44,11.109723906684739
8107,2020-12-04 19:00:00,5726.14,10.709957236800692
8108,2020-12-04 20:00:00,5028.52,10.124432936476296
8109,2020-12-04 21:00:00,4781.22,9.916869851314999
8110,2020-12-04 22:00:00,4937.53,10.048063485935145
8111,2020-12-04 23:00:00,4667.17,9.821145751587359
8112,2020-12-05 00:00:00,4469.14,9.65493581323519
8113,2020-12-05 01:00:00,4336.93,9.543969717443945
8114,2020-12-05 02:00:00,4315.56,9.526033513926366
8115,2020-12-05 03:00:00,4412.24,9.60717867799185
8116,2020-12-05 04:00:00,4700.36,9.8490026816177
8117,2020-12-05 05:00:00,5753.06,10.732551649467663
8118,2020-12-05 06:00:00,6810.65,11.620204877270876
8119,2020-12-05 07:00:00,6440.85,11.309825464037367
8120,2020-12-05 08:00:00,6174.31,11.086113920491504
8121,2020-12-05 09:00:00,5924.68,10.876595226804426
8122,2020-12-05 10:00:00,5996.38,10.936774253112816
8123,2020-12-05 11:00:00,5991.64,10.932795890704146
8124,2020-12-05 12:00:00,6159.19,11.07342344799802
8125,2020-12-05 13:00:00,5920.85,10.873380642832863
8126,2020-12-05 14:00:00,5751.9,10.731578041789591
8127,2020-12-05 15:00:00,5768.62,10.745611421425243
8128,2020-12-05 16:00:00,5172.02,10.244874920789462
8129,2020-12-05 17:00:00,6104.35,11.027395305700221
8130,2020-12-05 18:00:00,6411.0,11.2847718526663
8131,2020-12-05 19:00:00,5547.86,10.560323808484654
8132,2020-12-05 20:00:00,4986.7,10.089332701047887
8133,2020-12-05 21:00:00,4782.07,9.917583270734276
8134,2020-12-05 22:00:00,4936.66,10.047333280176591
8135,2020-12-05 23:00:00,4659.43,9.814649438287121
8136,2020-12-06 00:00:00,4386.5,9.585574659342228
8137,2020-12-06 01:00:00,4292.15,9.506385103802526
8138,2020-12-06 02:00:00,4285.54,9.500837218671446
8139,2020-12-06 03:00:00,4298.52,9.511731552862281
8140,2020-12-06 04:00:00,4585.73,9.752791778051021
8141,2020-12-06 05:00:00,5516.97,10.534397307471181
8142,2020-12-06 06:00:00,6499.69,11.359210874190584
8143,2020-12-06 07:00:00,6273.57,11.169424522323734
8144,2020-12-06 08:00:00,5672.34,10.664801984145303
8145,2020-12-06 09:00:00,5595.8,10.600560663731855
8146,2020-12-06 10:00:00,5568.18,10.577378729190185
8147,2020-12-06 11:00:00,5138.48,10.216724229821772
8148,2020-12-06 12:00:00,5341.0,10.386702701341648
8149,2020-12-06 13:00:00,5099.49,10.183999261401071
8150,2020-12-06 14:00:00,4741.8,9.883783976599844
8151,2020-12-06 15:00:00,4941.14,10.051093420174663
8152,2020-12-06 16:00:00,4235.54,9.458871370478704
8153,2020-12-06 17:00:00,5247.91,10.308570685176402
8154,2020-12-06 18:00:00,5533.13,10.547960669607074
8155,2020-12-06 19:00:00,4792.03,9.925942867694271
8156,2020-12-06 20:00:00,4158.24,9.393992169172726
8157,2020-12-06 21:00:00,3953.83,9.222427388591164
8158,2020-12-06 22:00:00,4209.86,9.437317710846912
8159,2020-12-06 23:00:00,4156.28,9.392347107923571
8160,2020-12-07 00:00:00,4469.14,9.65493581323519
8161,2020-12-07 01:00:00,4336.93,9.543969717443945
8162,2020-12-07 02:00:00,4315.56,9.526033513926366
8163,2020-12-07 03:00:00,4412.24,9.60717867799185
8164,2020-12-07 04:00:00,4700.36,9.8490026816177
8165,2020-12-07 05:00:00,5753.06,10.732551649467663
8166,2020-12-07 06:00:00,6810.65,11.620204877270876
8167,2020-12-07 07:00:00,6440.85,11.309825464037367
8168,2020-12-07 08:00:00,6174.31,11.086113920491504
8169,2020-12-07 09:00:00,5924.68,10.876595226804426
8170,2020-12-07 10:00:00,5996.38,10.936774253112816
8171,2020-12-07 11:00:00,5991.64,10.932795890704146
8172,2020-12-07 12:00:00,6146.65,11.062898413271279
8173,2020-12-07 13:00:00,5813.41,10.783204428236301
8174,2020-12-07 14:00:00,5457.08,10.484130614505915
8175,2020-12-07 15:00:00,5750.75,10.730612827281158
8176,2020-12-07 16:00:00,5160.44,10.235155630348022
8177,2020-12-07 17:00:00,6129.78,11.048739136091049
8178,2020-12-07 18:00:00,6308.74,11.198943299942506
8179,2020-12-07 19:00:00,5765.33,10.742850068614162
8180,2020-12-07 20:00:00,5057.22,10.148521333338929
8181,2020-12-07 21:00:00,4785.8,9.920713923009455
8182,2020-12-07 22:00:00,5043.39,10.136913579728816
8183,2020-12-07 23:00:00,4801.96,9.934277285145349
8184,2020-12-08 00:00:00,4599.84,9.764634540411013
8185,2020-12-08 01:00:00,4473.53,9.658620414706512
8186,2020-12-08 02:00:00,4346.29,9.551825724225626
8187,2020-12-08 03:00:00,4438.63,9.629328252667978
8188,2020-12-08 04:00:00,4854.96,9.978761084229653
8189,2020-12-08 05:00:00,5620.29,10.62111553617666
8190,2020-12-08 06:00:00,6333.99,11.220136053279841
8191,2020-12-08 07:00:00,6093.89,11.0186160502583
8192,2020-12-08 08:00:00,6055.77,10.986621287596154
8193,2020-12-08 09:00:00,6221.02,11.125318415873164
8194,2020-12-08 10:00:00,6084.21,11.010491462048186
8195,2020-12-08 11:00:00,5769.47,10.74632484084452
8196,2020-12-08 12:00:00,6033.57,10.967988450998577
8197,2020-12-08 13:00:00,5798.79,10.770933614224743
8198,2020-12-08 14:00:00,5561.75,10.571981921112599
8199,2020-12-08 15:00:00,5959.49,10.905811850316212
8200,2020-12-08 16:00:00,5144.35,10.221651020399598
8201,2020-12-08 17:00:00,6049.66,10.981493060947
8202,2020-12-08 18:00:00,6262.84,11.16041865130157
8203,2020-12-08 19:00:00,5710.28,10.696645669753954
8204,2020-12-08 20:00:00,5057.0,10.14833668360688
8205,2020-12-08 21:00:00,4814.09,9.944458199916907
8206,2020-12-08 22:00:00,5084.44,10.171367541095057
8207,2020-12-08 23:00:00,4828.56,9.956603116383887
8208,2020-12-09 00:00:00,4598.9,9.76384558246499
8209,2020-12-09 01:00:00,4532.87,9.708425483341657
8210,2020-12-09 02:00:00,4505.52,9.685470164380227
8211,2020-12-09 03:00:00,4594.43,9.760093835636559
8212,2020-12-09 04:00:00,4977.97,10.082005463953434
8213,2020-12-09 05:00:00,5773.0,10.749287629726929
8214,2020-12-09 06:00:00,6564.46,11.41357343393946
8215,2020-12-09 07:00:00,6218.15,11.122909576186899
8216,2020-12-09 08:00:00,6127.75,11.047035322654423
8217,2020-12-09 09:00:00,6389.67,11.266869221827278
8218,2020-12-09 10:00:00,6032.95,10.967468074480987
8219,2020-12-09 11:00:00,6031.09,10.965906944928218
8220,2020-12-09 12:00:00,6233.89,11.136120425197973
8221,2020-12-09 13:00:00,5920.45,10.87304491604732
8222,2020-12-09 14:00:00,5405.26,10.44063720943896
8223,2020-12-09 15:00:00,5903.64,10.858935997884922
8224,2020-12-09 16:00:00,5149.83,10.226250477361523
8225,2020-12-09 17:00:00,5988.36,10.930042931062701
8226,2020-12-09 18:00:00,6138.61,11.056150304881886
8227,2020-12-09 19:00:00,5495.86,10.516679326364205
8228,2020-12-09 20:00:00,5026.58,10.122804661566416
8229,2020-12-09 21:00:00,4983.01,10.086235621451262
8230,2020-12-09 22:00:00,4789.49,9.92381100260608
8231,2020-12-09 23:00:00,4587.36,9.754159864702105
8232,2020-12-10 00:00:00,4365.5,9.567949003101276
8233,2020-12-10 01:00:00,4290.9,9.505335957597707
8234,2020-12-10 02:00:00,4258.9,9.478477814754353
8235,2020-12-10 03:00:00,4329.35,9.537607694857925
8236,2020-12-10 04:00:00,4707.59,9.85507094326637
8237,2020-12-10 05:00:00,5648.5,10.644792667727003
8238,2020-12-10 06:00:00,6359.04,11.241160943224404
8239,2020-12-10 07:00:00,6199.76,11.10747453722161
8240,2020-12-10 08:00:00,5976.31,10.919929161648252
8241,2020-12-10 09:00:00,6176.68,11.08810310169584
8242,2020-12-10 10:00:00,5901.2,10.856888064493116
8243,2020-12-10 11:00:00,5689.59,10.679280201771798
8244,2020-12-10 12:00:00,5953.34,10.900650050988506
8245,2020-12-10 13:00:00,5726.8,10.710511185996836
8246,2020-12-10 14:00:00,5260.61,10.319230010617359
8247,2020-12-10 15:00:00,5597.09,10.601643382615228
8248,2020-12-10 16:00:00,5028.98,10.124819022279668
8249,2020-12-10 17:00:00,5930.7,10.881647914926832
8250,2020-12-10 18:00:00,6079.07,11.006177372853971
8251,2020-12-10 19:00:00,5475.79,10.49983423489964
8252,2020-12-10 20:00:00,4932.53,10.043866901115871
8253,2020-12-10 21:00:00,4681.99,9.833584428991687
8254,2020-12-10 22:00:00,4758.65,9.897926467440797
8255,2020-12-10 23:00:00,4591.87,9.75794518420909
8256,2020-12-11 00:00:00,4310.92,9.52213908321408
8257,2020-12-11 01:00:00,4183.98,9.415596187822349
8258,2020-12-11 02:00:00,4227.0,9.451703603607385
8259,2020-12-11 03:00:00,4279.19,9.495507555950967
8260,2020-12-11 04:00:00,4516.03,9.694291385670342
8261,2020-12-11 05:00:00,5403.51,10.439168404752213
8262,2020-12-11 06:00:00,6057.55,10.988115271791816
8263,2020-12-11 07:00:00,5914.5,10.868050980112384
8264,2020-12-11 08:00:00,5840.5,10.805941524787128
8265,2020-12-11 09:00:00,5862.6,10.82449042968832
8266,2020-12-11 10:00:00,5868.04,10.829056313971689
8267,2020-12-11 11:00:00,5895.84,10.852389325566854
8268,2020-12-11 12:00:00,5917.94,10.870938230468045
8269,2020-12-11 13:00:00,5609.41,10.61198376760992
8270,2020-12-11 14:00:00,5118.03,10.19956019791094
8271,2020-12-11 15:00:00,5233.36,10.296358623352315
8272,2020-12-11 16:00:00,5379.89,10.419343738065962
8273,2020-12-11 17:00:00,6018.23,10.955113328773045
8274,2020-12-11 18:00:00,6055.41,10.986319133489166
8275,2020-12-11 19:00:00,5448.17,10.47665230035797
8276,2020-12-11 20:00:00,4788.26,9.922778642740537
8277,2020-12-11 21:00:00,4583.66,9.751054391935842
8278,2020-12-11 22:00:00,4646.99,9.804208335256767
8279,2020-12-11 23:00:00,4382.73,9.582410434388494
8280,2020-12-12 00:00:00,4170.64,9.404399699524527
8281,2020-12-12 01:00:00,3953.13,9.221839866716467
8282,2020-12-12 02:00:00,3839.3,9.126300416720873
8283,2020-12-12 03:00:00,3779.31,9.075949792059223
8284,2020-12-12 04:00:00,3972.18,9.2378288548779
8285,2020-12-12 05:00:00,4690.12,9.840408075907826
8286,2020-12-12 06:00:00,5319.15,10.36836362568142
8287,2020-12-12 07:00:00,5313.68,10.363772561889135
8288,2020-12-12 08:00:00,5241.41,10.303115124911347
8289,2020-12-12 09:00:00,5279.68,10.335235785118071
8290,2020-12-12 10:00:00,5489.63,10.511450381679388
8291,2020-12-12 11:00:00,5294.6,10.347758394218785
8292,2020-12-12 12:00:00,5532.95,10.54780959255358
8293,2020-12-12 13:00:00,5257.02,10.316216862717122
8294,2020-12-12 14:00:00,4797.76,9.930752153897158
8295,2020-12-12 15:00:00,4839.37,9.965676132763157
8296,2020-12-12 16:00:00,5041.18,10.135058689238697
8297,2020-12-12 17:00:00,5880.11,10.839186869725417
8298,2020-12-12 18:00:00,6116.67,11.037735690694912
8299,2020-12-12 19:00:00,5643.61,10.640688407773753
8300,2020-12-12 20:00:00,4965.0,10.071119522932237
8301,2020-12-12 21:00:00,4569.5,9.739169663727658
8302,2020-12-12 22:00:00,4688.84,9.839333750194092
8303,2020-12-12 23:00:00,4419.42,9.613204973792328
8304,2020-12-13 00:00:00,4179.02,9.41143317568163
8305,2020-12-13 01:00:00,4063.94,9.314844579481218
8306,2020-12-13 02:00:00,4054.45,9.306879461494235
8307,2020-12-13 03:00:00,4094.38,9.340393387860958
8308,2020-12-13 04:00:00,4315.7,9.526151018301306
8309,2020-12-13 05:00:00,4868.54,9.990159008598802
8310,2020-12-13 06:00:00,5407.44,10.442466920420163
8311,2020-12-13 07:00:00,5528.25,10.543864802823462
8312,2020-12-13 08:00:00,5231.42,10.294730348442437
8313,2020-12-13 09:00:00,5293.31,10.346675675335412
8314,2020-12-13 10:00:00,5464.31,10.490198876154587
8315,2020-12-13 11:00:00,5281.69,10.33692281221542
8316,2020-12-13 12:00:00,5132.09,10.211360994422739
8317,2020-12-13 13:00:00,5077.81,10.165802869624699
8318,2020-12-13 14:00:00,4522.82,9.699990347854914
8319,2020-12-13 15:00:00,4218.68,9.444720486468112
8320,2020-12-13 16:00:00,4408.41,9.603964094020286
8321,2020-12-13 17:00:00,4993.29,10.09486379983969
8322,2020-12-13 18:00:00,5551.29,10.563202665670676
8323,2020-12-13 19:00:00,5091.94,10.177662418323967
8324,2020-12-13 20:00:00,4328.66,9.537028566152864
8325,2020-12-13 21:00:00,4085.42,9.33287310786482
8326,2020-12-13 22:00:00,4242.14,9.464410862440147
8327,2020-12-13 23:00:00,3965.79,9.232465619478868
8328,2020-12-14 00:00:00,3783.45,9.079424564289582
8329,2020-12-14 01:00:00,3721.51,9.027437271548415
8330,2020-12-14 02:00:00,3728.3,9.033136233732987
8331,2020-12-14 03:00:00,3788.58,9.083730260314155
8332,2020-12-14 04:00:00,4133.36,9.373109963112018
8333,2020-12-14 05:00:00,4857.63,9.981002060523146
8334,2020-12-14 06:00:00,5523.02,10.539475175102503
8335,2020-12-14 07:00:00,5432.95,10.463877896168098
8336,2020-12-14 08:00:00,5512.76,10.530863783053352
8337,2020-12-14 09:00:00,5700.28,10.688252500115405
8338,2020-12-14 10:00:00,5689.98,10.679607535387701
8339,2020-12-14 11:00:00,5825.44,10.793301411311475
8340,2020-12-14 12:00:00,5739.21,10.720927109518275
8341,2020-12-14 13:00:00,5650.64,10.646588806029653
8342,2020-12-14 14:00:00,5169.54,10.242793414719102
8343,2020-12-14 15:00:00,5104.76,10.188422461800586
8344,2020-12-14 16:00:00,5415.05,10.448854122515097
8345,2020-12-14 17:00:00,6025.23,10.960988547520028
8346,2020-12-14 18:00:00,6344.17,11.228680299971883
8347,2020-12-14 19:00:00,5853.28,10.816667995585192
8348,2020-12-14 20:00:00,5091.72,10.17747776859192
8349,2020-12-14 21:00:00,4661.0,9.815967165920373
8350,2020-12-14 22:00:00,4771.2,9.908459895337174
8351,2020-12-14 23:00:00,4492.06,9.674172958046743
8352,2020-12-15 00:00:00,4227.34,9.451988971375094
8353,2020-12-15 01:00:00,4111.42,9.354695348925045
8354,2020-12-15 02:00:00,4114.61,9.357372770039742
8355,2020-12-15 03:00:00,4108.98,9.352647415533239
8356,2020-12-15 04:00:00,4339.28,9.545942112309003
8357,2020-12-15 05:00:00,5099.42,10.183940509213603
8358,2020-12-15 06:00:00,5835.92,10.802097453092673
8359,2020-12-15 07:00:00,5855.28,10.818346629512902
8360,2020-12-15 08:00:00,5749.06,10.729194381612244
8361,2020-12-15 09:00:00,5971.31,10.915732576828976
8362,2020-12-15 10:00:00,5854.65,10.817817859825674
8363,2020-12-15 11:00:00,5807.44,10.778193705962089
8364,2020-12-15 12:00:00,5964.23,10.909790212724884
8365,2020-12-15 13:00:00,5664.5,10.658221739148681
8366,2020-12-15 14:00:00,5082.74,10.169940702256504
8367,2020-12-15 15:00:00,5097.03,10.181934541669989
8368,2020-12-15 16:00:00,5544.55,10.557545669334296
8369,2020-12-15 17:00:00,6129.38,11.048403409305507
8370,2020-12-15 18:00:00,6345.88,11.230115531980076
8371,2020-12-15 19:00:00,5862.53,10.824431677500849
8372,2020-12-15 20:00:00,5089.58,10.17568163028927
8373,2020-12-15 21:00:00,4863.41,9.985853312574227
8374,2020-12-15 22:00:00,4933.95,10.045058731204545
8375,2020-12-15 23:00:00,4554.67,9.726722593153692
8376,2020-12-16 00:00:00,4310.53,9.521811749598177
8377,2020-12-16 01:00:00,4197.15,9.426649992236317
8378,2020-12-16 02:00:00,4204.87,9.433129519197276
8379,2020-12-16 03:00:00,4273.5,9.490731842426634
8380,2020-12-16 04:00:00,4563.09,9.733789641989349
8381,2020-12-16 05:00:00,5204.91,10.272480055730647
8382,2020-12-16 06:00:00,5886.54,10.844583677803005
8383,2020-12-16 07:00:00,6061.04,10.99104448799567
8384,2020-12-16 08:00:00,5846.96,10.81136351237363
8385,2020-12-16 09:00:00,5960.48,10.906642774110429
8386,2020-12-16 10:00:00,5857.32,10.820058836119166
8387,2020-12-16 11:00:00,6093.63,11.018397827847696
8388,2020-12-16 12:00:00,6093.84,11.018574084410108
8389,2020-12-16 13:00:00,5760.7,10.738964031071514
8390,2020-12-16 14:00:00,5344.99,10.390051576027428
8391,2020-12-16 15:00:00,5267.6,10.325096836194705
8392,2020-12-16 16:00:00,5709.36,10.695873498147208
8393,2020-12-16 17:00:00,6319.84,11.208259718241296
8394,2020-12-16 18:00:00,6551.48,11.402679099748624
8395,2020-12-16 19:00:00,6109.28,11.031533138332026
8396,2020-12-16 20:00:00,5324.88,10.373172911884309
8397,2020-12-16 21:00:00,4857.12,9.98057400887158
8398,2020-12-16 22:00:00,4897.0,10.01404596939011
8399,2020-12-16 23:00:00,4596.09,9.761487101796558
8400,2020-12-17 00:00:00,4310.15,9.521492809151912
8401,2020-12-17 01:00:00,4194.26,9.424224366210778
8402,2020-12-17 02:00:00,4195.61,9.425357444111981
8403,2020-12-17 03:00:00,4263.05,9.481960980154351
8404,2020-12-17 04:00:00,4547.77,9.720931306103093
8405,2020-12-17 05:00:00,5267.64,10.325130408873259
8406,2020-12-17 06:00:00,6024.26,10.96017441006509
8407,2020-12-17 07:00:00,6049.23,10.981132154652544
8408,2020-12-17 08:00:00,6055.1,10.986058945230372
8409,2020-12-17 09:00:00,6273.29,11.169189513573855
8410,2020-12-17 10:00:00,6269.54,11.166042074959398
8411,2020-12-17 11:00:00,6256.11,11.154770048134829
8412,2020-12-17 12:00:00,6275.01,11.170633138751684
8413,2020-12-17 13:00:00,5971.75,10.916101876293073
8414,2020-12-17 14:00:00,5459.23,10.485935145978203
8415,2020-12-17 15:00:00,5308.8,10.359676695105524
8416,2020-12-17 16:00:00,5748.23,10.728497748532245
8417,2020-12-17 17:00:00,6213.87,11.1193172995816
8418,2020-12-17 18:00:00,6161.46,11.07532869750597
8419,2020-12-17 19:00:00,5968.16,10.913088728392834
8420,2020-12-17 20:00:00,5532.9,10.547767626705387
8421,2020-12-17 21:00:00,5180.41,10.251916790116203
8422,2020-12-17 22:00:00,5231.06,10.294428194335449
8423,2020-12-17 23:00:00,4833.01,9.960338076873041
8424,2020-12-18 00:00:00,4510.85,9.689943723797574
8425,2020-12-18 01:00:00,4385.35,9.584609444833795
8426,2020-12-18 02:00:00,4457.01,9.644754898463631
8427,2020-12-18 03:00:00,4492.46,9.674508684832283
8428,2020-12-18 04:00:00,4829.24,9.957173851919308
8429,2020-12-18 05:00:00,5438.27,10.468343062415807
8430,2020-12-18 06:00:00,6223.62,11.127500639979186
8431,2020-12-18 07:00:00,6370.01,11.25036825031789
8432,2020-12-18 08:00:00,6113.8,11.035326851008648
8433,2020-12-18 09:00:00,6127.61,11.046917818279484
8434,2020-12-18 10:00:00,6216.47,11.121499523687623
8435,2020-12-18 11:00:00,6570.59,11.41871844692789
8436,2020-12-18 12:00:00,6483.53,11.34564751205469
8437,2020-12-18 13:00:00,6025.74,10.961416599171594
8438,2020-12-18 14:00:00,5478.56,10.502159142889518
8439,2020-12-18 15:00:00,5374.6,10.41490375132717
8440,2020-12-18 16:00:00,5852.83,10.816290302951458
8441,2020-12-18 17:00:00,6464.01,11.329264044920244
8442,2020-12-18 18:00:00,6762.36,11.579674261086328
8443,2020-12-18 19:00:00,6309.06,11.19921188137094
8444,2020-12-18 20:00:00,5580.5,10.587719114184877
8445,2020-12-18 21:00:00,5199.62,10.268040068991855
8446,2020-12-18 22:00:00,5216.68,10.282358816395217
8447,2020-12-18 23:00:00,4869.99,9.99137601819639
8448,2020-12-19 00:00:00,4555.74,9.727620662305016
8449,2020-12-19 01:00:00,4442.16,9.632291041550387
8450,2020-12-19 02:00:00,4449.61,9.638543952931105
8451,2020-12-19 03:00:00,4439.94,9.630427757890628
8452,2020-12-19 04:00:00,4851.48,9.975840261195438
8453,2020-12-19 05:00:00,5602.24,10.60596586497908
8454,2020-12-19 06:00:00,6321.69,11.209812454624426
8455,2020-12-19 07:00:00,6391.27,11.268212128969445
8456,2020-12-19 08:00:00,6428.89,11.299787233149663
8457,2020-12-19 09:00:00,6408.19,11.282413371997869
8458,2020-12-19 10:00:00,6548.65,11.400303832740915
8459,2020-12-19 11:00:00,6406.71,11.281171182891363
8460,2020-12-19 12:00:00,6201.17,11.108657974140645
8461,2020-12-19 13:00:00,5768.63,10.745619814594882
8462,2020-12-19 14:00:00,5500.58,10.5206409024336
8463,2020-12-19 15:00:00,5409.62,10.444296631401365
8464,2020-12-19 16:00:00,5916.07,10.869368707745636
8465,2020-12-19 17:00:00,6439.56,11.308742745153994
8466,2020-12-19 18:00:00,6705.9,11.532286425307085
8467,2020-12-19 19:00:00,6289.14,11.182492687450953
8468,2020-12-19 20:00:00,5508.39,10.527195967921307
8469,2020-12-19 21:00:00,5113.93,10.196118998359136
8470,2020-12-19 22:00:00,5238.41,10.300597174019781
8471,2020-12-19 23:00:00,4840.35,9.966498663387735
8472,2020-12-20 00:00:00,4536.01,9.71106093860816
8473,2020-12-20 01:00:00,4406.57,9.602419750806792
8474,2020-12-20 02:00:00,4412.83,9.607673875000525
8475,2020-12-20 03:00:00,4498.76,9.67979638170457
8476,2020-12-20 04:00:00,4777.8,9.913999387298617
8477,2020-12-20 05:00:00,5514.6,10.532408126266844
8478,2020-12-20 06:00:00,6128.07,11.047303904082856
8479,2020-12-20 07:00:00,6177.0,11.088371683124272
8480,2020-12-20 08:00:00,5926.73,10.878315826580328
8481,2020-12-20 09:00:00,6164.4,11.077796289379702
8482,2020-12-20 10:00:00,5782.58,10.757328286240657
8483,2020-12-20 11:00:00,5546.02,10.558779465271163
8484,2020-12-20 12:00:00,5534.94,10.54947983331165
8485,2020-12-20 13:00:00,5136.22,10.214827373483459
8486,2020-12-20 14:00:00,4623.27,9.784299736874132
8487,2020-12-20 15:00:00,4811.1,9.941948642194982
8488,2020-12-20 16:00:00,5069.92,10.159180658779885
8489,2020-12-20 17:00:00,5546.4,10.559098405717426
8490,2020-12-20 18:00:00,5739.21,10.720927109518275
8491,2020-12-20 19:00:00,5388.79,10.426813659044269
8492,2020-12-20 20:00:00,4839.78,9.966020252718337
8493,2020-12-20 21:00:00,4395.97,9.593522990989932
8494,2020-12-20 22:00:00,4623.96,9.784878865579191
8495,2020-12-20 23:00:00,4345.13,9.550852116547553
8496,2020-12-21 00:00:00,4108.23,9.352017927810348
8497,2020-12-21 01:00:00,4033.12,9.288976830655212
8498,2020-12-21 02:00:00,4036.85,9.29210748293039
8499,2020-12-21 03:00:00,4139.87,9.378573916546713
8500,2020-12-21 04:00:00,4481.03,9.664915291935422
8501,2020-12-21 05:00:00,5385.12,10.423733365786923
8502,2020-12-21 06:00:00,6071.86,11.000125897544578
8503,2020-12-21 07:00:00,6200.85,11.108389392712212
8504,2020-12-21 08:00:00,6484.32,11.346310572456135
8505,2020-12-21 09:00:00,6562.85,11.412222133627655
8506,2020-12-21 10:00:00,6397.92,11.273793586779078
8507,2020-12-21 11:00:00,6385.95,11.263746962721736
8508,2020-12-21 12:00:00,6271.3,11.167519272815783
8509,2020-12-21 13:00:00,5995.06,10.935666354720528
8510,2020-12-21 14:00:00,5542.52,10.555841855897672
8511,2020-12-21 15:00:00,5404.88,10.440318268992694
8512,2020-12-21 16:00:00,5806.26,10.777203311944739
8513,2020-12-21 17:00:00,6294.03,11.186596947404201
8514,2020-12-21 18:00:00,6673.35,11.504966658133611
8515,2020-12-21 19:00:00,6137.68,11.055369740105501
8516,2020-12-21 20:00:00,5433.28,10.46415487076617
8517,2020-12-21 21:00:00,5031.12,10.126615160582318
8518,2020-12-21 22:00:00,5219.95,10.285103382867023
8519,2020-12-21 23:00:00,4860.62,9.983511618245071
8520,2020-12-22 00:00:00,4604.94,9.768915056926673
8521,2020-12-22 01:00:00,4468.67,9.654541334262177
8522,2020-12-22 02:00:00,4509.26,9.688609209825044
8523,2020-12-22 03:00:00,4578.76,9.746941738812954
8524,2020-12-22 04:00:00,4929.43,10.041265018527922
8525,2020-12-22 05:00:00,5656.4,10.651423271741457
8526,2020-12-22 06:00:00,6249.62,11.14932288103941
8527,2020-12-22 07:00:00,6377.14,11.256352580270176
8528,2020-12-22 08:00:00,6292.54,11.185346365128058
8529,2020-12-22 09:00:00,6559.08,11.40905790867392
8530,2020-12-22 10:00:00,6401.0,11.276378683027751
8531,2020-12-22 11:00:00,6411.5,11.285191511148227
8532,2020-12-22 12:00:00,6268.15,11.16487542437964
8533,2020-12-22 13:00:00,5967.18,10.912266197768256
8534,2020-12-22 14:00:00,5476.03,10.500035670970963
8535,2020-12-22 15:00:00,5435.74,10.466219590497253
8536,2020-12-22 16:00:00,5968.71,10.913550352722954
8537,2020-12-22 17:00:00,6352.37,11.235562699075492
8538,2020-12-22 18:00:00,6681.41,11.51173155286228
8539,2020-12-22 19:00:00,6107.6,11.030123085832749
8540,2020-12-22 20:00:00,5454.54,10.481998749417723
8541,2020-12-22 21:00:00,5270.95,10.327908548023618
8542,2020-12-22 22:00:00,5235.02,10.297751889512316
8543,2020-12-22 23:00:00,4891.69,10.00958919631204
8544,2020-12-23 00:00:00,4556.13,9.72794799592092
8545,2020-12-23 01:00:00,4422.16,9.61550470227329
8546,2020-12-23 02:00:00,4472.09,9.657411798278561
8547,2020-12-23 03:00:00,4511.92,9.690841792948898
8548,2020-12-23 04:00:00,4890.52,10.008607195464332
8549,2020-12-23 05:00:00,5633.77,10.632429528849423
8550,2020-12-23 06:00:00,6342.25,11.227068811401281
8551,2020-12-23 07:00:00,6406.8,11.28124672141811
8552,2020-12-23 08:00:00,6442.44,11.311159978009895
8553,2020-12-23 09:00:00,6543.09,11.395637230421883
8554,2020-12-23 10:00:00,6500.27,11.359697678029619
8555,2020-12-23 11:00:00,6500.0,11.35947106244938
8556,2020-12-23 12:00:00,6359.91,11.241891148982958
8557,2020-12-23 13:00:00,5945.34,10.893935515277667
8558,2020-12-23 14:00:00,5430.45,10.461779603758462
8559,2020-12-23 15:00:00,5434.24,10.46496061505147
8560,2020-12-23 16:00:00,6034.22,10.968534007025083
8561,2020-12-23 17:00:00,6452.15,11.319309745728926
8562,2020-12-23 18:00:00,6568.92,11.417316787598253
8563,2020-12-23 19:00:00,6163.43,11.076982151924764
8564,2020-12-23 20:00:00,5617.6,10.61885777354389
8565,2020-12-23 21:00:00,5135.12,10.21390412482322
8566,2020-12-23 22:00:00,5218.59,10.28396191179618
8567,2020-12-23 23:00:00,4887.08,10.00571994510867
8568,2020-12-24 00:00:00,4578.15,9.746429755465002
8569,2020-12-24 01:00:00,4437.95,9.628757517132557
8570,2020-12-24 02:00:00,4474.73,9.659627595063137
8571,2020-12-24 03:00:00,4589.03,9.755561524031743
8572,2020-12-24 04:00:00,4881.06,10.000667256986265
8573,2020-12-24 05:00:00,5711.09,10.697325516494676
8574,2020-12-24 06:00:00,6549.63,11.401126363365492
8575,2020-12-24 07:00:00,6403.36,11.27835947106245
8576,2020-12-24 08:00:00,6433.16,11.303371116585323
8577,2020-12-24 09:00:00,6522.52,11.37837248047539
8578,2020-12-24 10:00:00,6529.59,11.384306451409842
8579,2020-12-24 11:00:00,6426.23,11.297554650025809
8580,2020-12-24 12:00:00,6247.37,11.147434417870738
8581,2020-12-24 13:00:00,5921.33,10.873783514975512
8582,2020-12-24 14:00:00,5430.48,10.461804783267377
8583,2020-12-24 15:00:00,5404.29,10.43982307198402
8584,2020-12-24 16:00:00,5912.83,10.866649320782747
8585,2020-12-24 17:00:00,6409.3,11.283345013827747
8586,2020-12-24 18:00:00,6606.1,11.448522592314376
8587,2020-12-24 19:00:00,6161.03,11.074967791211511
8588,2020-12-24 20:00:00,5444.27,10.473378964198936
8589,2020-12-24 21:00:00,5092.41,10.17805689729698
8590,2020-12-24 22:00:00,5237.9,10.300169122368217
8591,2020-12-24 23:00:00,4937.24,10.047820084015628
8592,2020-12-25 00:00:00,4625.65,9.786297311248106
8593,2020-12-25 01:00:00,4473.08,9.658242722072778
8594,2020-12-25 02:00:00,4483.05,9.66661071220241
8595,2020-12-25 03:00:00,4556.21,9.728015141278028
8596,2020-12-25 04:00:00,4929.36,10.041206266340453
8597,2020-12-25 05:00:00,5700.64,10.688554654222393
8598,2020-12-25 06:00:00,6362.49,11.244056586749704
8599,2020-12-25 07:00:00,6422.08,11.29407148462581
8600,2020-12-25 08:00:00,6316.84,11.205741767349732
8601,2020-12-25 09:00:00,6505.16,11.36380193798287
8602,2020-12-25 10:00:00,6363.04,11.244518211079823
8603,2020-12-25 11:00:00,6310.39,11.200328172932867
8604,2020-12-25 12:00:00,6218.14,11.12290118301726
8605,2020-12-25 13:00:00,5902.79,10.858222578465645
8606,2020-12-25 14:00:00,5504.38,10.523830306896247
8607,2020-12-25 15:00:00,5299.09,10.351526927386493
8608,2020-12-25 16:00:00,5835.74,10.80194637603918
8609,2020-12-25 17:00:00,6265.87,11.162961781702052
8610,2020-12-25 18:00:00,6522.94,11.378724993600208
8611,2020-12-25 19:00:00,5874.61,10.834570626424217
8612,2020-12-25 20:00:00,5343.57,10.388859745938754
8613,2020-12-25 21:00:00,5017.54,10.11521723621317
8614,2020-12-25 22:00:00,5177.39,10.249382052885363
8615,2020-12-25 23:00:00,4874.83,9.995438312301449
8616,2020-12-26 00:00:00,4587.6,9.75436130077343
8617,2020-12-26 01:00:00,4446.44,9.635883318155685
8618,2020-12-26 02:00:00,4472.53,9.657781097742657
8619,2020-12-26 03:00:00,4552.32,9.724750198288632
8620,2020-12-26 04:00:00,4832.13,9.959599477944849
8621,2020-12-26 05:00:00,5579.03,10.586485318248009
8622,2020-12-26 06:00:00,6254.63,11.153527859028323
8623,2020-12-26 07:00:00,6328.47,11.215503023639362
8624,2020-12-26 08:00:00,6337.97,11.223476534795983
8625,2020-12-26 09:00:00,6487.01,11.348568335088904
8626,2020-12-26 10:00:00,6318.43,11.20707628132226
8627,2020-12-26 11:00:00,6401.34,11.276664050795464
8628,2020-12-26 12:00:00,6272.28,11.16834180344036
8629,2020-12-26 13:00:00,5914.14,10.867748826005396
8630,2020-12-26 14:00:00,5459.41,10.486086223031696
8631,2020-12-26 15:00:00,5364.5,10.406426649992236
8632,2020-12-26 16:00:00,5818.66,10.787610842296539
8633,2020-12-26 17:00:00,6227.66,11.130891480513158
8634,2020-12-26 18:00:00,6592.19,11.436847693347154
8635,2020-12-26 19:00:00,6062.95,10.992647583396632
8636,2020-12-26 20:00:00,5352.83,10.396631821024052
8637,2020-12-26 21:00:00,5003.59,10.103508764567394
8638,2020-12-26 22:00:00,5212.5,10.278850471486304
8639,2020-12-26 23:00:00,4917.59,10.03132750567588
8640,2020-12-27 00:00:00,4612.15,9.774966532236066
8641,2020-12-27 01:00:00,4436.17,9.627263532936896
8642,2020-12-27 02:00:00,4431.1,9.623008195930153
8643,2020-12-27 03:00:00,4517.98,9.695928053749858
8644,2020-12-27 04:00:00,4782.5,9.917944177028733
8645,2020-12-27 05:00:00,5400.11,10.436314727075105
8646,2020-12-27 06:00:00,5950.63,10.89837550201646
8647,2020-12-27 07:00:00,6130.57,11.049402196492494
8648,2020-12-27 08:00:00,5702.61,10.690208108641187
8649,2020-12-27 09:00:00,5877.44,10.836945893431924
8650,2020-12-27 10:00:00,5608.07,10.610859082878353
8651,2020-12-27 11:00:00,5567.07,10.576447087360306
8652,2020-12-27 12:00:00,5596.62,10.601248903642215
8653,2020-12-27 13:00:00,5329.84,10.37733592402503
8654,2020-12-27 14:00:00,4764.25,9.902626642438383
8655,2020-12-27 15:00:00,4643.74,9.80148055512424
8656,2020-12-27 16:00:00,4891.5,10.009429726088909
8657,2020-12-27 17:00:00,5560.47,10.570907595398864
8658,2020-12-27 18:00:00,5585.27,10.591722656102464
8659,2020-12-27 19:00:00,5056.5,10.147917025124954
8660,2020-12-27 20:00:00,4524.8,9.701652195443348
8661,2020-12-27 21:00:00,4142.26,9.380579884090327
8662,2020-12-27 22:00:00,4319.42,9.529273277406846
8663,2020-12-27 23:00:00,4081.85,9.329876746303858
8664,2020-12-28 00:00:00,3903.33,9.180041881916496
8665,2020-12-28 01:00:00,3829.96,9.118461196278469
8666,2020-12-28 02:00:00,3791.84,9.086466433616323
8667,2020-12-28 03:00:00,3889.73,9.16862717120807
8668,2020-12-28 04:00:00,4246.95,9.468447977036288
8669,2020-12-28 05:00:00,4874.66,9.995295628417594
8670,2020-12-28 06:00:00,5788.47,10.762271863157762
8671,2020-12-28 07:00:00,6306.16,11.196777862175761
8672,2020-12-28 08:00:00,6179.0,11.090050317051983
8673,2020-12-28 09:00:00,6142.59,11.05949078639803
8674,2020-12-28 10:00:00,6119.88,11.040429898148886
8675,2020-12-28 11:00:00,6101.66,11.025137543067451
8676,2020-12-28 12:00:00,5967.01,10.912123513884401
8677,2020-12-28 13:00:00,5791.59,10.764890532084989
8678,2020-12-28 14:00:00,5250.17,10.310467541514715
8679,2020-12-28 15:00:00,5235.59,10.298230300181713
8680,2020-12-28 16:00:00,5623.82,10.624078325059067
8681,2020-12-28 17:00:00,6048.57,10.9805782054564
8682,2020-12-28 18:00:00,6679.69,11.51028792768445
8683,2020-12-28 19:00:00,5961.32,10.907347800360068
8684,2020-12-28 20:00:00,5442.34,10.471759082458695
8685,2020-12-28 21:00:00,5160.3,10.235038125973084
8686,2020-12-28 22:00:00,5229.37,10.293009748666535
8687,2020-12-28 23:00:00,4888.18,10.00664319376891
8688,2020-12-29 00:00:00,4629.08,9.789176168434128
8689,2020-12-29 01:00:00,4425.83,9.618584995530636
8690,2020-12-29 02:00:00,4359.82,9.563181682746581
8691,2020-12-29 03:00:00,4471.38,9.656815883234223
8692,2020-12-29 04:00:00,4954.58,10.06237384016887
8693,2020-12-29 05:00:00,5666.36,10.65978286870145
8694,2020-12-29 06:00:00,6194.85,11.103353490929083
8695,2020-12-29 07:00:00,6194.55,11.103101695839925
8696,2020-12-29 08:00:00,6120.01,11.040539009354188
8697,2020-12-29 09:00:00,6508.35,11.366479359097568
8698,2020-12-29 10:00:00,6311.54,11.2012933874413
8699,2020-12-29 11:00:00,6314.84,11.204063133422022
8700,2020-12-29 12:00:00,6166.46,11.079525282325243
8701,2020-12-29 13:00:00,5939.23,10.888807288628513
8702,2020-12-29 14:00:00,5470.0,10.494974589678918
8703,2020-12-29 15:00:00,5300.71,10.352886620867938
8704,2020-12-29 16:00:00,5806.58,10.777471893373173
8705,2020-12-29 17:00:00,6465.79,11.330758029115906
8706,2020-12-29 18:00:00,6663.41,11.496623847512893
8707,2020-12-29 19:00:00,6411.22,11.284956502398348
8708,2020-12-29 20:00:00,6640.79,11.477638497790497
8709,2020-12-29 21:00:00,5941.32,10.89056146108297
8710,2020-12-29 22:00:00,5185.06,10.255819613998128
8711,2020-12-29 23:00:00,4819.77,9.949225520271604
8712,2020-12-30 00:00:00,4515.23,9.693619932099256
8713,2020-12-30 01:00:00,4415.38,9.609814133258354
8714,2020-12-30 02:00:00,4387.6,9.586497908002467
8715,2020-12-30 03:00:00,4453.49,9.641800502750861
8716,2020-12-30 04:00:00,4572.09,9.741343494664042
8717,2020-12-30 05:00:00,5302.4,10.354305066536853
8718,2020-12-30 06:00:00,6013.88,10.951462299980276
8719,2020-12-30 07:00:00,6276.9,11.172219447813369
8720,2020-12-30 08:00:00,6112.64,11.034353243330578
8721,2020-12-30 09:00:00,6357.16,11.239583027332356
8722,2020-12-30 10:00:00,6422.79,11.294667399670148
8723,2020-12-30 11:00:00,6381.67,11.260154686116438
8724,2020-12-30 12:00:00,6285.04,11.179051487899148
8725,2020-12-30 13:00:00,5970.2,10.914800934999098
8726,2020-12-30 14:00:00,5554.62,10.565997591160313
8727,2020-12-30 15:00:00,5876.39,10.836064610619879
8728,2020-12-30 16:00:00,5843.41,10.808383937151945
8729,2020-12-30 17:00:00,6397.93,11.273801979948718
8730,2020-12-30 18:00:00,6688.42,11.517615164778903
8731,2020-12-30 19:00:00,6246.47,11.146679032603267
8732,2020-12-30 20:00:00,5585.25,10.591705869763187
8733,2020-12-30 21:00:00,5397.27,10.43393106689776
8734,2020-12-30 22:00:00,5228.4,10.292195611211596
8735,2020-12-30 23:00:00,4837.67,9.964249293924604
8736,2020-12-31 00:00:00,4467.88,9.653878273860732
8737,2020-12-31 01:00:00,4293.38,9.507417463668066
8738,2020-12-31 02:00:00,4283.67,9.499267695949037
8739,2020-12-31 03:00:00,4319.13,9.529029875487328
8740,2020-12-31 04:00:00,4440.82,9.63116635681882
8741,2020-12-31 05:00:00,5004.69,10.104432013227635
8742,2020-12-31 06:00:00,5851.88,10.815492951835797
8743,2020-12-31 07:00:00,5866.77,10.827990381427595
8744,2020-12-31 08:00:00,6038.13,10.971815736353754
8745,2020-12-31 09:00:00,6112.86,11.034537893062625
8746,2020-12-31 10:00:00,6194.96,11.103445815795105
8747,2020-12-31 11:00:00,6192.02,11.100978223921373
8748,2020-12-31 12:00:00,6229.45,11.132393857878458
8749,2020-12-31 13:00:00,5880.64,10.839631707716261
8750,2020-12-31 14:00:00,5527.41,10.543159776573823
8751,2020-12-31 15:00:00,5722.35,10.706776225507681
8752,2020-12-31 16:00:00,5776.47,10.752200059591505
8753,2020-12-31 17:00:00,6355.83,11.23846673577043
8754,2020-12-31 18:00:00,6564.85,11.413900767555365
8755,2020-12-31 19:00:00,6162.87,11.076512134425005
8756,2020-12-31 20:00:00,5551.33,10.563236238349232
8757,2020-12-31 21:00:00,5402.87,10.438631241895346
8758,2020-12-31 22:00:00,5092.5,10.178132435823727
8759,2020-12-31 23:00:00,4761.19,9.900058332528987
