hour,Row_Distance,ColperSCA,W_aperture,L_SCA,best_fitness
1,5.0,8,9.910708521983885,62.412948962453186,-30.71626757181025
2,12.576262302050175,2,8.967605093067897,42.97313030972796,-29.585847202801197
3,5.9788436224026595,3,8.27068871758085,62.412948962453186,-31.578237713449635
4,12.576262302050175,2,8.967605093067897,42.97313030972796,-29.42283658714514
5,13.780437457731862,3,8.143759196712686,65.54779880765416,-39.1552605146685
6,5.0,4,9.910708521983885,62.412948962453186,-33.863472049892984
7,12.576262302050175,2,8.967605093067897,42.97313030972796,-34.57992261014074
8,11.42791766245793,2,8.967605093067897,42.97313030972796,-43.05350859521129
